Seq No,Itm Code,Function Description,Opn Qty,Pur Qty 01,Sal Qty 01,Bal Qty 01,Pur Qty 02,Sal Qty 02,Bal Qty 02,Pur Qty 03,Sal Qty 03,Bal Qty 03,Pur Qty 04,Sal Qty 04,Bal Qty 04,Pur Qty 05,Sal Qty 05,Bal Qty 05,Pur Qty 06,Sal Qty 06,Bal Qty 06,Pur Qty 07,Sal Qty 07,Bal Qty 07,Pur Qty 08,Sal Qty 08,Bal Qty 08,Pur Qty 09,Sal Qty 09,Bal Qty 09,Pur Qty 10,Sal Qty 10,Bal Qty 10,Pur Qty 11,Sal Qty 11,Bal Qty 11,Pur Qty 12,Sal Qty 12,Bal Qty 12
1,GAB83155 ,SHOCK ABSORBER,0,0,0,0,0,0,0,0,0,0,0,0,0,0,0,0,0,0,0,0,0,0,0,0,0,0,0,0,0,0,0,0,0,0,0,0,0
2,GAB14010 ,SHOCK ABSORBER,0,0,0,0,0,0,0,0,0,0,0,0,0,0,0,0,0,0,0,0,0,0,0,0,0,0,0,0,0,0,0,0,0,0,0,0,0
3,GAB14017 ,SHOCK ABSORBER,0,50,0,50,0,0,50,0,3,47,40,0,87,0,2,85,10,1,94,50,1,43,0,0,43,0,2,41,0,3,38,0,2,36,0,12,24
4,GAB14040 ,SHOCK ABSORBER,12,0,1,11,0,1,10,0,0,10,0,2,8,0,1,7,0,1,6,0,1,5,0,1,4,0,1,3,20,0,23,0,1,22,0,1,21
5,GAB14074 ,SHOCK ABSORBER,0,5,0,5,0,1,4,0,0,4,5,0,9,0,0,9,0,1,8,0,0,8,0,1,7,0,1,6,0,3,3,0,2,1,0,0,1
6,GAB14075 ,SHOCK ABSORBER,0,0,0,0,0,0,0,0,0,0,0,0,0,0,0,0,0,0,0,1,1,0,0,0,0,0,0,0,0,0,0,0,0,0,0,0,0
7,GAB32041 ,SHOCK ABSORBER,0,0,0,0,0,0,0,0,0,0,0,0,0,0,0,0,0,0,0,0,0,0,0,0,0,0,0,0,0,0,0,0,0,0,0,0,0
8,GAB341240 ,SHOCK ABSORBER,0,0,0,0,0,0,0,0,0,0,0,0,0,0,0,0,0,0,0,0,0,0,0,0,0,0,0,0,0,0,0,0,0,0,0,0,0
9,GAB42082 ,SHOCK ABSORBER,2,0,0,0,0,0,0,0,0,0,0,0,0,0,0,0,0,0,0,0,0,0,0,0,0,0,0,0,0,0,0,0,0,0,0,0,0
10,GAB43167 ,SHOCK ABOSRBER,0,0,0,0,0,0,0,0,0,0,0,0,0,0,0,0,0,0,0,0,0,0,0,0,0,0,0,0,0,0,0,0,0,0,0,0,0
11,GAB51718 ,SHOCK ABSORBER,65,0,11,54,0,2,52,0,2,50,0,4,46,0,2,44,0,2,42,0,4,38,0,4,34,0,2,32,0,4,28,0,5,23,0,2,21
12,GAB51719 ,SHOCK ABSORBER,0,0,0,0,0,0,0,0,0,0,0,0,0,0,0,0,0,0,0,0,0,0,0,0,0,0,0,0,0,0,0,0,0,0,0,0,0
13,GAB51720 ,SHOCK ABSORBER,54,0,8,46,60,0,106,0,2,104,0,4,100,0,0,100,0,0,100,0,0,100,0,0,100,0,0,100,0,0,100,0,0,100,0,6,94
14,GAB51721 ,SHOCK ABSORBER,19,0,0,19,0,2,17,0,0,17,0,0,17,0,0,17,0,0,17,0,2,15,0,6,9,0,0,9,0,4,5,0,0,5,0,0,5
15,GAB51723 ,SHOCK ABSORBER,18,0,0,18,0,0,18,0,0,18,0,0,18,0,0,18,0,0,18,0,0,18,0,0,18,0,0,18,0,0,18,0,0,18,0,0,18
16,GAB51724 ,SHOCK ABSORBER,3,0,0,3,0,0,3,0,0,3,0,0,3,0,0,3,0,0,3,0,0,3,0,0,3,0,0,3,0,0,3,0,0,3,0,0,3
17,GAB51728 ,SHOCK ABSORBER,6,0,0,6,0,0,6,0,0,6,0,0,6,0,0,6,0,0,6,0,0,6,0,0,6,0,0,6,0,0,6,0,0,6,0,0,6
18,GAB51729 ,SHOCK ABSORBER,10,0,2,8,30,0,38,0,2,36,0,0,36,0,0,36,0,2,34,0,0,34,0,0,34,0,0,34,0,0,34,0,2,32,0,4,28
19,GAB51778 ,SHOCK ABSORBER,48,0,5,43,0,2,41,0,0,41,0,4,37,0,0,37,0,1,36,0,0,36,0,0,36,0,6,30,0,4,26,0,10,16,0,10,6
20,GAB51860 ,SHOCK ABSORBER,10,0,0,10,40,2,48,0,0,48,0,2,46,0,2,44,0,2,42,0,2,40,0,2,38,0,0,38,0,2,36,0,2,34,0,4,30
21,GAB51861 ,SHOCK ABSORBER,6,0,0,6,60,0,66,0,0,66,0,2,64,0,4,60,0,2,58,0,4,51,0,4,47,0,2,45,0,4,41,0,8,33,0,4,29
22,GAB51870 ,SHOCK ABSORBER,0,0,0,0,0,0,0,0,0,0,0,0,0,0,0,0,0,0,0,0,0,0,0,0,0,0,0,0,0,0,0,0,0,0,0,0,0
23,GAB51887 ,SHOCK ABSORBER,110,0,22,88,0,16,72,0,8,64,0,0,64,0,20,44,0,6,38,0,8,30,0,13,17,0,6,11,0,4,7,0,4,3,0,0,3
24,GAB51891 ,SHOCK ABSORBER,166,0,14,152,300,34,418,0,32,386,0,88,298,0,81,217,0,66,151,0,33,118,0,34,84,0,68,16,6,16,6,12,14,4,6,4,6
25,GAB51916 ,SHOCK ABSORBER,0,0,0,0,0,0,0,0,0,0,0,0,0,0,0,0,0,0,0,0,0,0,0,0,0,0,0,0,6,0,6,0,2,4,0,2,2
26,GAB51949 ,SHOCK ABSORBER,15,20,6,29,0,6,23,0,3,20,0,2,18,0,4,14,0,6,8,0,2,6,0,4,2,0,0,2,40,0,42,0,6,36,0,4,32
27,GAB51960 ,SHOCK ABSORBER,0,0,0,0,0,0,0,0,0,0,0,0,0,0,0,0,0,0,0,0,0,0,0,0,0,0,0,0,0,0,0,0,0,0,0,0,0
28,GAB52025 ,SHOCK ABSORBER,18,0,0,18,0,2,16,0,0,16,0,1,15,0,1,14,0,0,14,0,2,12,0,0,12,0,4,8,0,0,8,0,2,6,0,0,6
29,GAB52028 ,SHOCK ABSORBER,1,0,0,1,0,0,1,0,0,1,0,0,1,0,0,1,0,0,1,0,0,1,0,0,1,0,0,1,0,0,1,0,0,1,0,0,1
30,GAB52029 ,SHOCK ABSORBER,0,0,0,0,0,0,0,0,0,0,0,0,0,0,0,0,0,0,0,0,0,0,0,0,0,0,0,0,0,0,0,0,0,0,0,0,0
31,GAB52125 ,SHOCK ABSORBER,23,0,2,21,0,2,19,0,2,17,0,0,17,0,0,17,0,2,15,0,4,11,0,0,11,0,0,11,0,2,9,0,4,5,0,0,5
32,GAB52125-X ,SHOCK ABSORBER,0,0,0,0,0,0,0,0,0,0,0,0,0,0,0,0,0,0,0,0,0,0,0,0,0,0,0,0,0,0,0,0,0,0,0,0,0
33,GAB52127 ,SHOCK ABSORBER,10,0,0,10,0,0,10,0,0,10,0,0,10,0,0,10,0,0,10,0,0,10,0,0,10,0,0,10,0,0,10,0,1,9,0,1,8
34,GAB52128 ,SHOCK ABSORBER,13,0,0,13,0,0,13,0,0,13,0,0,13,0,0,13,0,0,13,0,0,13,0,0,13,0,0,13,0,0,13,0,1,12,0,0,12
35,GAB52278 ,SHOCK ABSORBER,5,12,1,16,0,1,15,0,2,13,0,4,9,0,1,8,0,1,7,0,6,0,0,0,0,0,0,0,16,0,16,0,3,13,0,2,11
36,GAB52279 ,SHOCK ABSORBER,4,12,1,15,0,1,14,0,2,12,0,3,9,0,1,8,0,1,7,0,6,1,0,0,1,0,0,1,10,0,11,0,3,8,0,2,6
37,GAB52351 ,SHOCK ABSORBER,15,0,0,15,0,0,15,0,1,14,0,0,14,0,0,14,0,0,14,0,0,14,0,1,13,0,2,11,0,1,10,0,0,10,0,0,10
38,GAB52352 ,SHOCK ABSORBER,10,0,1,9,0,1,8,0,1,7,0,0,7,0,0,7,0,0,7,0,0,7,0,1,6,0,2,4,0,1,3,0,0,3,0,0,3
39,GAB52406 ,SHOCK ABSORBER,10,0,0,10,0,0,10,0,0,10,0,0,10,0,0,10,0,0,10,0,0,10,0,0,10,0,0,10,0,0,10,0,0,10,0,0,10
40,GAB52889 ,SHOCK ABSORBER,11,0,0,11,24,1,34,0,1,33,0,0,33,0,1,32,0,0,32,0,1,31,0,0,31,0,4,27,0,5,22,0,2,20,0,0,20
41,GAB52890 ,SHOCK ABSORBER,7,0,0,7,24,1,30,0,1,29,0,0,29,0,1,28,0,1,27,0,1,26,0,0,26,0,4,22,0,3,19,0,2,17,0,1,16
42,GAB55514 ,SHOCK ABSORBER,0,0,0,0,0,0,0,0,0,0,0,0,0,0,0,0,0,0,0,0,0,0,0,0,0,0,0,0,0,0,0,0,0,0,0,0,0
43,GAB55551 ,SHOCK ABSORBER,10,0,0,10,0,0,10,0,0,10,0,0,10,0,0,10,0,6,4,0,0,4,0,0,4,0,0,4,0,0,4,0,0,4,0,0,4
44,GAB55674 ,SHOCK ABSORBER,0,0,0,0,0,0,0,0,0,0,0,0,0,0,0,0,0,0,0,0,0,0,0,0,0,0,0,0,0,0,0,0,0,0,0,0,0
45,GAB55674L ,SHOCK ABSORBER,38,0,0,38,0,0,38,0,1,37,0,1,36,0,0,36,0,0,36,0,0,36,0,0,36,0,2,34,0,3,31,0,2,29,0,2,27
46,GAB55674R ,SHOCK ABSORBER,34,0,0,34,0,0,34,0,1,33,0,1,32,0,0,32,0,0,32,0,0,32,0,1,31,0,2,29,0,3,26,0,2,24,0,2,22
47,GAB55681 ,SHOCK ABSORBER,0,0,0,0,0,0,0,0,0,0,0,0,0,0,0,0,0,0,0,0,0,0,16,0,16,0,10,6,0,0,6,0,6,0,0,0,0
48,GAB55948 ,SHOCK ABSORBER,1,0,0,1,0,0,1,0,0,1,0,0,1,0,0,1,0,0,1,0,0,1,0,0,1,0,0,1,0,0,1,0,0,1,0,0,1
49,GAB56807 ,SHOCK ABSORBER,0,4,0,4,0,0,4,0,0,4,4,0,8,0,0,8,0,2,6,0,0,6,0,0,6,0,0,6,0,0,6,0,0,6,0,0,6
50,GAB56817 ,SHOCK ABSORBER,4,0,0,4,16,0,20,0,0,20,0,0,20,0,2,18,0,3,15,0,0,15,0,0,15,0,0,15,0,0,15,0,6,9,0,2,7
51,GAB56823 ,SHOCK ABSORBER,27,0,1,26,20,1,45,0,2,43,0,2,41,0,2,39,0,2,37,0,5,32,0,6,26,0,5,21,0,4,17,0,7,10,0,4,6
52,GAB56824 ,SHOCK ABSORBER,25,0,3,22,20,1,41,0,2,39,0,2,37,0,2,35,0,2,33,0,5,28,0,6,22,0,5,17,0,3,14,0,9,5,0,4,1
53,GAB56838 ,SHOCK ABSORBER,26,0,2,24,0,0,24,0,0,24,0,0,24,0,0,24,0,0,24,0,0,24,0,0,24,0,0,24,0,0,24,0,0,24,0,0,24
54,GAB56839 ,SHOCK ABSORBER,2,6,0,8,0,0,8,0,0,8,0,0,8,0,2,6,0,0,6,0,0,6,0,0,6,0,0,6,0,0,6,0,0,6,0,2,4
55,GAB56840 ,SHOCK ABSORBER,1,0,0,1,0,0,1,0,0,1,0,0,1,0,0,1,0,0,1,0,0,1,0,0,1,0,0,1,0,0,1,0,0,1,0,0,1
56,GAB56841 ,SHOCK ABSORBER,2,0,0,2,0,0,2,0,0,2,0,0,2,0,0,2,0,0,2,0,0,2,0,0,2,0,0,2,0,1,1,0,0,1,0,0,1
57,GAB56848 ,SHOCK ABSORBER,0,0,0,0,20,0,20,0,0,20,0,0,20,0,1,19,0,0,19,0,0,19,0,0,19,0,1,18,0,0,18,0,1,17,0,0,17
58,GAB56849 ,SHOCK ABSORBER,0,0,0,0,20,0,20,0,0,20,0,0,20,0,1,19,0,0,19,0,0,19,0,0,19,0,1,18,0,0,18,0,1,17,0,0,17
59,GAB57111 ,SHOCK ABSORBER,0,0,0,0,0,0,0,0,0,0,0,0,0,0,0,0,0,0,0,0,0,0,0,0,0,0,0,0,0,0,0,0,0,0,0,0,0
60,GAB57716 ,SHOCK ABSORBER,0,0,0,0,0,0,0,0,0,0,0,0,0,0,0,0,0,0,0,0,0,0,0,0,0,0,0,0,0,0,0,0,0,0,0,0,0
61,GAB57717 ,SHOCK ABSORBER,0,0,0,0,0,0,0,0,0,0,0,0,0,0,0,0,0,0,0,0,0,0,0,0,0,0,0,0,0,0,0,0,0,0,0,0,0
62,GAB58930 ,SHOCK ABSORBER,5,0,2,3,299,6,296,0,18,278,0,24,254,0,6,248,0,8,240,0,19,221,0,23,198,0,18,180,0,23,157,0,32,125,0,19,106
63,GAB59024 ,SHOCK ABSORBER,0,0,0,0,0,0,0,0,0,0,0,0,0,0,0,0,0,0,0,0,0,0,0,0,0,0,0,0,0,0,0,0,0,0,0,0,0
64,GAB61517 ,SHOCK ABSORBER,14,0,0,14,0,0,14,0,0,14,0,0,14,0,2,12,0,0,12,0,6,6,0,2,4,0,2,2,10,2,10,0,6,4,0,2,2
65,GAB61522 ,SHOCK ABSORBER,18,0,0,18,0,0,18,0,0,18,0,2,16,0,0,16,0,0,16,0,6,10,0,0,10,0,0,10,0,0,10,0,8,2,0,1,1
66,GAB61696 ,SHOCK ABSORBER,10,0,0,10,0,2,8,0,0,8,0,0,8,0,0,8,0,0,8,0,2,6,0,0,6,0,0,6,0,0,6,0,6,0,0,0,0
67,GAB61711 ,SHOCK ABSORBER,26,0,0,26,0,0,26,0,0,26,0,0,26,0,0,26,0,0,26,0,0,26,0,0,26,0,0,26,0,0,26,0,4,22,0,0,22
68,GAB61718 ,SHOCK ABSORBER,0,10,0,10,0,0,10,0,0,10,0,0,10,0,2,8,0,0,8,0,1,7,0,2,5,0,0,5,0,0,5,0,2,3,0,0,3
69,GAB63347 ,SHOCK ABSORBER,0,80,36,44,0,4,40,0,0,40,20,2,58,0,22,36,0,4,32,0,0,32,0,0,32,0,4,28,50,16,62,0,2,60,0,2,58
70,GAB63349 ,SHOCK ABSORBER,11,100,4,107,0,0,107,0,0,107,100,8,199,0,52,147,0,16,131,0,8,123,0,26,97,0,18,79,60,8,131,0,4,127,0,16,111
71,GAB63353 ,SHOCK ABSORBER,0,0,0,0,0,0,0,0,0,0,0,0,0,0,0,0,0,0,0,0,0,0,0,0,0,0,0,0,0,0,0,0,0,0,0,0,0
72,GAB63355 ,SHOCK ABSORBER,0,60,4,56,0,4,52,0,4,48,0,0,48,0,36,12,0,12,0,0,0,0,0,0,0,0,0,0,100,0,100,0,54,46,0,10,36
73,GAB63387 ,SHOCK ABSORBER,0,0,0,0,0,0,0,0,0,0,0,0,0,0,0,0,0,0,0,0,0,0,0,0,0,0,0,0,0,0,0,0,0,0,0,0,0
74,GAB63422 ,SHOCK ABSORBER,16,0,0,16,0,0,16,0,0,16,0,0,16,0,0,16,0,0,16,0,2,14,0,0,14,0,0,14,0,0,14,0,0,14,0,0,14
75,GAB63423 ,SHOCK ABSORBER,17,0,0,17,0,0,17,0,0,17,0,0,17,0,0,17,0,0,17,0,0,17,0,0,17,0,0,17,0,0,17,0,0,17,0,0,17
76,GAB63424 ,SHOCK ABSORBER,19,0,0,19,0,0,19,0,0,19,0,2,17,0,0,17,0,4,13,0,0,13,0,2,11,0,4,7,0,0,7,0,0,7,0,2,5
77,GAB63425 ,SHOCK ABSORBER,33,0,8,25,0,10,15,0,2,13,0,2,11,0,4,7,0,2,5,0,0,3,0,2,1,0,0,1,50,2,49,0,2,47,0,2,45
78,GAB63454 ,SHOCK ABSORBER,0,24,0,24,0,6,18,0,0,18,0,0,18,0,4,14,0,4,10,0,4,6,0,2,4,0,4,0,10,0,10,0,2,8,0,2,6
79,GAB63488 ,SHOCK ABSORBER,18,20,4,34,0,0,34,0,2,32,20,4,48,0,4,44,0,10,34,0,6,28,0,8,20,0,4,16,0,2,14,0,4,10,0,6,4
80,GAB63489 ,SHOCK ABSORBER,2,0,0,2,0,0,2,100,0,102,100,42,160,0,5,155,0,18,137,0,18,117,0,84,33,0,20,13,0,9,4,0,0,4,0,0,4
81,GAB63511 ,SHOCK ABSORBER,0,0,0,0,0,0,0,0,0,0,0,0,0,0,0,0,0,0,0,0,0,0,0,0,0,0,0,0,0,0,0,0,0,0,0,0,0
82,GAB63609 ,SHOCK ABSORBER,22,20,2,40,0,2,38,0,4,34,0,4,30,0,2,28,0,6,22,0,6,16,0,4,12,0,2,10,0,6,4,0,2,2,0,0,2
83,GAB63638 ,SHOCK ABSORBER,0,0,0,0,0,0,0,0,0,0,0,0,0,0,0,0,0,0,0,0,0,0,0,0,0,0,0,0,0,0,0,0,0,0,0,0,0
84,GAB63662 ,SHOCK ABSORBER,2,0,2,0,0,0,0,0,0,0,0,0,0,0,0,0,0,0,0,0,0,0,0,0,0,0,0,0,100,20,80,0,76,4,0,2,2
85,GAB63675 ,SHOCK ABSORBER,3,197,4,196,0,14,182,0,20,162,0,20,142,0,26,116,0,46,70,0,38,32,0,32,0,0,0,0,0,0,0,0,0,0,0,0,0
86,GAB63714 ,SHOCK ABSORBER,8,0,0,8,0,0,8,0,0,8,0,0,8,0,0,8,0,0,8,0,0,8,0,0,8,0,0,8,0,0,8,0,0,8,0,0,8
87,GAB63716 ,SHOCK ABSORBER,0,0,0,0,0,0,0,0,0,0,0,0,0,0,0,0,0,0,0,0,0,0,0,0,0,0,0,0,0,0,0,0,0,0,0,0,0
88,GAB63717 ,SHOCK ABSORBER,2,10,0,12,0,0,12,0,0,12,0,0,12,0,0,12,0,0,12,0,0,12,0,2,10,0,2,8,0,0,8,0,4,4,0,0,4
89,GAB63776 ,SHOCK ABSORBER,8,0,0,8,0,2,6,0,0,6,0,0,6,0,0,6,0,0,6,0,0,6,0,2,4,0,2,2,12,0,14,0,4,10,0,3,7
90,GAB63803 ,SHOCK ABSORBER,2,300,2,300,0,24,276,0,10,266,0,14,252,0,25,227,0,28,199,0,40,159,0,104,55,0,15,40,0,24,16,0,14,2,0,0,2
91,GAB63817 ,SHOCK ABSORBER,2,250,2,250,0,20,230,0,12,218,0,67,151,0,30,121,0,50,71,0,44,27,0,16,11,0,6,5,100,26,79,0,67,12,0,11,1
92,GAB63829 ,SHOCK ABSORBER,0,4,0,4,0,0,4,0,0,4,0,0,4,0,0,4,0,0,4,0,0,4,0,0,4,0,0,4,0,0,4,0,0,4,0,0,4
93,GAB63842 ,SHOCK ABSORBER,3,60,10,53,0,10,43,0,8,35,0,16,19,0,9,10,0,0,10,0,8,2,0,0,2,0,0,2,100,0,102,0,20,82,0,7,75
94,GAB63844 ,SHOCK ABSORBER,0,0,0,0,0,0,0,0,0,0,0,0,0,0,0,0,0,0,0,0,0,0,0,0,0,0,0,0,4,0,4,0,0,4,0,0,4
95,GAB63847 ,SHOCK ABSORBER,1,0,0,1,0,0,1,0,0,1,0,0,1,0,0,1,0,0,1,0,0,1,0,0,1,0,0,1,5,0,6,0,0,6,0,0,6
96,GAB63866 ,SHOCK ABSORBER,2,281,6,277,0,32,245,117,38,324,200,52,472,0,79,393,0,117,276,0,68,210,0,88,122,0,118,4,0,4,0,4,2,0,0,0,0
97,GAB63881 ,SHOCK ABSORBER,20,0,0,0,0,0,0,0,0,0,0,0,0,0,0,0,0,0,0,0,0,0,0,0,0,0,0,0,0,0,0,0,0,0,0,0,0
98,GAB63892 ,SHOCK ABSORBER,0,6,0,6,0,0,6,0,0,6,0,0,6,0,0,6,0,0,6,0,0,6,0,2,4,0,0,4,0,0,4,0,0,4,0,0,4
99,GAB63894 ,SHOCK ABSORBER,2,0,0,2,0,0,2,0,0,2,0,0,2,0,0,2,0,0,2,0,0,1,0,0,1,0,1,0,5,0,5,0,2,3,0,1,2
100,GAB63895 ,SHOCK ABSORBER,1,30,0,31,0,8,23,0,2,21,0,6,15,0,12,3,0,2,1,0,0,1,0,0,1,0,0,1,50,0,51,0,2,49,0,12,37
101,GAB63896 ,SHOCK ABSORBER,59,0,0,59,0,0,59,0,2,57,0,10,47,0,2,45,0,5,40,0,6,33,0,4,29,0,9,20,0,16,4,0,0,4,0,4,0
102,GAB63897 ,SHOCK ABSORBER,17,10,2,25,0,10,15,0,2,13,0,2,11,0,4,7,0,6,1,0,0,1,0,1,0,0,0,0,50,0,50,0,0,50,0,2,48
103,GAB63905 ,SHOCK ABSORBER,0,0,0,0,0,0,0,0,0,0,0,0,0,0,0,0,0,0,0,0,0,0,0,0,0,0,0,0,0,0,0,0,0,0,0,0,0
104,GAB63959 ,SHOCK ABSORBER,0,10,0,10,0,2,8,0,0,8,0,0,8,0,0,8,0,2,6,0,2,4,0,0,4,0,0,4,0,2,2,0,0,2,0,0,2
105,GAB63965 ,SHOCK ABSORBER,4,4,0,8,0,0,8,0,0,8,0,0,8,0,0,8,0,0,8,0,0,8,0,0,8,0,2,6,0,0,6,0,0,6,0,2,4
106,GAB64000 ,SHOCK ABSORBER,0,0,0,0,0,0,0,0,0,0,0,0,0,0,0,0,0,0,0,0,0,0,0,0,0,0,0,0,4,0,4,0,0,4,0,0,4
107,GAB64001 ,SHOCK ABSORBER,0,6,0,6,0,0,6,0,0,6,9,2,13,0,2,11,0,0,11,0,0,11,0,0,11,0,2,9,7,2,14,0,2,12,0,0,12
108,GAB64012 ,SHOCK ABSORBER,0,4,0,4,0,0,4,0,0,4,0,0,4,0,0,4,0,0,4,0,0,4,0,0,4,0,0,4,0,0,4,0,0,4,0,0,4
109,GAB64016 ,SHOCK ABSORBER,0,6,0,6,0,0,6,0,0,6,0,0,6,0,0,6,0,0,6,0,0,6,0,2,4,0,0,4,0,0,4,0,2,2,0,0,2
110,GAB64037 ,SHOCK ABSORBER,0,0,0,0,0,0,0,0,0,0,0,0,0,0,0,0,0,0,0,0,0,0,0,0,0,0,0,0,0,0,0,0,0,0,0,0,0
111,GAB64040 ,SHOCK ABSORBER,0,20,0,20,0,0,20,0,4,16,0,0,16,0,1,15,0,2,13,0,0,13,0,0,13,0,5,8,15,2,21,0,4,17,0,2,15
112,GAB64101 ,SHOCK ABSORBER,0,0,0,0,0,0,0,0,0,0,0,0,0,0,0,0,0,0,0,0,0,0,0,0,0,0,0,0,0,0,0,0,0,0,0,0,0
113,GAB64107 ,SHOCK ABSORBER,0,0,0,0,0,0,0,0,0,0,0,0,0,0,0,0,0,0,0,0,0,0,0,0,0,0,0,0,0,0,0,0,0,0,0,0,0
114,GAB64111 ,SHOCK ABSORBER,15,0,0,15,0,2,13,0,0,13,0,0,13,0,0,13,0,0,13,0,0,13,0,0,13,0,3,10,0,0,10,0,0,10,0,0,10
115,GAB64121 ,SHOCK ABSORBER,6,0,0,6,0,2,4,0,0,4,0,0,4,0,0,4,0,0,4,0,2,2,0,2,0,0,0,0,4,0,4,0,0,4,0,0,4
116,GAB64148 ,SHOCK ABSORBER,2,0,0,2,0,0,2,0,0,2,0,0,2,0,0,2,0,0,2,0,0,0,0,0,0,0,0,0,0,0,0,0,0,0,0,0,0
117,GAB64149 ,SHOCK ABSORBER,0,0,0,0,0,0,0,0,0,0,0,0,0,0,0,0,0,0,0,0,0,0,0,0,0,0,0,0,0,0,0,0,0,0,0,0,0
118,GAB64221 ,SHOCK ABSORBER,0,0,0,0,0,0,0,0,0,0,0,0,0,0,0,0,0,0,0,0,0,0,0,0,0,0,0,0,0,0,0,0,0,0,0,0,0
119,GAB6583SE ,SHOCK ABSORBER,0,0,0,0,0,0,0,0,0,0,0,0,0,0,0,0,0,0,0,0,0,0,0,0,0,0,0,0,0,0,0,0,0,0,0,0,0
120,GAB6853SE ,SHOCK ABSORBER,6,0,0,6,0,3,3,0,0,3,0,1,2,0,1,1,0,0,1,1,2,0,0,0,0,0,0,0,20,0,20,0,5,15,0,3,12
121,GAB69575 ,SHOCK ABSORBER,21,150,16,155,0,34,121,0,20,101,150,39,212,0,36,176,0,22,154,0,22,130,0,12,118,0,21,97,200,10,287,0,15,272,0,11,261
122,GAB69622 ,SHOCK ABSORBER,0,4,0,4,0,0,4,0,0,4,0,0,4,0,4,0,0,0,0,0,0,0,0,0,0,0,0,0,4,0,4,0,0,4,0,0,4
123,GAB69624 ,SHOCK ABSORBER,0,10,10,0,0,0,0,0,0,0,10,10,0,0,0,0,0,0,0,0,0,0,0,0,0,0,0,0,24,24,0,0,0,0,0,0,0
124,GAB69675 ,SHOCK ABSORBER,62,120,36,146,0,6,140,0,10,130,0,22,108,0,0,108,0,34,74,0,44,30,0,30,0,0,0,0,150,12,138,0,16,122,0,16,106
125,GAB69724 ,SHOCK ABSORBER,0,0,0,0,0,0,0,0,0,0,0,0,0,0,0,0,0,0,0,0,0,0,0,0,0,0,0,0,0,0,0,0,0,0,0,0,0
126,GAB69916 ,SHOCK ABSORBER,0,10,0,10,0,0,10,0,0,10,0,2,8,0,0,8,0,0,8,0,0,8,0,0,8,0,0,8,0,2,6,0,4,2,0,0,2
127,GAB70006 ,SHOCK ABSORBER,0,0,0,0,0,0,0,0,0,0,0,0,0,0,0,0,0,0,0,0,0,0,0,0,0,0,0,0,0,0,0,0,0,0,0,0,0
128,GAB70071 ,SHOCK ABSORBER,2,0,0,0,0,0,0,0,0,0,0,0,0,0,0,0,0,0,0,0,0,0,0,0,0,0,0,0,0,0,0,0,0,0,0,0,0
129,GAB70096 ,SHOCK ABSORBER,10,0,0,10,0,0,10,0,0,10,0,0,10,0,0,10,0,0,10,0,2,8,0,0,8,0,0,8,0,0,8,0,0,8,0,0,8
130,GAB70204 ,SHOCK ABSORBER,0,0,0,0,0,0,0,0,0,0,0,0,0,0,0,0,20,0,20,0,4,16,0,2,14,0,4,10,0,0,10,0,6,4,0,0,4
131,GAB77975 ,SHOCK ABSORBER,0,4,0,4,0,0,4,0,0,4,16,0,20,0,0,20,0,0,20,0,0,20,0,2,18,0,0,18,0,0,18,0,0,18,0,0,18
132,GAB79900 ,SHOCK ABSORBER,0,0,0,0,0,0,0,0,0,0,0,0,0,0,0,0,0,0,0,0,0,0,0,0,0,0,0,0,0,0,0,0,0,0,0,0,0
133,GAB81446 ,SHOCK ABSORBER,0,0,0,0,0,0,0,0,0,0,0,0,0,0,0,0,0,0,0,0,0,0,0,0,0,0,0,0,0,0,0,0,0,0,0,0,0
134,GAB81495 ,SHOCK ABSORBER,0,0,0,0,0,0,0,0,0,0,0,0,0,0,0,0,0,0,0,0,0,0,0,0,0,0,0,0,0,0,0,0,0,0,0,0,0
135,GAB81514 ,SHOCK ABSORBER,0,0,0,0,0,0,0,0,0,0,0,0,0,0,0,0,0,0,0,36,36,0,0,0,0,0,0,0,0,0,0,0,0,0,0,0,0
136,GAB81517 ,SHOCK ABSORBER,0,0,0,0,0,0,0,0,0,0,0,0,0,0,0,0,0,0,0,0,0,0,0,0,0,0,0,0,0,0,0,0,0,0,0,0,0
137,GAB81789 ,SHOCK ABSORBER,0,0,0,0,0,0,0,0,0,0,0,0,0,0,0,0,0,0,0,0,0,0,0,0,0,0,0,0,0,0,0,0,0,0,0,0,0
138,GAB81916 ,SHOCK ABOSRBER,4,0,0,4,0,0,4,0,0,4,0,0,4,0,0,4,0,0,4,0,0,4,0,0,4,0,0,4,0,0,4,0,0,4,0,0,4
139,GAB83136 ,SHOCK ABSORBER,6,0,0,6,0,0,6,0,0,6,0,0,6,0,0,6,0,0,6,0,0,6,0,0,6,0,0,6,0,0,6,0,0,6,0,0,6
140,GAB83303 ,SHOCK ABSORBER,12,0,0,12,0,0,12,0,0,12,0,0,12,0,4,8,0,0,8,0,0,8,0,0,8,0,0,8,0,0,8,0,0,8,0,0,8
141,GAB85005 ,SHOCK ABSORBER,4,0,0,4,0,0,4,0,0,4,0,0,4,0,0,4,0,0,4,0,0,4,0,0,4,0,0,4,0,2,2,0,0,2,0,0,2
142,GAB85308 ,SHOCK ABSORBER,16,0,0,16,0,0,16,0,0,16,0,0,16,0,0,16,0,0,16,0,0,16,0,0,16,0,0,16,0,0,16,0,0,16,0,0,16
143,GABG51729 ,SHOCK ABSORBER,0,0,0,0,0,0,0,0,0,0,0,0,0,0,0,0,0,0,0,0,0,0,0,0,0,0,0,0,0,0,0,0,0,0,0,0,0
144,GABG51891 ,SHOCK ABSORBER,0,0,0,0,0,0,0,0,0,0,0,0,0,0,0,0,0,0,0,0,0,0,0,0,0,0,0,0,0,0,0,0,0,0,0,0,0
145,GABG56840 ,SHOCK ABSORBER,0,0,0,0,0,0,0,0,0,0,0,0,0,0,0,0,0,0,0,0,0,0,0,0,0,0,0,0,0,0,0,0,0,0,0,0,0
146,GABG56841 ,SHOCK ABSORBER,0,0,0,0,0,0,0,0,0,0,0,0,0,0,0,0,0,0,0,0,0,0,0,0,0,0,0,0,0,0,0,0,0,0,0,0,0
147,GABG57716 ,SHOCK ABSORBER,0,0,0,0,0,0,0,0,0,0,0,0,0,0,0,0,0,0,0,0,0,0,0,0,0,0,0,0,0,0,0,0,0,0,0,0,0
148,GABG57717 ,SHOCK ABSORBER,0,0,0,0,0,0,0,0,0,0,0,0,0,0,0,0,0,0,0,0,0,0,0,0,0,0,0,0,0,0,0,0,0,0,0,0,0
149,GABG58930 ,SHOCK ABSORBER,0,0,0,0,0,0,0,0,0,0,0,0,0,0,0,0,0,0,0,0,0,0,0,0,0,0,0,0,0,0,0,0,0,0,0,0,0
150,GABG63546 ,SHOCK ABSORBER,0,0,0,0,0,0,0,0,0,0,0,0,0,0,0,0,0,0,0,0,0,0,0,0,0,0,0,0,0,0,0,0,0,0,0,0,0
151,GABG63600 ,SHOCK ABSORBER,0,0,0,0,0,0,0,0,0,0,0,0,0,0,0,0,0,0,0,0,0,0,0,0,0,0,0,0,0,0,0,0,0,0,0,0,0
152,GABG63783 ,SHOCK ABSORBER,1,9,0,10,0,0,10,0,0,10,0,0,10,0,0,10,0,0,10,0,0,10,0,0,10,0,2,8,0,0,8,0,0,8,0,0,8
153,GABG63828 ,SHOCK ABSORBER,0,0,0,0,0,0,0,0,0,0,0,0,0,0,0,0,0,0,0,0,0,0,0,0,0,0,0,0,0,0,0,0,0,0,0,0,0
154,GABG63829 ,SHOCK ABSORBER,0,0,0,0,0,0,0,0,0,0,0,0,0,0,0,0,0,0,0,0,0,0,0,0,0,0,0,0,0,0,0,0,0,0,0,0,0
155,GABG63832 ,SHOCK ABSORBER,0,0,0,0,0,0,0,0,0,0,0,0,0,0,0,0,0,0,0,0,0,0,0,0,0,0,0,0,0,0,0,0,0,0,0,0,0
156,GABG63845 ,SHOCK ABSORBER,0,0,0,0,0,0,0,0,0,0,0,0,0,0,0,0,0,0,0,0,0,0,0,0,0,0,0,0,0,0,0,0,0,0,0,0,0
157,GABG64037 ,SHOCK ABSORBER,4,4,0,8,0,0,8,0,0,8,0,0,8,0,2,6,0,0,6,0,0,6,0,0,6,0,0,6,0,0,6,0,0,6,0,0,6