Itm_Code,Month,Function_Description,Opn_Qty,Seq_No,Sal_Qty,Pur_Qty,Bal_Qty
GAB14010 ,1,SHOCK ABSORBER,0,2,0,0,0
GAB14010 ,2,SHOCK ABSORBER,0,2,0,0,0
GAB14010 ,3,SHOCK ABSORBER,0,2,0,0,0
GAB14010 ,4,SHOCK ABSORBER,0,2,0,0,0
GAB14010 ,5,SHOCK ABSORBER,0,2,0,0,0
GAB14010 ,6,SHOCK ABSORBER,0,2,0,0,0
GAB14010 ,7,SHOCK ABSORBER,0,2,0,0,0
GAB14010 ,8,SHOCK ABSORBER,0,2,0,0,0
GAB14010 ,9,SHOCK ABSORBER,0,2,0,0,0
GAB14010 ,10,SHOCK ABSORBER,0,2,0,0,0
GAB14010 ,11,SHOCK ABSORBER,0,2,0,0,0
GAB14010 ,12,SHOCK ABSORBER,0,2,0,0,0
GAB14017 ,1,SHOCK ABSORBER,0,3,0,50,50
GAB14017 ,2,SHOCK ABSORBER,0,3,0,0,50
GAB14017 ,3,SHOCK ABSORBER,0,3,3,0,47
GAB14017 ,4,SHOCK ABSORBER,0,3,0,40,87
GAB14017 ,5,SHOCK ABSORBER,0,3,2,0,85
GAB14017 ,6,SHOCK ABSORBER,0,3,1,10,94
GAB14017 ,7,SHOCK ABSORBER,0,3,1,50,43
GAB14017 ,8,SHOCK ABSORBER,0,3,0,0,43
GAB14017 ,9,SHOCK ABSORBER,0,3,2,0,41
GAB14017 ,10,SHOCK ABSORBER,0,3,3,0,38
GAB14017 ,11,SHOCK ABSORBER,0,3,2,0,36
GAB14017 ,12,SHOCK ABSORBER,0,3,12,0,24
GAB14040 ,1,SHOCK ABSORBER,12,4,1,0,11
GAB14040 ,2,SHOCK ABSORBER,12,4,1,0,10
GAB14040 ,3,SHOCK ABSORBER,12,4,0,0,10
GAB14040 ,4,SHOCK ABSORBER,12,4,2,0,8
GAB14040 ,5,SHOCK ABSORBER,12,4,1,0,7
GAB14040 ,6,SHOCK ABSORBER,12,4,1,0,6
GAB14040 ,7,SHOCK ABSORBER,12,4,1,0,5
GAB14040 ,8,SHOCK ABSORBER,12,4,1,0,4
GAB14040 ,9,SHOCK ABSORBER,12,4,1,0,3
GAB14040 ,10,SHOCK ABSORBER,12,4,0,20,23
GAB14040 ,11,SHOCK ABSORBER,12,4,1,0,22
GAB14040 ,12,SHOCK ABSORBER,12,4,1,0,21
GAB14074 ,1,SHOCK ABSORBER,0,5,0,5,5
GAB14074 ,2,SHOCK ABSORBER,0,5,1,0,4
GAB14074 ,3,SHOCK ABSORBER,0,5,0,0,4
GAB14074 ,4,SHOCK ABSORBER,0,5,0,5,9
GAB14074 ,5,SHOCK ABSORBER,0,5,0,0,9
GAB14074 ,6,SHOCK ABSORBER,0,5,1,0,8
GAB14074 ,7,SHOCK ABSORBER,0,5,0,0,8
GAB14074 ,8,SHOCK ABSORBER,0,5,1,0,7
GAB14074 ,9,SHOCK ABSORBER,0,5,1,0,6
GAB14074 ,10,SHOCK ABSORBER,0,5,3,0,3
GAB14074 ,11,SHOCK ABSORBER,0,5,2,0,1
GAB14074 ,12,SHOCK ABSORBER,0,5,0,0,1
GAB14075 ,1,SHOCK ABSORBER,0,6,0,0,0
GAB14075 ,2,SHOCK ABSORBER,0,6,0,0,0
GAB14075 ,3,SHOCK ABSORBER,0,6,0,0,0
GAB14075 ,4,SHOCK ABSORBER,0,6,0,0,0
GAB14075 ,5,SHOCK ABSORBER,0,6,0,0,0
GAB14075 ,6,SHOCK ABSORBER,0,6,0,0,0
GAB14075 ,7,SHOCK ABSORBER,0,6,1,1,0
GAB14075 ,8,SHOCK ABSORBER,0,6,0,0,0
GAB14075 ,9,SHOCK ABSORBER,0,6,0,0,0
GAB14075 ,10,SHOCK ABSORBER,0,6,0,0,0
GAB14075 ,11,SHOCK ABSORBER,0,6,0,0,0
GAB14075 ,12,SHOCK ABSORBER,0,6,0,0,0
GAB32041 ,1,SHOCK ABSORBER,0,7,0,0,0
GAB32041 ,2,SHOCK ABSORBER,0,7,0,0,0
GAB32041 ,3,SHOCK ABSORBER,0,7,0,0,0
GAB32041 ,4,SHOCK ABSORBER,0,7,0,0,0
GAB32041 ,5,SHOCK ABSORBER,0,7,0,0,0
GAB32041 ,6,SHOCK ABSORBER,0,7,0,0,0
GAB32041 ,7,SHOCK ABSORBER,0,7,0,0,0
GAB32041 ,8,SHOCK ABSORBER,0,7,0,0,0
GAB32041 ,9,SHOCK ABSORBER,0,7,0,0,0
GAB32041 ,10,SHOCK ABSORBER,0,7,0,0,0
GAB32041 ,11,SHOCK ABSORBER,0,7,0,0,0
GAB32041 ,12,SHOCK ABSORBER,0,7,0,0,0
GAB341240 ,1,SHOCK ABSORBER,0,8,0,0,0
GAB341240 ,2,SHOCK ABSORBER,0,8,0,0,0
GAB341240 ,3,SHOCK ABSORBER,0,8,0,0,0
GAB341240 ,4,SHOCK ABSORBER,0,8,0,0,0
GAB341240 ,5,SHOCK ABSORBER,0,8,0,0,0
GAB341240 ,6,SHOCK ABSORBER,0,8,0,0,0
GAB341240 ,7,SHOCK ABSORBER,0,8,0,0,0
GAB341240 ,8,SHOCK ABSORBER,0,8,0,0,0
GAB341240 ,9,SHOCK ABSORBER,0,8,0,0,0
GAB341240 ,10,SHOCK ABSORBER,0,8,0,0,0
GAB341240 ,11,SHOCK ABSORBER,0,8,0,0,0
GAB341240 ,12,SHOCK ABSORBER,0,8,0,0,0
GAB42082 ,1,SHOCK ABSORBER,2,9,0,0,0
GAB42082 ,2,SHOCK ABSORBER,2,9,0,0,0
GAB42082 ,3,SHOCK ABSORBER,2,9,0,0,0
GAB42082 ,4,SHOCK ABSORBER,2,9,0,0,0
GAB42082 ,5,SHOCK ABSORBER,2,9,0,0,0
GAB42082 ,6,SHOCK ABSORBER,2,9,0,0,0
GAB42082 ,7,SHOCK ABSORBER,2,9,0,0,0
GAB42082 ,8,SHOCK ABSORBER,2,9,0,0,0
GAB42082 ,9,SHOCK ABSORBER,2,9,0,0,0
GAB42082 ,10,SHOCK ABSORBER,2,9,0,0,0
GAB42082 ,11,SHOCK ABSORBER,2,9,0,0,0
GAB42082 ,12,SHOCK ABSORBER,2,9,0,0,0
GAB43167 ,1,SHOCK ABOSRBER,0,10,0,0,0
GAB43167 ,2,SHOCK ABOSRBER,0,10,0,0,0
GAB43167 ,3,SHOCK ABOSRBER,0,10,0,0,0
GAB43167 ,4,SHOCK ABOSRBER,0,10,0,0,0
GAB43167 ,5,SHOCK ABOSRBER,0,10,0,0,0
GAB43167 ,6,SHOCK ABOSRBER,0,10,0,0,0
GAB43167 ,7,SHOCK ABOSRBER,0,10,0,0,0
GAB43167 ,8,SHOCK ABOSRBER,0,10,0,0,0
GAB43167 ,9,SHOCK ABOSRBER,0,10,0,0,0
GAB43167 ,10,SHOCK ABOSRBER,0,10,0,0,0
GAB43167 ,11,SHOCK ABOSRBER,0,10,0,0,0
GAB43167 ,12,SHOCK ABOSRBER,0,10,0,0,0
GAB51718 ,1,SHOCK ABSORBER,65,11,11,0,54
GAB51718 ,2,SHOCK ABSORBER,65,11,2,0,52
GAB51718 ,3,SHOCK ABSORBER,65,11,2,0,50
GAB51718 ,4,SHOCK ABSORBER,65,11,4,0,46
GAB51718 ,5,SHOCK ABSORBER,65,11,2,0,44
GAB51718 ,6,SHOCK ABSORBER,65,11,2,0,42
GAB51718 ,7,SHOCK ABSORBER,65,11,4,0,38
GAB51718 ,8,SHOCK ABSORBER,65,11,4,0,34
GAB51718 ,9,SHOCK ABSORBER,65,11,2,0,32
GAB51718 ,10,SHOCK ABSORBER,65,11,4,0,28
GAB51718 ,11,SHOCK ABSORBER,65,11,5,0,23
GAB51718 ,12,SHOCK ABSORBER,65,11,2,0,21
GAB51719 ,1,SHOCK ABSORBER,0,12,0,0,0
GAB51719 ,2,SHOCK ABSORBER,0,12,0,0,0
GAB51719 ,3,SHOCK ABSORBER,0,12,0,0,0
GAB51719 ,4,SHOCK ABSORBER,0,12,0,0,0
GAB51719 ,5,SHOCK ABSORBER,0,12,0,0,0
GAB51719 ,6,SHOCK ABSORBER,0,12,0,0,0
GAB51719 ,7,SHOCK ABSORBER,0,12,0,0,0
GAB51719 ,8,SHOCK ABSORBER,0,12,0,0,0
GAB51719 ,9,SHOCK ABSORBER,0,12,0,0,0
GAB51719 ,10,SHOCK ABSORBER,0,12,0,0,0
GAB51719 ,11,SHOCK ABSORBER,0,12,0,0,0
GAB51719 ,12,SHOCK ABSORBER,0,12,0,0,0
GAB51720 ,1,SHOCK ABSORBER,54,13,8,0,46
GAB51720 ,2,SHOCK ABSORBER,54,13,0,60,106
GAB51720 ,3,SHOCK ABSORBER,54,13,2,0,104
GAB51720 ,4,SHOCK ABSORBER,54,13,4,0,100
GAB51720 ,5,SHOCK ABSORBER,54,13,0,0,100
GAB51720 ,6,SHOCK ABSORBER,54,13,0,0,100
GAB51720 ,7,SHOCK ABSORBER,54,13,0,0,100
GAB51720 ,8,SHOCK ABSORBER,54,13,0,0,100
GAB51720 ,9,SHOCK ABSORBER,54,13,0,0,100
GAB51720 ,10,SHOCK ABSORBER,54,13,0,0,100
GAB51720 ,11,SHOCK ABSORBER,54,13,0,0,100
GAB51720 ,12,SHOCK ABSORBER,54,13,6,0,94
GAB51721 ,1,SHOCK ABSORBER,19,14,0,0,19
GAB51721 ,2,SHOCK ABSORBER,19,14,2,0,17
GAB51721 ,3,SHOCK ABSORBER,19,14,0,0,17
GAB51721 ,4,SHOCK ABSORBER,19,14,0,0,17
GAB51721 ,5,SHOCK ABSORBER,19,14,0,0,17
GAB51721 ,6,SHOCK ABSORBER,19,14,0,0,17
GAB51721 ,7,SHOCK ABSORBER,19,14,2,0,15
GAB51721 ,8,SHOCK ABSORBER,19,14,6,0,9
GAB51721 ,9,SHOCK ABSORBER,19,14,0,0,9
GAB51721 ,10,SHOCK ABSORBER,19,14,4,0,5
GAB51721 ,11,SHOCK ABSORBER,19,14,0,0,5
GAB51721 ,12,SHOCK ABSORBER,19,14,0,0,5
GAB51723 ,1,SHOCK ABSORBER,18,15,0,0,18
GAB51723 ,2,SHOCK ABSORBER,18,15,0,0,18
GAB51723 ,3,SHOCK ABSORBER,18,15,0,0,18
GAB51723 ,4,SHOCK ABSORBER,18,15,0,0,18
GAB51723 ,5,SHOCK ABSORBER,18,15,0,0,18
GAB51723 ,6,SHOCK ABSORBER,18,15,0,0,18
GAB51723 ,7,SHOCK ABSORBER,18,15,0,0,18
GAB51723 ,8,SHOCK ABSORBER,18,15,0,0,18
GAB51723 ,9,SHOCK ABSORBER,18,15,0,0,18
GAB51723 ,10,SHOCK ABSORBER,18,15,0,0,18
GAB51723 ,11,SHOCK ABSORBER,18,15,0,0,18
GAB51723 ,12,SHOCK ABSORBER,18,15,0,0,18
GAB51724 ,1,SHOCK ABSORBER,3,16,0,0,3
GAB51724 ,2,SHOCK ABSORBER,3,16,0,0,3
GAB51724 ,3,SHOCK ABSORBER,3,16,0,0,3
GAB51724 ,4,SHOCK ABSORBER,3,16,0,0,3
GAB51724 ,5,SHOCK ABSORBER,3,16,0,0,3
GAB51724 ,6,SHOCK ABSORBER,3,16,0,0,3
GAB51724 ,7,SHOCK ABSORBER,3,16,0,0,3
GAB51724 ,8,SHOCK ABSORBER,3,16,0,0,3
GAB51724 ,9,SHOCK ABSORBER,3,16,0,0,3
GAB51724 ,10,SHOCK ABSORBER,3,16,0,0,3
GAB51724 ,11,SHOCK ABSORBER,3,16,0,0,3
GAB51724 ,12,SHOCK ABSORBER,3,16,0,0,3
GAB51728 ,1,SHOCK ABSORBER,6,17,0,0,6
GAB51728 ,2,SHOCK ABSORBER,6,17,0,0,6
GAB51728 ,3,SHOCK ABSORBER,6,17,0,0,6
GAB51728 ,4,SHOCK ABSORBER,6,17,0,0,6
GAB51728 ,5,SHOCK ABSORBER,6,17,0,0,6
GAB51728 ,6,SHOCK ABSORBER,6,17,0,0,6
GAB51728 ,7,SHOCK ABSORBER,6,17,0,0,6
GAB51728 ,8,SHOCK ABSORBER,6,17,0,0,6
GAB51728 ,9,SHOCK ABSORBER,6,17,0,0,6
GAB51728 ,10,SHOCK ABSORBER,6,17,0,0,6
GAB51728 ,11,SHOCK ABSORBER,6,17,0,0,6
GAB51728 ,12,SHOCK ABSORBER,6,17,0,0,6
GAB51729 ,1,SHOCK ABSORBER,10,18,2,0,8
GAB51729 ,2,SHOCK ABSORBER,10,18,0,30,38
GAB51729 ,3,SHOCK ABSORBER,10,18,2,0,36
GAB51729 ,4,SHOCK ABSORBER,10,18,0,0,36
GAB51729 ,5,SHOCK ABSORBER,10,18,0,0,36
GAB51729 ,6,SHOCK ABSORBER,10,18,2,0,34
GAB51729 ,7,SHOCK ABSORBER,10,18,0,0,34
GAB51729 ,8,SHOCK ABSORBER,10,18,0,0,34
GAB51729 ,9,SHOCK ABSORBER,10,18,0,0,34
GAB51729 ,10,SHOCK ABSORBER,10,18,0,0,34
GAB51729 ,11,SHOCK ABSORBER,10,18,2,0,32
GAB51729 ,12,SHOCK ABSORBER,10,18,4,0,28
GAB51778 ,1,SHOCK ABSORBER,48,19,5,0,43
GAB51778 ,2,SHOCK ABSORBER,48,19,2,0,41
GAB51778 ,3,SHOCK ABSORBER,48,19,0,0,41
GAB51778 ,4,SHOCK ABSORBER,48,19,4,0,37
GAB51778 ,5,SHOCK ABSORBER,48,19,0,0,37
GAB51778 ,6,SHOCK ABSORBER,48,19,1,0,36
GAB51778 ,7,SHOCK ABSORBER,48,19,0,0,36
GAB51778 ,8,SHOCK ABSORBER,48,19,0,0,36
GAB51778 ,9,SHOCK ABSORBER,48,19,6,0,30
GAB51778 ,10,SHOCK ABSORBER,48,19,4,0,26
GAB51778 ,11,SHOCK ABSORBER,48,19,10,0,16
GAB51778 ,12,SHOCK ABSORBER,48,19,10,0,6
GAB51860 ,1,SHOCK ABSORBER,10,20,0,0,10
GAB51860 ,2,SHOCK ABSORBER,10,20,2,40,48
GAB51860 ,3,SHOCK ABSORBER,10,20,0,0,48
GAB51860 ,4,SHOCK ABSORBER,10,20,2,0,46
GAB51860 ,5,SHOCK ABSORBER,10,20,2,0,44
GAB51860 ,6,SHOCK ABSORBER,10,20,2,0,42
GAB51860 ,7,SHOCK ABSORBER,10,20,2,0,40
GAB51860 ,8,SHOCK ABSORBER,10,20,2,0,38
GAB51860 ,9,SHOCK ABSORBER,10,20,0,0,38
GAB51860 ,10,SHOCK ABSORBER,10,20,2,0,36
GAB51860 ,11,SHOCK ABSORBER,10,20,2,0,34
GAB51860 ,12,SHOCK ABSORBER,10,20,4,0,30
GAB51861 ,1,SHOCK ABSORBER,6,21,0,0,6
GAB51861 ,2,SHOCK ABSORBER,6,21,0,60,66
GAB51861 ,3,SHOCK ABSORBER,6,21,0,0,66
GAB51861 ,4,SHOCK ABSORBER,6,21,2,0,64
GAB51861 ,5,SHOCK ABSORBER,6,21,4,0,60
GAB51861 ,6,SHOCK ABSORBER,6,21,2,0,58
GAB51861 ,7,SHOCK ABSORBER,6,21,4,0,51
GAB51861 ,8,SHOCK ABSORBER,6,21,4,0,47
GAB51861 ,9,SHOCK ABSORBER,6,21,2,0,45
GAB51861 ,10,SHOCK ABSORBER,6,21,4,0,41
GAB51861 ,11,SHOCK ABSORBER,6,21,8,0,33
GAB51861 ,12,SHOCK ABSORBER,6,21,4,0,29
GAB51870 ,1,SHOCK ABSORBER,0,22,0,0,0
GAB51870 ,2,SHOCK ABSORBER,0,22,0,0,0
GAB51870 ,3,SHOCK ABSORBER,0,22,0,0,0
GAB51870 ,4,SHOCK ABSORBER,0,22,0,0,0
GAB51870 ,5,SHOCK ABSORBER,0,22,0,0,0
GAB51870 ,6,SHOCK ABSORBER,0,22,0,0,0
GAB51870 ,7,SHOCK ABSORBER,0,22,0,0,0
GAB51870 ,8,SHOCK ABSORBER,0,22,0,0,0
GAB51870 ,9,SHOCK ABSORBER,0,22,0,0,0
GAB51870 ,10,SHOCK ABSORBER,0,22,0,0,0
GAB51870 ,11,SHOCK ABSORBER,0,22,0,0,0
GAB51870 ,12,SHOCK ABSORBER,0,22,0,0,0
GAB51887 ,1,SHOCK ABSORBER,110,23,22,0,88
GAB51887 ,2,SHOCK ABSORBER,110,23,16,0,72
GAB51887 ,3,SHOCK ABSORBER,110,23,8,0,64
GAB51887 ,4,SHOCK ABSORBER,110,23,0,0,64
GAB51887 ,5,SHOCK ABSORBER,110,23,20,0,44
GAB51887 ,6,SHOCK ABSORBER,110,23,6,0,38
GAB51887 ,7,SHOCK ABSORBER,110,23,8,0,30
GAB51887 ,8,SHOCK ABSORBER,110,23,13,0,17
GAB51887 ,9,SHOCK ABSORBER,110,23,6,0,11
GAB51887 ,10,SHOCK ABSORBER,110,23,4,0,7
GAB51887 ,11,SHOCK ABSORBER,110,23,4,0,3
GAB51887 ,12,SHOCK ABSORBER,110,23,0,0,3
GAB51891 ,1,SHOCK ABSORBER,166,24,14,0,152
GAB51891 ,2,SHOCK ABSORBER,166,24,34,300,418
GAB51891 ,3,SHOCK ABSORBER,166,24,32,0,386
GAB51891 ,4,SHOCK ABSORBER,166,24,88,0,298
GAB51891 ,5,SHOCK ABSORBER,166,24,81,0,217
GAB51891 ,6,SHOCK ABSORBER,166,24,66,0,151
GAB51891 ,7,SHOCK ABSORBER,166,24,33,0,118
GAB51891 ,8,SHOCK ABSORBER,166,24,34,0,84
GAB51891 ,9,SHOCK ABSORBER,166,24,68,0,16
GAB51891 ,10,SHOCK ABSORBER,166,24,16,6,6
GAB51891 ,11,SHOCK ABSORBER,166,24,14,12,4
GAB51891 ,12,SHOCK ABSORBER,166,24,4,6,6
GAB51916 ,1,SHOCK ABSORBER,0,25,0,0,0
GAB51916 ,2,SHOCK ABSORBER,0,25,0,0,0
GAB51916 ,3,SHOCK ABSORBER,0,25,0,0,0
GAB51916 ,4,SHOCK ABSORBER,0,25,0,0,0
GAB51916 ,5,SHOCK ABSORBER,0,25,0,0,0
GAB51916 ,6,SHOCK ABSORBER,0,25,0,0,0
GAB51916 ,7,SHOCK ABSORBER,0,25,0,0,0
GAB51916 ,8,SHOCK ABSORBER,0,25,0,0,0
GAB51916 ,9,SHOCK ABSORBER,0,25,0,0,0
GAB51916 ,10,SHOCK ABSORBER,0,25,0,6,6
GAB51916 ,11,SHOCK ABSORBER,0,25,2,0,4
GAB51916 ,12,SHOCK ABSORBER,0,25,2,0,2
GAB51949 ,1,SHOCK ABSORBER,15,26,6,20,29
GAB51949 ,2,SHOCK ABSORBER,15,26,6,0,23
GAB51949 ,3,SHOCK ABSORBER,15,26,3,0,20
GAB51949 ,4,SHOCK ABSORBER,15,26,2,0,18
GAB51949 ,5,SHOCK ABSORBER,15,26,4,0,14
GAB51949 ,6,SHOCK ABSORBER,15,26,6,0,8
GAB51949 ,7,SHOCK ABSORBER,15,26,2,0,6
GAB51949 ,8,SHOCK ABSORBER,15,26,4,0,2
GAB51949 ,9,SHOCK ABSORBER,15,26,0,0,2
GAB51949 ,10,SHOCK ABSORBER,15,26,0,40,42
GAB51949 ,11,SHOCK ABSORBER,15,26,6,0,36
GAB51949 ,12,SHOCK ABSORBER,15,26,4,0,32
GAB51960 ,1,SHOCK ABSORBER,0,27,0,0,0
GAB51960 ,2,SHOCK ABSORBER,0,27,0,0,0
GAB51960 ,3,SHOCK ABSORBER,0,27,0,0,0
GAB51960 ,4,SHOCK ABSORBER,0,27,0,0,0
GAB51960 ,5,SHOCK ABSORBER,0,27,0,0,0
GAB51960 ,6,SHOCK ABSORBER,0,27,0,0,0
GAB51960 ,7,SHOCK ABSORBER,0,27,0,0,0
GAB51960 ,8,SHOCK ABSORBER,0,27,0,0,0
GAB51960 ,9,SHOCK ABSORBER,0,27,0,0,0
GAB51960 ,10,SHOCK ABSORBER,0,27,0,0,0
GAB51960 ,11,SHOCK ABSORBER,0,27,0,0,0
GAB51960 ,12,SHOCK ABSORBER,0,27,0,0,0
GAB52025 ,1,SHOCK ABSORBER,18,28,0,0,18
GAB52025 ,2,SHOCK ABSORBER,18,28,2,0,16
GAB52025 ,3,SHOCK ABSORBER,18,28,0,0,16
GAB52025 ,4,SHOCK ABSORBER,18,28,1,0,15
GAB52025 ,5,SHOCK ABSORBER,18,28,1,0,14
GAB52025 ,6,SHOCK ABSORBER,18,28,0,0,14
GAB52025 ,7,SHOCK ABSORBER,18,28,2,0,12
GAB52025 ,8,SHOCK ABSORBER,18,28,0,0,12
GAB52025 ,9,SHOCK ABSORBER,18,28,4,0,8
GAB52025 ,10,SHOCK ABSORBER,18,28,0,0,8
GAB52025 ,11,SHOCK ABSORBER,18,28,2,0,6
GAB52025 ,12,SHOCK ABSORBER,18,28,0,0,6
GAB52028 ,1,SHOCK ABSORBER,1,29,0,0,1
GAB52028 ,2,SHOCK ABSORBER,1,29,0,0,1
GAB52028 ,3,SHOCK ABSORBER,1,29,0,0,1
GAB52028 ,4,SHOCK ABSORBER,1,29,0,0,1
GAB52028 ,5,SHOCK ABSORBER,1,29,0,0,1
GAB52028 ,6,SHOCK ABSORBER,1,29,0,0,1
GAB52028 ,7,SHOCK ABSORBER,1,29,0,0,1
GAB52028 ,8,SHOCK ABSORBER,1,29,0,0,1
GAB52028 ,9,SHOCK ABSORBER,1,29,0,0,1
GAB52028 ,10,SHOCK ABSORBER,1,29,0,0,1
GAB52028 ,11,SHOCK ABSORBER,1,29,0,0,1
GAB52028 ,12,SHOCK ABSORBER,1,29,0,0,1
GAB52029 ,1,SHOCK ABSORBER,0,30,0,0,0
GAB52029 ,2,SHOCK ABSORBER,0,30,0,0,0
GAB52029 ,3,SHOCK ABSORBER,0,30,0,0,0
GAB52029 ,4,SHOCK ABSORBER,0,30,0,0,0
GAB52029 ,5,SHOCK ABSORBER,0,30,0,0,0
GAB52029 ,6,SHOCK ABSORBER,0,30,0,0,0
GAB52029 ,7,SHOCK ABSORBER,0,30,0,0,0
GAB52029 ,8,SHOCK ABSORBER,0,30,0,0,0
GAB52029 ,9,SHOCK ABSORBER,0,30,0,0,0
GAB52029 ,10,SHOCK ABSORBER,0,30,0,0,0
GAB52029 ,11,SHOCK ABSORBER,0,30,0,0,0
GAB52029 ,12,SHOCK ABSORBER,0,30,0,0,0
GAB52125 ,1,SHOCK ABSORBER,23,31,2,0,21
GAB52125 ,2,SHOCK ABSORBER,23,31,2,0,19
GAB52125 ,3,SHOCK ABSORBER,23,31,2,0,17
GAB52125 ,4,SHOCK ABSORBER,23,31,0,0,17
GAB52125 ,5,SHOCK ABSORBER,23,31,0,0,17
GAB52125 ,6,SHOCK ABSORBER,23,31,2,0,15
GAB52125 ,7,SHOCK ABSORBER,23,31,4,0,11
GAB52125 ,8,SHOCK ABSORBER,23,31,0,0,11
GAB52125 ,9,SHOCK ABSORBER,23,31,0,0,11
GAB52125 ,10,SHOCK ABSORBER,23,31,2,0,9
GAB52125 ,11,SHOCK ABSORBER,23,31,4,0,5
GAB52125 ,12,SHOCK ABSORBER,23,31,0,0,5
GAB52125-X ,1,SHOCK ABSORBER,0,32,0,0,0
GAB52125-X ,2,SHOCK ABSORBER,0,32,0,0,0
GAB52125-X ,3,SHOCK ABSORBER,0,32,0,0,0
GAB52125-X ,4,SHOCK ABSORBER,0,32,0,0,0
GAB52125-X ,5,SHOCK ABSORBER,0,32,0,0,0
GAB52125-X ,6,SHOCK ABSORBER,0,32,0,0,0
GAB52125-X ,7,SHOCK ABSORBER,0,32,0,0,0
GAB52125-X ,8,SHOCK ABSORBER,0,32,0,0,0
GAB52125-X ,9,SHOCK ABSORBER,0,32,0,0,0
GAB52125-X ,10,SHOCK ABSORBER,0,32,0,0,0
GAB52125-X ,11,SHOCK ABSORBER,0,32,0,0,0
GAB52125-X ,12,SHOCK ABSORBER,0,32,0,0,0
GAB52127 ,1,SHOCK ABSORBER,10,33,0,0,10
GAB52127 ,2,SHOCK ABSORBER,10,33,0,0,10
GAB52127 ,3,SHOCK ABSORBER,10,33,0,0,10
GAB52127 ,4,SHOCK ABSORBER,10,33,0,0,10
GAB52127 ,5,SHOCK ABSORBER,10,33,0,0,10
GAB52127 ,6,SHOCK ABSORBER,10,33,0,0,10
GAB52127 ,7,SHOCK ABSORBER,10,33,0,0,10
GAB52127 ,8,SHOCK ABSORBER,10,33,0,0,10
GAB52127 ,9,SHOCK ABSORBER,10,33,0,0,10
GAB52127 ,10,SHOCK ABSORBER,10,33,0,0,10
GAB52127 ,11,SHOCK ABSORBER,10,33,1,0,9
GAB52127 ,12,SHOCK ABSORBER,10,33,1,0,8
GAB52128 ,1,SHOCK ABSORBER,13,34,0,0,13
GAB52128 ,2,SHOCK ABSORBER,13,34,0,0,13
GAB52128 ,3,SHOCK ABSORBER,13,34,0,0,13
GAB52128 ,4,SHOCK ABSORBER,13,34,0,0,13
GAB52128 ,5,SHOCK ABSORBER,13,34,0,0,13
GAB52128 ,6,SHOCK ABSORBER,13,34,0,0,13
GAB52128 ,7,SHOCK ABSORBER,13,34,0,0,13
GAB52128 ,8,SHOCK ABSORBER,13,34,0,0,13
GAB52128 ,9,SHOCK ABSORBER,13,34,0,0,13
GAB52128 ,10,SHOCK ABSORBER,13,34,0,0,13
GAB52128 ,11,SHOCK ABSORBER,13,34,1,0,12
GAB52128 ,12,SHOCK ABSORBER,13,34,0,0,12
GAB52278 ,1,SHOCK ABSORBER,5,35,1,12,16
GAB52278 ,2,SHOCK ABSORBER,5,35,1,0,15
GAB52278 ,3,SHOCK ABSORBER,5,35,2,0,13
GAB52278 ,4,SHOCK ABSORBER,5,35,4,0,9
GAB52278 ,5,SHOCK ABSORBER,5,35,1,0,8
GAB52278 ,6,SHOCK ABSORBER,5,35,1,0,7
GAB52278 ,7,SHOCK ABSORBER,5,35,6,0,0
GAB52278 ,8,SHOCK ABSORBER,5,35,0,0,0
GAB52278 ,9,SHOCK ABSORBER,5,35,0,0,0
GAB52278 ,10,SHOCK ABSORBER,5,35,0,16,16
GAB52278 ,11,SHOCK ABSORBER,5,35,3,0,13
GAB52278 ,12,SHOCK ABSORBER,5,35,2,0,11
GAB52279 ,1,SHOCK ABSORBER,4,36,1,12,15
GAB52279 ,2,SHOCK ABSORBER,4,36,1,0,14
GAB52279 ,3,SHOCK ABSORBER,4,36,2,0,12
GAB52279 ,4,SHOCK ABSORBER,4,36,3,0,9
GAB52279 ,5,SHOCK ABSORBER,4,36,1,0,8
GAB52279 ,6,SHOCK ABSORBER,4,36,1,0,7
GAB52279 ,7,SHOCK ABSORBER,4,36,6,0,1
GAB52279 ,8,SHOCK ABSORBER,4,36,0,0,1
GAB52279 ,9,SHOCK ABSORBER,4,36,0,0,1
GAB52279 ,10,SHOCK ABSORBER,4,36,0,10,11
GAB52279 ,11,SHOCK ABSORBER,4,36,3,0,8
GAB52279 ,12,SHOCK ABSORBER,4,36,2,0,6
GAB52351 ,1,SHOCK ABSORBER,15,37,0,0,15
GAB52351 ,2,SHOCK ABSORBER,15,37,0,0,15
GAB52351 ,3,SHOCK ABSORBER,15,37,1,0,14
GAB52351 ,4,SHOCK ABSORBER,15,37,0,0,14
GAB52351 ,5,SHOCK ABSORBER,15,37,0,0,14
GAB52351 ,6,SHOCK ABSORBER,15,37,0,0,14
GAB52351 ,7,SHOCK ABSORBER,15,37,0,0,14
GAB52351 ,8,SHOCK ABSORBER,15,37,1,0,13
GAB52351 ,9,SHOCK ABSORBER,15,37,2,0,11
GAB52351 ,10,SHOCK ABSORBER,15,37,1,0,10
GAB52351 ,11,SHOCK ABSORBER,15,37,0,0,10
GAB52351 ,12,SHOCK ABSORBER,15,37,0,0,10
GAB52352 ,1,SHOCK ABSORBER,10,38,1,0,9
GAB52352 ,2,SHOCK ABSORBER,10,38,1,0,8
GAB52352 ,3,SHOCK ABSORBER,10,38,1,0,7
GAB52352 ,4,SHOCK ABSORBER,10,38,0,0,7
GAB52352 ,5,SHOCK ABSORBER,10,38,0,0,7
GAB52352 ,6,SHOCK ABSORBER,10,38,0,0,7
GAB52352 ,7,SHOCK ABSORBER,10,38,0,0,7
GAB52352 ,8,SHOCK ABSORBER,10,38,1,0,6
GAB52352 ,9,SHOCK ABSORBER,10,38,2,0,4
GAB52352 ,10,SHOCK ABSORBER,10,38,1,0,3
GAB52352 ,11,SHOCK ABSORBER,10,38,0,0,3
GAB52352 ,12,SHOCK ABSORBER,10,38,0,0,3
GAB52406 ,1,SHOCK ABSORBER,10,39,0,0,10
GAB52406 ,2,SHOCK ABSORBER,10,39,0,0,10
GAB52406 ,3,SHOCK ABSORBER,10,39,0,0,10
GAB52406 ,4,SHOCK ABSORBER,10,39,0,0,10
GAB52406 ,5,SHOCK ABSORBER,10,39,0,0,10
GAB52406 ,6,SHOCK ABSORBER,10,39,0,0,10
GAB52406 ,7,SHOCK ABSORBER,10,39,0,0,10
GAB52406 ,8,SHOCK ABSORBER,10,39,0,0,10
GAB52406 ,9,SHOCK ABSORBER,10,39,0,0,10
GAB52406 ,10,SHOCK ABSORBER,10,39,0,0,10
GAB52406 ,11,SHOCK ABSORBER,10,39,0,0,10
GAB52406 ,12,SHOCK ABSORBER,10,39,0,0,10
GAB52889 ,1,SHOCK ABSORBER,11,40,0,0,11
GAB52889 ,2,SHOCK ABSORBER,11,40,1,24,34
GAB52889 ,3,SHOCK ABSORBER,11,40,1,0,33
GAB52889 ,4,SHOCK ABSORBER,11,40,0,0,33
GAB52889 ,5,SHOCK ABSORBER,11,40,1,0,32
GAB52889 ,6,SHOCK ABSORBER,11,40,0,0,32
GAB52889 ,7,SHOCK ABSORBER,11,40,1,0,31
GAB52889 ,8,SHOCK ABSORBER,11,40,0,0,31
GAB52889 ,9,SHOCK ABSORBER,11,40,4,0,27
GAB52889 ,10,SHOCK ABSORBER,11,40,5,0,22
GAB52889 ,11,SHOCK ABSORBER,11,40,2,0,20
GAB52889 ,12,SHOCK ABSORBER,11,40,0,0,20
GAB52890 ,1,SHOCK ABSORBER,7,41,0,0,7
GAB52890 ,2,SHOCK ABSORBER,7,41,1,24,30
GAB52890 ,3,SHOCK ABSORBER,7,41,1,0,29
GAB52890 ,4,SHOCK ABSORBER,7,41,0,0,29
GAB52890 ,5,SHOCK ABSORBER,7,41,1,0,28
GAB52890 ,6,SHOCK ABSORBER,7,41,1,0,27
GAB52890 ,7,SHOCK ABSORBER,7,41,1,0,26
GAB52890 ,8,SHOCK ABSORBER,7,41,0,0,26
GAB52890 ,9,SHOCK ABSORBER,7,41,4,0,22
GAB52890 ,10,SHOCK ABSORBER,7,41,3,0,19
GAB52890 ,11,SHOCK ABSORBER,7,41,2,0,17
GAB52890 ,12,SHOCK ABSORBER,7,41,1,0,16
GAB55514 ,1,SHOCK ABSORBER,0,42,0,0,0
GAB55514 ,2,SHOCK ABSORBER,0,42,0,0,0
GAB55514 ,3,SHOCK ABSORBER,0,42,0,0,0
GAB55514 ,4,SHOCK ABSORBER,0,42,0,0,0
GAB55514 ,5,SHOCK ABSORBER,0,42,0,0,0
GAB55514 ,6,SHOCK ABSORBER,0,42,0,0,0
GAB55514 ,7,SHOCK ABSORBER,0,42,0,0,0
GAB55514 ,8,SHOCK ABSORBER,0,42,0,0,0
GAB55514 ,9,SHOCK ABSORBER,0,42,0,0,0
GAB55514 ,10,SHOCK ABSORBER,0,42,0,0,0
GAB55514 ,11,SHOCK ABSORBER,0,42,0,0,0
GAB55514 ,12,SHOCK ABSORBER,0,42,0,0,0
GAB55551 ,1,SHOCK ABSORBER,10,43,0,0,10
GAB55551 ,2,SHOCK ABSORBER,10,43,0,0,10
GAB55551 ,3,SHOCK ABSORBER,10,43,0,0,10
GAB55551 ,4,SHOCK ABSORBER,10,43,0,0,10
GAB55551 ,5,SHOCK ABSORBER,10,43,0,0,10
GAB55551 ,6,SHOCK ABSORBER,10,43,6,0,4
GAB55551 ,7,SHOCK ABSORBER,10,43,0,0,4
GAB55551 ,8,SHOCK ABSORBER,10,43,0,0,4
GAB55551 ,9,SHOCK ABSORBER,10,43,0,0,4
GAB55551 ,10,SHOCK ABSORBER,10,43,0,0,4
GAB55551 ,11,SHOCK ABSORBER,10,43,0,0,4
GAB55551 ,12,SHOCK ABSORBER,10,43,0,0,4
GAB55674 ,1,SHOCK ABSORBER,0,44,0,0,0
GAB55674 ,2,SHOCK ABSORBER,0,44,0,0,0
GAB55674 ,3,SHOCK ABSORBER,0,44,0,0,0
GAB55674 ,4,SHOCK ABSORBER,0,44,0,0,0
GAB55674 ,5,SHOCK ABSORBER,0,44,0,0,0
GAB55674 ,6,SHOCK ABSORBER,0,44,0,0,0
GAB55674 ,7,SHOCK ABSORBER,0,44,0,0,0
GAB55674 ,8,SHOCK ABSORBER,0,44,0,0,0
GAB55674 ,9,SHOCK ABSORBER,0,44,0,0,0
GAB55674 ,10,SHOCK ABSORBER,0,44,0,0,0
GAB55674 ,11,SHOCK ABSORBER,0,44,0,0,0
GAB55674 ,12,SHOCK ABSORBER,0,44,0,0,0
GAB55674L ,1,SHOCK ABSORBER,38,45,0,0,38
GAB55674L ,2,SHOCK ABSORBER,38,45,0,0,38
GAB55674L ,3,SHOCK ABSORBER,38,45,1,0,37
GAB55674L ,4,SHOCK ABSORBER,38,45,1,0,36
GAB55674L ,5,SHOCK ABSORBER,38,45,0,0,36
GAB55674L ,6,SHOCK ABSORBER,38,45,0,0,36
GAB55674L ,7,SHOCK ABSORBER,38,45,0,0,36
GAB55674L ,8,SHOCK ABSORBER,38,45,0,0,36
GAB55674L ,9,SHOCK ABSORBER,38,45,2,0,34
GAB55674L ,10,SHOCK ABSORBER,38,45,3,0,31
GAB55674L ,11,SHOCK ABSORBER,38,45,2,0,29
GAB55674L ,12,SHOCK ABSORBER,38,45,2,0,27
GAB55674R ,1,SHOCK ABSORBER,34,46,0,0,34
GAB55674R ,2,SHOCK ABSORBER,34,46,0,0,34
GAB55674R ,3,SHOCK ABSORBER,34,46,1,0,33
GAB55674R ,4,SHOCK ABSORBER,34,46,1,0,32
GAB55674R ,5,SHOCK ABSORBER,34,46,0,0,32
GAB55674R ,6,SHOCK ABSORBER,34,46,0,0,32
GAB55674R ,7,SHOCK ABSORBER,34,46,0,0,32
GAB55674R ,8,SHOCK ABSORBER,34,46,1,0,31
GAB55674R ,9,SHOCK ABSORBER,34,46,2,0,29
GAB55674R ,10,SHOCK ABSORBER,34,46,3,0,26
GAB55674R ,11,SHOCK ABSORBER,34,46,2,0,24
GAB55674R ,12,SHOCK ABSORBER,34,46,2,0,22
GAB55681 ,1,SHOCK ABSORBER,0,47,0,0,0
GAB55681 ,2,SHOCK ABSORBER,0,47,0,0,0
GAB55681 ,3,SHOCK ABSORBER,0,47,0,0,0
GAB55681 ,4,SHOCK ABSORBER,0,47,0,0,0
GAB55681 ,5,SHOCK ABSORBER,0,47,0,0,0
GAB55681 ,6,SHOCK ABSORBER,0,47,0,0,0
GAB55681 ,7,SHOCK ABSORBER,0,47,0,0,0
GAB55681 ,8,SHOCK ABSORBER,0,47,0,16,16
GAB55681 ,9,SHOCK ABSORBER,0,47,10,0,6
GAB55681 ,10,SHOCK ABSORBER,0,47,0,0,6
GAB55681 ,11,SHOCK ABSORBER,0,47,6,0,0
GAB55681 ,12,SHOCK ABSORBER,0,47,0,0,0
GAB55948 ,1,SHOCK ABSORBER,1,48,0,0,1
GAB55948 ,2,SHOCK ABSORBER,1,48,0,0,1
GAB55948 ,3,SHOCK ABSORBER,1,48,0,0,1
GAB55948 ,4,SHOCK ABSORBER,1,48,0,0,1
GAB55948 ,5,SHOCK ABSORBER,1,48,0,0,1
GAB55948 ,6,SHOCK ABSORBER,1,48,0,0,1
GAB55948 ,7,SHOCK ABSORBER,1,48,0,0,1
GAB55948 ,8,SHOCK ABSORBER,1,48,0,0,1
GAB55948 ,9,SHOCK ABSORBER,1,48,0,0,1
GAB55948 ,10,SHOCK ABSORBER,1,48,0,0,1
GAB55948 ,11,SHOCK ABSORBER,1,48,0,0,1
GAB55948 ,12,SHOCK ABSORBER,1,48,0,0,1
GAB56807 ,1,SHOCK ABSORBER,0,49,0,4,4
GAB56807 ,2,SHOCK ABSORBER,0,49,0,0,4
GAB56807 ,3,SHOCK ABSORBER,0,49,0,0,4
GAB56807 ,4,SHOCK ABSORBER,0,49,0,4,8
GAB56807 ,5,SHOCK ABSORBER,0,49,0,0,8
GAB56807 ,6,SHOCK ABSORBER,0,49,2,0,6
GAB56807 ,7,SHOCK ABSORBER,0,49,0,0,6
GAB56807 ,8,SHOCK ABSORBER,0,49,0,0,6
GAB56807 ,9,SHOCK ABSORBER,0,49,0,0,6
GAB56807 ,10,SHOCK ABSORBER,0,49,0,0,6
GAB56807 ,11,SHOCK ABSORBER,0,49,0,0,6
GAB56807 ,12,SHOCK ABSORBER,0,49,0,0,6
GAB56817 ,1,SHOCK ABSORBER,4,50,0,0,4
GAB56817 ,2,SHOCK ABSORBER,4,50,0,16,20
GAB56817 ,3,SHOCK ABSORBER,4,50,0,0,20
GAB56817 ,4,SHOCK ABSORBER,4,50,0,0,20
GAB56817 ,5,SHOCK ABSORBER,4,50,2,0,18
GAB56817 ,6,SHOCK ABSORBER,4,50,3,0,15
GAB56817 ,7,SHOCK ABSORBER,4,50,0,0,15
GAB56817 ,8,SHOCK ABSORBER,4,50,0,0,15
GAB56817 ,9,SHOCK ABSORBER,4,50,0,0,15
GAB56817 ,10,SHOCK ABSORBER,4,50,0,0,15
GAB56817 ,11,SHOCK ABSORBER,4,50,6,0,9
GAB56817 ,12,SHOCK ABSORBER,4,50,2,0,7
GAB56823 ,1,SHOCK ABSORBER,27,51,1,0,26
GAB56823 ,2,SHOCK ABSORBER,27,51,1,20,45
GAB56823 ,3,SHOCK ABSORBER,27,51,2,0,43
GAB56823 ,4,SHOCK ABSORBER,27,51,2,0,41
GAB56823 ,5,SHOCK ABSORBER,27,51,2,0,39
GAB56823 ,6,SHOCK ABSORBER,27,51,2,0,37
GAB56823 ,7,SHOCK ABSORBER,27,51,5,0,32
GAB56823 ,8,SHOCK ABSORBER,27,51,6,0,26
GAB56823 ,9,SHOCK ABSORBER,27,51,5,0,21
GAB56823 ,10,SHOCK ABSORBER,27,51,4,0,17
GAB56823 ,11,SHOCK ABSORBER,27,51,7,0,10
GAB56823 ,12,SHOCK ABSORBER,27,51,4,0,6
GAB56824 ,1,SHOCK ABSORBER,25,52,3,0,22
GAB56824 ,2,SHOCK ABSORBER,25,52,1,20,41
GAB56824 ,3,SHOCK ABSORBER,25,52,2,0,39
GAB56824 ,4,SHOCK ABSORBER,25,52,2,0,37
GAB56824 ,5,SHOCK ABSORBER,25,52,2,0,35
GAB56824 ,6,SHOCK ABSORBER,25,52,2,0,33
GAB56824 ,7,SHOCK ABSORBER,25,52,5,0,28
GAB56824 ,8,SHOCK ABSORBER,25,52,6,0,22
GAB56824 ,9,SHOCK ABSORBER,25,52,5,0,17
GAB56824 ,10,SHOCK ABSORBER,25,52,3,0,14
GAB56824 ,11,SHOCK ABSORBER,25,52,9,0,5
GAB56824 ,12,SHOCK ABSORBER,25,52,4,0,1
GAB56838 ,1,SHOCK ABSORBER,26,53,2,0,24
GAB56838 ,2,SHOCK ABSORBER,26,53,0,0,24
GAB56838 ,3,SHOCK ABSORBER,26,53,0,0,24
GAB56838 ,4,SHOCK ABSORBER,26,53,0,0,24
GAB56838 ,5,SHOCK ABSORBER,26,53,0,0,24
GAB56838 ,6,SHOCK ABSORBER,26,53,0,0,24
GAB56838 ,7,SHOCK ABSORBER,26,53,0,0,24
GAB56838 ,8,SHOCK ABSORBER,26,53,0,0,24
GAB56838 ,9,SHOCK ABSORBER,26,53,0,0,24
GAB56838 ,10,SHOCK ABSORBER,26,53,0,0,24
GAB56838 ,11,SHOCK ABSORBER,26,53,0,0,24
GAB56838 ,12,SHOCK ABSORBER,26,53,0,0,24
GAB56839 ,1,SHOCK ABSORBER,2,54,0,6,8
GAB56839 ,2,SHOCK ABSORBER,2,54,0,0,8
GAB56839 ,3,SHOCK ABSORBER,2,54,0,0,8
GAB56839 ,4,SHOCK ABSORBER,2,54,0,0,8
GAB56839 ,5,SHOCK ABSORBER,2,54,2,0,6
GAB56839 ,6,SHOCK ABSORBER,2,54,0,0,6
GAB56839 ,7,SHOCK ABSORBER,2,54,0,0,6
GAB56839 ,8,SHOCK ABSORBER,2,54,0,0,6
GAB56839 ,9,SHOCK ABSORBER,2,54,0,0,6
GAB56839 ,10,SHOCK ABSORBER,2,54,0,0,6
GAB56839 ,11,SHOCK ABSORBER,2,54,0,0,6
GAB56839 ,12,SHOCK ABSORBER,2,54,2,0,4
GAB56840 ,1,SHOCK ABSORBER,1,55,0,0,1
GAB56840 ,2,SHOCK ABSORBER,1,55,0,0,1
GAB56840 ,3,SHOCK ABSORBER,1,55,0,0,1
GAB56840 ,4,SHOCK ABSORBER,1,55,0,0,1
GAB56840 ,5,SHOCK ABSORBER,1,55,0,0,1
GAB56840 ,6,SHOCK ABSORBER,1,55,0,0,1
GAB56840 ,7,SHOCK ABSORBER,1,55,0,0,1
GAB56840 ,8,SHOCK ABSORBER,1,55,0,0,1
GAB56840 ,9,SHOCK ABSORBER,1,55,0,0,1
GAB56840 ,10,SHOCK ABSORBER,1,55,0,0,1
GAB56840 ,11,SHOCK ABSORBER,1,55,0,0,1
GAB56840 ,12,SHOCK ABSORBER,1,55,0,0,1
GAB56841 ,1,SHOCK ABSORBER,2,56,0,0,2
GAB56841 ,2,SHOCK ABSORBER,2,56,0,0,2
GAB56841 ,3,SHOCK ABSORBER,2,56,0,0,2
GAB56841 ,4,SHOCK ABSORBER,2,56,0,0,2
GAB56841 ,5,SHOCK ABSORBER,2,56,0,0,2
GAB56841 ,6,SHOCK ABSORBER,2,56,0,0,2
GAB56841 ,7,SHOCK ABSORBER,2,56,0,0,2
GAB56841 ,8,SHOCK ABSORBER,2,56,0,0,2
GAB56841 ,9,SHOCK ABSORBER,2,56,0,0,2
GAB56841 ,10,SHOCK ABSORBER,2,56,1,0,1
GAB56841 ,11,SHOCK ABSORBER,2,56,0,0,1
GAB56841 ,12,SHOCK ABSORBER,2,56,0,0,1
GAB56848 ,1,SHOCK ABSORBER,0,57,0,0,0
GAB56848 ,2,SHOCK ABSORBER,0,57,0,20,20
GAB56848 ,3,SHOCK ABSORBER,0,57,0,0,20
GAB56848 ,4,SHOCK ABSORBER,0,57,0,0,20
GAB56848 ,5,SHOCK ABSORBER,0,57,1,0,19
GAB56848 ,6,SHOCK ABSORBER,0,57,0,0,19
GAB56848 ,7,SHOCK ABSORBER,0,57,0,0,19
GAB56848 ,8,SHOCK ABSORBER,0,57,0,0,19
GAB56848 ,9,SHOCK ABSORBER,0,57,1,0,18
GAB56848 ,10,SHOCK ABSORBER,0,57,0,0,18
GAB56848 ,11,SHOCK ABSORBER,0,57,1,0,17
GAB56848 ,12,SHOCK ABSORBER,0,57,0,0,17
GAB56849 ,1,SHOCK ABSORBER,0,58,0,0,0
GAB56849 ,2,SHOCK ABSORBER,0,58,0,20,20
GAB56849 ,3,SHOCK ABSORBER,0,58,0,0,20
GAB56849 ,4,SHOCK ABSORBER,0,58,0,0,20
GAB56849 ,5,SHOCK ABSORBER,0,58,1,0,19
GAB56849 ,6,SHOCK ABSORBER,0,58,0,0,19
GAB56849 ,7,SHOCK ABSORBER,0,58,0,0,19
GAB56849 ,8,SHOCK ABSORBER,0,58,0,0,19
GAB56849 ,9,SHOCK ABSORBER,0,58,1,0,18
GAB56849 ,10,SHOCK ABSORBER,0,58,0,0,18
GAB56849 ,11,SHOCK ABSORBER,0,58,1,0,17
GAB56849 ,12,SHOCK ABSORBER,0,58,0,0,17
GAB57111 ,1,SHOCK ABSORBER,0,59,0,0,0
GAB57111 ,2,SHOCK ABSORBER,0,59,0,0,0
GAB57111 ,3,SHOCK ABSORBER,0,59,0,0,0
GAB57111 ,4,SHOCK ABSORBER,0,59,0,0,0
GAB57111 ,5,SHOCK ABSORBER,0,59,0,0,0
GAB57111 ,6,SHOCK ABSORBER,0,59,0,0,0
GAB57111 ,7,SHOCK ABSORBER,0,59,0,0,0
GAB57111 ,8,SHOCK ABSORBER,0,59,0,0,0
GAB57111 ,9,SHOCK ABSORBER,0,59,0,0,0
GAB57111 ,10,SHOCK ABSORBER,0,59,0,0,0
GAB57111 ,11,SHOCK ABSORBER,0,59,0,0,0
GAB57111 ,12,SHOCK ABSORBER,0,59,0,0,0
GAB57716 ,1,SHOCK ABSORBER,0,60,0,0,0
GAB57716 ,2,SHOCK ABSORBER,0,60,0,0,0
GAB57716 ,3,SHOCK ABSORBER,0,60,0,0,0
GAB57716 ,4,SHOCK ABSORBER,0,60,0,0,0
GAB57716 ,5,SHOCK ABSORBER,0,60,0,0,0
GAB57716 ,6,SHOCK ABSORBER,0,60,0,0,0
GAB57716 ,7,SHOCK ABSORBER,0,60,0,0,0
GAB57716 ,8,SHOCK ABSORBER,0,60,0,0,0
GAB57716 ,9,SHOCK ABSORBER,0,60,0,0,0
GAB57716 ,10,SHOCK ABSORBER,0,60,0,0,0
GAB57716 ,11,SHOCK ABSORBER,0,60,0,0,0
GAB57716 ,12,SHOCK ABSORBER,0,60,0,0,0
GAB57717 ,1,SHOCK ABSORBER,0,61,0,0,0
GAB57717 ,2,SHOCK ABSORBER,0,61,0,0,0
GAB57717 ,3,SHOCK ABSORBER,0,61,0,0,0
GAB57717 ,4,SHOCK ABSORBER,0,61,0,0,0
GAB57717 ,5,SHOCK ABSORBER,0,61,0,0,0
GAB57717 ,6,SHOCK ABSORBER,0,61,0,0,0
GAB57717 ,7,SHOCK ABSORBER,0,61,0,0,0
GAB57717 ,8,SHOCK ABSORBER,0,61,0,0,0
GAB57717 ,9,SHOCK ABSORBER,0,61,0,0,0
GAB57717 ,10,SHOCK ABSORBER,0,61,0,0,0
GAB57717 ,11,SHOCK ABSORBER,0,61,0,0,0
GAB57717 ,12,SHOCK ABSORBER,0,61,0,0,0
GAB58930 ,1,SHOCK ABSORBER,5,62,2,0,3
GAB58930 ,2,SHOCK ABSORBER,5,62,6,299,296
GAB58930 ,3,SHOCK ABSORBER,5,62,18,0,278
GAB58930 ,4,SHOCK ABSORBER,5,62,24,0,254
GAB58930 ,5,SHOCK ABSORBER,5,62,6,0,248
GAB58930 ,6,SHOCK ABSORBER,5,62,8,0,240
GAB58930 ,7,SHOCK ABSORBER,5,62,19,0,221
GAB58930 ,8,SHOCK ABSORBER,5,62,23,0,198
GAB58930 ,9,SHOCK ABSORBER,5,62,18,0,180
GAB58930 ,10,SHOCK ABSORBER,5,62,23,0,157
GAB58930 ,11,SHOCK ABSORBER,5,62,32,0,125
GAB58930 ,12,SHOCK ABSORBER,5,62,19,0,106
GAB59024 ,1,SHOCK ABSORBER,0,63,0,0,0
GAB59024 ,2,SHOCK ABSORBER,0,63,0,0,0
GAB59024 ,3,SHOCK ABSORBER,0,63,0,0,0
GAB59024 ,4,SHOCK ABSORBER,0,63,0,0,0
GAB59024 ,5,SHOCK ABSORBER,0,63,0,0,0
GAB59024 ,6,SHOCK ABSORBER,0,63,0,0,0
GAB59024 ,7,SHOCK ABSORBER,0,63,0,0,0
GAB59024 ,8,SHOCK ABSORBER,0,63,0,0,0
GAB59024 ,9,SHOCK ABSORBER,0,63,0,0,0
GAB59024 ,10,SHOCK ABSORBER,0,63,0,0,0
GAB59024 ,11,SHOCK ABSORBER,0,63,0,0,0
GAB59024 ,12,SHOCK ABSORBER,0,63,0,0,0
GAB61517 ,1,SHOCK ABSORBER,14,64,0,0,14
GAB61517 ,2,SHOCK ABSORBER,14,64,0,0,14
GAB61517 ,3,SHOCK ABSORBER,14,64,0,0,14
GAB61517 ,4,SHOCK ABSORBER,14,64,0,0,14
GAB61517 ,5,SHOCK ABSORBER,14,64,2,0,12
GAB61517 ,6,SHOCK ABSORBER,14,64,0,0,12
GAB61517 ,7,SHOCK ABSORBER,14,64,6,0,6
GAB61517 ,8,SHOCK ABSORBER,14,64,2,0,4
GAB61517 ,9,SHOCK ABSORBER,14,64,2,0,2
GAB61517 ,10,SHOCK ABSORBER,14,64,2,10,10
GAB61517 ,11,SHOCK ABSORBER,14,64,6,0,4
GAB61517 ,12,SHOCK ABSORBER,14,64,2,0,2
GAB61522 ,1,SHOCK ABSORBER,18,65,0,0,18
GAB61522 ,2,SHOCK ABSORBER,18,65,0,0,18
GAB61522 ,3,SHOCK ABSORBER,18,65,0,0,18
GAB61522 ,4,SHOCK ABSORBER,18,65,2,0,16
GAB61522 ,5,SHOCK ABSORBER,18,65,0,0,16
GAB61522 ,6,SHOCK ABSORBER,18,65,0,0,16
GAB61522 ,7,SHOCK ABSORBER,18,65,6,0,10
GAB61522 ,8,SHOCK ABSORBER,18,65,0,0,10
GAB61522 ,9,SHOCK ABSORBER,18,65,0,0,10
GAB61522 ,10,SHOCK ABSORBER,18,65,0,0,10
GAB61522 ,11,SHOCK ABSORBER,18,65,8,0,2
GAB61522 ,12,SHOCK ABSORBER,18,65,1,0,1
GAB61696 ,1,SHOCK ABSORBER,10,66,0,0,10
GAB61696 ,2,SHOCK ABSORBER,10,66,2,0,8
GAB61696 ,3,SHOCK ABSORBER,10,66,0,0,8
GAB61696 ,4,SHOCK ABSORBER,10,66,0,0,8
GAB61696 ,5,SHOCK ABSORBER,10,66,0,0,8
GAB61696 ,6,SHOCK ABSORBER,10,66,0,0,8
GAB61696 ,7,SHOCK ABSORBER,10,66,2,0,6
GAB61696 ,8,SHOCK ABSORBER,10,66,0,0,6
GAB61696 ,9,SHOCK ABSORBER,10,66,0,0,6
GAB61696 ,10,SHOCK ABSORBER,10,66,0,0,6
GAB61696 ,11,SHOCK ABSORBER,10,66,6,0,0
GAB61696 ,12,SHOCK ABSORBER,10,66,0,0,0
GAB61711 ,1,SHOCK ABSORBER,26,67,0,0,26
GAB61711 ,2,SHOCK ABSORBER,26,67,0,0,26
GAB61711 ,3,SHOCK ABSORBER,26,67,0,0,26
GAB61711 ,4,SHOCK ABSORBER,26,67,0,0,26
GAB61711 ,5,SHOCK ABSORBER,26,67,0,0,26
GAB61711 ,6,SHOCK ABSORBER,26,67,0,0,26
GAB61711 ,7,SHOCK ABSORBER,26,67,0,0,26
GAB61711 ,8,SHOCK ABSORBER,26,67,0,0,26
GAB61711 ,9,SHOCK ABSORBER,26,67,0,0,26
GAB61711 ,10,SHOCK ABSORBER,26,67,0,0,26
GAB61711 ,11,SHOCK ABSORBER,26,67,4,0,22
GAB61711 ,12,SHOCK ABSORBER,26,67,0,0,22
GAB61718 ,1,SHOCK ABSORBER,0,68,0,10,10
GAB61718 ,2,SHOCK ABSORBER,0,68,0,0,10
GAB61718 ,3,SHOCK ABSORBER,0,68,0,0,10
GAB61718 ,4,SHOCK ABSORBER,0,68,0,0,10
GAB61718 ,5,SHOCK ABSORBER,0,68,2,0,8
GAB61718 ,6,SHOCK ABSORBER,0,68,0,0,8
GAB61718 ,7,SHOCK ABSORBER,0,68,1,0,7
GAB61718 ,8,SHOCK ABSORBER,0,68,2,0,5
GAB61718 ,9,SHOCK ABSORBER,0,68,0,0,5
GAB61718 ,10,SHOCK ABSORBER,0,68,0,0,5
GAB61718 ,11,SHOCK ABSORBER,0,68,2,0,3
GAB61718 ,12,SHOCK ABSORBER,0,68,0,0,3
GAB63347 ,1,SHOCK ABSORBER,0,69,36,80,44
GAB63347 ,2,SHOCK ABSORBER,0,69,4,0,40
GAB63347 ,3,SHOCK ABSORBER,0,69,0,0,40
GAB63347 ,4,SHOCK ABSORBER,0,69,2,20,58
GAB63347 ,5,SHOCK ABSORBER,0,69,22,0,36
GAB63347 ,6,SHOCK ABSORBER,0,69,4,0,32
GAB63347 ,7,SHOCK ABSORBER,0,69,0,0,32
GAB63347 ,8,SHOCK ABSORBER,0,69,0,0,32
GAB63347 ,9,SHOCK ABSORBER,0,69,4,0,28
GAB63347 ,10,SHOCK ABSORBER,0,69,16,50,62
GAB63347 ,11,SHOCK ABSORBER,0,69,2,0,60
GAB63347 ,12,SHOCK ABSORBER,0,69,2,0,58
GAB63349 ,1,SHOCK ABSORBER,11,70,4,100,107
GAB63349 ,2,SHOCK ABSORBER,11,70,0,0,107
GAB63349 ,3,SHOCK ABSORBER,11,70,0,0,107
GAB63349 ,4,SHOCK ABSORBER,11,70,8,100,199
GAB63349 ,5,SHOCK ABSORBER,11,70,52,0,147
GAB63349 ,6,SHOCK ABSORBER,11,70,16,0,131
GAB63349 ,7,SHOCK ABSORBER,11,70,8,0,123
GAB63349 ,8,SHOCK ABSORBER,11,70,26,0,97
GAB63349 ,9,SHOCK ABSORBER,11,70,18,0,79
GAB63349 ,10,SHOCK ABSORBER,11,70,8,60,131
GAB63349 ,11,SHOCK ABSORBER,11,70,4,0,127
GAB63349 ,12,SHOCK ABSORBER,11,70,16,0,111
GAB63353 ,1,SHOCK ABSORBER,0,71,0,0,0
GAB63353 ,2,SHOCK ABSORBER,0,71,0,0,0
GAB63353 ,3,SHOCK ABSORBER,0,71,0,0,0
GAB63353 ,4,SHOCK ABSORBER,0,71,0,0,0
GAB63353 ,5,SHOCK ABSORBER,0,71,0,0,0
GAB63353 ,6,SHOCK ABSORBER,0,71,0,0,0
GAB63353 ,7,SHOCK ABSORBER,0,71,0,0,0
GAB63353 ,8,SHOCK ABSORBER,0,71,0,0,0
GAB63353 ,9,SHOCK ABSORBER,0,71,0,0,0
GAB63353 ,10,SHOCK ABSORBER,0,71,0,0,0
GAB63353 ,11,SHOCK ABSORBER,0,71,0,0,0
GAB63353 ,12,SHOCK ABSORBER,0,71,0,0,0
GAB63355 ,1,SHOCK ABSORBER,0,72,4,60,56
GAB63355 ,2,SHOCK ABSORBER,0,72,4,0,52
GAB63355 ,3,SHOCK ABSORBER,0,72,4,0,48
GAB63355 ,4,SHOCK ABSORBER,0,72,0,0,48
GAB63355 ,5,SHOCK ABSORBER,0,72,36,0,12
GAB63355 ,6,SHOCK ABSORBER,0,72,12,0,0
GAB63355 ,7,SHOCK ABSORBER,0,72,0,0,0
GAB63355 ,8,SHOCK ABSORBER,0,72,0,0,0
GAB63355 ,9,SHOCK ABSORBER,0,72,0,0,0
GAB63355 ,10,SHOCK ABSORBER,0,72,0,100,100
GAB63355 ,11,SHOCK ABSORBER,0,72,54,0,46
GAB63355 ,12,SHOCK ABSORBER,0,72,10,0,36
GAB63387 ,1,SHOCK ABSORBER,0,73,0,0,0
GAB63387 ,2,SHOCK ABSORBER,0,73,0,0,0
GAB63387 ,3,SHOCK ABSORBER,0,73,0,0,0
GAB63387 ,4,SHOCK ABSORBER,0,73,0,0,0
GAB63387 ,5,SHOCK ABSORBER,0,73,0,0,0
GAB63387 ,6,SHOCK ABSORBER,0,73,0,0,0
GAB63387 ,7,SHOCK ABSORBER,0,73,0,0,0
GAB63387 ,8,SHOCK ABSORBER,0,73,0,0,0
GAB63387 ,9,SHOCK ABSORBER,0,73,0,0,0
GAB63387 ,10,SHOCK ABSORBER,0,73,0,0,0
GAB63387 ,11,SHOCK ABSORBER,0,73,0,0,0
GAB63387 ,12,SHOCK ABSORBER,0,73,0,0,0
GAB63422 ,1,SHOCK ABSORBER,16,74,0,0,16
GAB63422 ,2,SHOCK ABSORBER,16,74,0,0,16
GAB63422 ,3,SHOCK ABSORBER,16,74,0,0,16
GAB63422 ,4,SHOCK ABSORBER,16,74,0,0,16
GAB63422 ,5,SHOCK ABSORBER,16,74,0,0,16
GAB63422 ,6,SHOCK ABSORBER,16,74,0,0,16
GAB63422 ,7,SHOCK ABSORBER,16,74,2,0,14
GAB63422 ,8,SHOCK ABSORBER,16,74,0,0,14
GAB63422 ,9,SHOCK ABSORBER,16,74,0,0,14
GAB63422 ,10,SHOCK ABSORBER,16,74,0,0,14
GAB63422 ,11,SHOCK ABSORBER,16,74,0,0,14
GAB63422 ,12,SHOCK ABSORBER,16,74,0,0,14
GAB63423 ,1,SHOCK ABSORBER,17,75,0,0,17
GAB63423 ,2,SHOCK ABSORBER,17,75,0,0,17
GAB63423 ,3,SHOCK ABSORBER,17,75,0,0,17
GAB63423 ,4,SHOCK ABSORBER,17,75,0,0,17
GAB63423 ,5,SHOCK ABSORBER,17,75,0,0,17
GAB63423 ,6,SHOCK ABSORBER,17,75,0,0,17
GAB63423 ,7,SHOCK ABSORBER,17,75,0,0,17
GAB63423 ,8,SHOCK ABSORBER,17,75,0,0,17
GAB63423 ,9,SHOCK ABSORBER,17,75,0,0,17
GAB63423 ,10,SHOCK ABSORBER,17,75,0,0,17
GAB63423 ,11,SHOCK ABSORBER,17,75,0,0,17
GAB63423 ,12,SHOCK ABSORBER,17,75,0,0,17
GAB63424 ,1,SHOCK ABSORBER,19,76,0,0,19
GAB63424 ,2,SHOCK ABSORBER,19,76,0,0,19
GAB63424 ,3,SHOCK ABSORBER,19,76,0,0,19
GAB63424 ,4,SHOCK ABSORBER,19,76,2,0,17
GAB63424 ,5,SHOCK ABSORBER,19,76,0,0,17
GAB63424 ,6,SHOCK ABSORBER,19,76,4,0,13
GAB63424 ,7,SHOCK ABSORBER,19,76,0,0,13
GAB63424 ,8,SHOCK ABSORBER,19,76,2,0,11
GAB63424 ,9,SHOCK ABSORBER,19,76,4,0,7
GAB63424 ,10,SHOCK ABSORBER,19,76,0,0,7
GAB63424 ,11,SHOCK ABSORBER,19,76,0,0,7
GAB63424 ,12,SHOCK ABSORBER,19,76,2,0,5
GAB63425 ,1,SHOCK ABSORBER,33,77,8,0,25
GAB63425 ,2,SHOCK ABSORBER,33,77,10,0,15
GAB63425 ,3,SHOCK ABSORBER,33,77,2,0,13
GAB63425 ,4,SHOCK ABSORBER,33,77,2,0,11
GAB63425 ,5,SHOCK ABSORBER,33,77,4,0,7
GAB63425 ,6,SHOCK ABSORBER,33,77,2,0,5
GAB63425 ,7,SHOCK ABSORBER,33,77,0,0,3
GAB63425 ,8,SHOCK ABSORBER,33,77,2,0,1
GAB63425 ,9,SHOCK ABSORBER,33,77,0,0,1
GAB63425 ,10,SHOCK ABSORBER,33,77,2,50,49
GAB63425 ,11,SHOCK ABSORBER,33,77,2,0,47
GAB63425 ,12,SHOCK ABSORBER,33,77,2,0,45
GAB63454 ,1,SHOCK ABSORBER,0,78,0,24,24
GAB63454 ,2,SHOCK ABSORBER,0,78,6,0,18
GAB63454 ,3,SHOCK ABSORBER,0,78,0,0,18
GAB63454 ,4,SHOCK ABSORBER,0,78,0,0,18
GAB63454 ,5,SHOCK ABSORBER,0,78,4,0,14
GAB63454 ,6,SHOCK ABSORBER,0,78,4,0,10
GAB63454 ,7,SHOCK ABSORBER,0,78,4,0,6
GAB63454 ,8,SHOCK ABSORBER,0,78,2,0,4
GAB63454 ,9,SHOCK ABSORBER,0,78,4,0,0
GAB63454 ,10,SHOCK ABSORBER,0,78,0,10,10
GAB63454 ,11,SHOCK ABSORBER,0,78,2,0,8
GAB63454 ,12,SHOCK ABSORBER,0,78,2,0,6
GAB63488 ,1,SHOCK ABSORBER,18,79,4,20,34
GAB63488 ,2,SHOCK ABSORBER,18,79,0,0,34
GAB63488 ,3,SHOCK ABSORBER,18,79,2,0,32
GAB63488 ,4,SHOCK ABSORBER,18,79,4,20,48
GAB63488 ,5,SHOCK ABSORBER,18,79,4,0,44
GAB63488 ,6,SHOCK ABSORBER,18,79,10,0,34
GAB63488 ,7,SHOCK ABSORBER,18,79,6,0,28
GAB63488 ,8,SHOCK ABSORBER,18,79,8,0,20
GAB63488 ,9,SHOCK ABSORBER,18,79,4,0,16
GAB63488 ,10,SHOCK ABSORBER,18,79,2,0,14
GAB63488 ,11,SHOCK ABSORBER,18,79,4,0,10
GAB63488 ,12,SHOCK ABSORBER,18,79,6,0,4
GAB63489 ,1,SHOCK ABSORBER,2,80,0,0,2
GAB63489 ,2,SHOCK ABSORBER,2,80,0,0,2
GAB63489 ,3,SHOCK ABSORBER,2,80,0,100,102
GAB63489 ,4,SHOCK ABSORBER,2,80,42,100,160
GAB63489 ,5,SHOCK ABSORBER,2,80,5,0,155
GAB63489 ,6,SHOCK ABSORBER,2,80,18,0,137
GAB63489 ,7,SHOCK ABSORBER,2,80,18,0,117
GAB63489 ,8,SHOCK ABSORBER,2,80,84,0,33
GAB63489 ,9,SHOCK ABSORBER,2,80,20,0,13
GAB63489 ,10,SHOCK ABSORBER,2,80,9,0,4
GAB63489 ,11,SHOCK ABSORBER,2,80,0,0,4
GAB63489 ,12,SHOCK ABSORBER,2,80,0,0,4
GAB63511 ,1,SHOCK ABSORBER,0,81,0,0,0
GAB63511 ,2,SHOCK ABSORBER,0,81,0,0,0
GAB63511 ,3,SHOCK ABSORBER,0,81,0,0,0
GAB63511 ,4,SHOCK ABSORBER,0,81,0,0,0
GAB63511 ,5,SHOCK ABSORBER,0,81,0,0,0
GAB63511 ,6,SHOCK ABSORBER,0,81,0,0,0
GAB63511 ,7,SHOCK ABSORBER,0,81,0,0,0
GAB63511 ,8,SHOCK ABSORBER,0,81,0,0,0
GAB63511 ,9,SHOCK ABSORBER,0,81,0,0,0
GAB63511 ,10,SHOCK ABSORBER,0,81,0,0,0
GAB63511 ,11,SHOCK ABSORBER,0,81,0,0,0
GAB63511 ,12,SHOCK ABSORBER,0,81,0,0,0
GAB63609 ,1,SHOCK ABSORBER,22,82,2,20,40
GAB63609 ,2,SHOCK ABSORBER,22,82,2,0,38
GAB63609 ,3,SHOCK ABSORBER,22,82,4,0,34
GAB63609 ,4,SHOCK ABSORBER,22,82,4,0,30
GAB63609 ,5,SHOCK ABSORBER,22,82,2,0,28
GAB63609 ,6,SHOCK ABSORBER,22,82,6,0,22
GAB63609 ,7,SHOCK ABSORBER,22,82,6,0,16
GAB63609 ,8,SHOCK ABSORBER,22,82,4,0,12
GAB63609 ,9,SHOCK ABSORBER,22,82,2,0,10
GAB63609 ,10,SHOCK ABSORBER,22,82,6,0,4
GAB63609 ,11,SHOCK ABSORBER,22,82,2,0,2
GAB63609 ,12,SHOCK ABSORBER,22,82,0,0,2
GAB63638 ,1,SHOCK ABSORBER,0,83,0,0,0
GAB63638 ,2,SHOCK ABSORBER,0,83,0,0,0
GAB63638 ,3,SHOCK ABSORBER,0,83,0,0,0
GAB63638 ,4,SHOCK ABSORBER,0,83,0,0,0
GAB63638 ,5,SHOCK ABSORBER,0,83,0,0,0
GAB63638 ,6,SHOCK ABSORBER,0,83,0,0,0
GAB63638 ,7,SHOCK ABSORBER,0,83,0,0,0
GAB63638 ,8,SHOCK ABSORBER,0,83,0,0,0
GAB63638 ,9,SHOCK ABSORBER,0,83,0,0,0
GAB63638 ,10,SHOCK ABSORBER,0,83,0,0,0
GAB63638 ,11,SHOCK ABSORBER,0,83,0,0,0
GAB63638 ,12,SHOCK ABSORBER,0,83,0,0,0
GAB63662 ,1,SHOCK ABSORBER,2,84,2,0,0
GAB63662 ,2,SHOCK ABSORBER,2,84,0,0,0
GAB63662 ,3,SHOCK ABSORBER,2,84,0,0,0
GAB63662 ,4,SHOCK ABSORBER,2,84,0,0,0
GAB63662 ,5,SHOCK ABSORBER,2,84,0,0,0
GAB63662 ,6,SHOCK ABSORBER,2,84,0,0,0
GAB63662 ,7,SHOCK ABSORBER,2,84,0,0,0
GAB63662 ,8,SHOCK ABSORBER,2,84,0,0,0
GAB63662 ,9,SHOCK ABSORBER,2,84,0,0,0
GAB63662 ,10,SHOCK ABSORBER,2,84,20,100,80
GAB63662 ,11,SHOCK ABSORBER,2,84,76,0,4
GAB63662 ,12,SHOCK ABSORBER,2,84,2,0,2
GAB63675 ,1,SHOCK ABSORBER,3,85,4,197,196
GAB63675 ,2,SHOCK ABSORBER,3,85,14,0,182
GAB63675 ,3,SHOCK ABSORBER,3,85,20,0,162
GAB63675 ,4,SHOCK ABSORBER,3,85,20,0,142
GAB63675 ,5,SHOCK ABSORBER,3,85,26,0,116
GAB63675 ,6,SHOCK ABSORBER,3,85,46,0,70
GAB63675 ,7,SHOCK ABSORBER,3,85,38,0,32
GAB63675 ,8,SHOCK ABSORBER,3,85,32,0,0
GAB63675 ,9,SHOCK ABSORBER,3,85,0,0,0
GAB63675 ,10,SHOCK ABSORBER,3,85,0,0,0
GAB63675 ,11,SHOCK ABSORBER,3,85,0,0,0
GAB63675 ,12,SHOCK ABSORBER,3,85,0,0,0
GAB63714 ,1,SHOCK ABSORBER,8,86,0,0,8
GAB63714 ,2,SHOCK ABSORBER,8,86,0,0,8
GAB63714 ,3,SHOCK ABSORBER,8,86,0,0,8
GAB63714 ,4,SHOCK ABSORBER,8,86,0,0,8
GAB63714 ,5,SHOCK ABSORBER,8,86,0,0,8
GAB63714 ,6,SHOCK ABSORBER,8,86,0,0,8
GAB63714 ,7,SHOCK ABSORBER,8,86,0,0,8
GAB63714 ,8,SHOCK ABSORBER,8,86,0,0,8
GAB63714 ,9,SHOCK ABSORBER,8,86,0,0,8
GAB63714 ,10,SHOCK ABSORBER,8,86,0,0,8
GAB63714 ,11,SHOCK ABSORBER,8,86,0,0,8
GAB63714 ,12,SHOCK ABSORBER,8,86,0,0,8
GAB63716 ,1,SHOCK ABSORBER,0,87,0,0,0
GAB63716 ,2,SHOCK ABSORBER,0,87,0,0,0
GAB63716 ,3,SHOCK ABSORBER,0,87,0,0,0
GAB63716 ,4,SHOCK ABSORBER,0,87,0,0,0
GAB63716 ,5,SHOCK ABSORBER,0,87,0,0,0
GAB63716 ,6,SHOCK ABSORBER,0,87,0,0,0
GAB63716 ,7,SHOCK ABSORBER,0,87,0,0,0
GAB63716 ,8,SHOCK ABSORBER,0,87,0,0,0
GAB63716 ,9,SHOCK ABSORBER,0,87,0,0,0
GAB63716 ,10,SHOCK ABSORBER,0,87,0,0,0
GAB63716 ,11,SHOCK ABSORBER,0,87,0,0,0
GAB63716 ,12,SHOCK ABSORBER,0,87,0,0,0
GAB63717 ,1,SHOCK ABSORBER,2,88,0,10,12
GAB63717 ,2,SHOCK ABSORBER,2,88,0,0,12
GAB63717 ,3,SHOCK ABSORBER,2,88,0,0,12
GAB63717 ,4,SHOCK ABSORBER,2,88,0,0,12
GAB63717 ,5,SHOCK ABSORBER,2,88,0,0,12
GAB63717 ,6,SHOCK ABSORBER,2,88,0,0,12
GAB63717 ,7,SHOCK ABSORBER,2,88,0,0,12
GAB63717 ,8,SHOCK ABSORBER,2,88,2,0,10
GAB63717 ,9,SHOCK ABSORBER,2,88,2,0,8
GAB63717 ,10,SHOCK ABSORBER,2,88,0,0,8
GAB63717 ,11,SHOCK ABSORBER,2,88,4,0,4
GAB63717 ,12,SHOCK ABSORBER,2,88,0,0,4
GAB63776 ,1,SHOCK ABSORBER,8,89,0,0,8
GAB63776 ,2,SHOCK ABSORBER,8,89,2,0,6
GAB63776 ,3,SHOCK ABSORBER,8,89,0,0,6
GAB63776 ,4,SHOCK ABSORBER,8,89,0,0,6
GAB63776 ,5,SHOCK ABSORBER,8,89,0,0,6
GAB63776 ,6,SHOCK ABSORBER,8,89,0,0,6
GAB63776 ,7,SHOCK ABSORBER,8,89,0,0,6
GAB63776 ,8,SHOCK ABSORBER,8,89,2,0,4
GAB63776 ,9,SHOCK ABSORBER,8,89,2,0,2
GAB63776 ,10,SHOCK ABSORBER,8,89,0,12,14
GAB63776 ,11,SHOCK ABSORBER,8,89,4,0,10
GAB63776 ,12,SHOCK ABSORBER,8,89,3,0,7
GAB63803 ,1,SHOCK ABSORBER,2,90,2,300,300
GAB63803 ,2,SHOCK ABSORBER,2,90,24,0,276
GAB63803 ,3,SHOCK ABSORBER,2,90,10,0,266
GAB63803 ,4,SHOCK ABSORBER,2,90,14,0,252
GAB63803 ,5,SHOCK ABSORBER,2,90,25,0,227
GAB63803 ,6,SHOCK ABSORBER,2,90,28,0,199
GAB63803 ,7,SHOCK ABSORBER,2,90,40,0,159
GAB63803 ,8,SHOCK ABSORBER,2,90,104,0,55
GAB63803 ,9,SHOCK ABSORBER,2,90,15,0,40
GAB63803 ,10,SHOCK ABSORBER,2,90,24,0,16
GAB63803 ,11,SHOCK ABSORBER,2,90,14,0,2
GAB63803 ,12,SHOCK ABSORBER,2,90,0,0,2
GAB63817 ,1,SHOCK ABSORBER,2,91,2,250,250
GAB63817 ,2,SHOCK ABSORBER,2,91,20,0,230
GAB63817 ,3,SHOCK ABSORBER,2,91,12,0,218
GAB63817 ,4,SHOCK ABSORBER,2,91,67,0,151
GAB63817 ,5,SHOCK ABSORBER,2,91,30,0,121
GAB63817 ,6,SHOCK ABSORBER,2,91,50,0,71
GAB63817 ,7,SHOCK ABSORBER,2,91,44,0,27
GAB63817 ,8,SHOCK ABSORBER,2,91,16,0,11
GAB63817 ,9,SHOCK ABSORBER,2,91,6,0,5
GAB63817 ,10,SHOCK ABSORBER,2,91,26,100,79
GAB63817 ,11,SHOCK ABSORBER,2,91,67,0,12
GAB63817 ,12,SHOCK ABSORBER,2,91,11,0,1
GAB63829 ,1,SHOCK ABSORBER,0,92,0,4,4
GAB63829 ,2,SHOCK ABSORBER,0,92,0,0,4
GAB63829 ,3,SHOCK ABSORBER,0,92,0,0,4
GAB63829 ,4,SHOCK ABSORBER,0,92,0,0,4
GAB63829 ,5,SHOCK ABSORBER,0,92,0,0,4
GAB63829 ,6,SHOCK ABSORBER,0,92,0,0,4
GAB63829 ,7,SHOCK ABSORBER,0,92,0,0,4
GAB63829 ,8,SHOCK ABSORBER,0,92,0,0,4
GAB63829 ,9,SHOCK ABSORBER,0,92,0,0,4
GAB63829 ,10,SHOCK ABSORBER,0,92,0,0,4
GAB63829 ,11,SHOCK ABSORBER,0,92,0,0,4
GAB63829 ,12,SHOCK ABSORBER,0,92,0,0,4
GAB63842 ,1,SHOCK ABSORBER,3,93,10,60,53
GAB63842 ,2,SHOCK ABSORBER,3,93,10,0,43
GAB63842 ,3,SHOCK ABSORBER,3,93,8,0,35
GAB63842 ,4,SHOCK ABSORBER,3,93,16,0,19
GAB63842 ,5,SHOCK ABSORBER,3,93,9,0,10
GAB63842 ,6,SHOCK ABSORBER,3,93,0,0,10
GAB63842 ,7,SHOCK ABSORBER,3,93,8,0,2
GAB63842 ,8,SHOCK ABSORBER,3,93,0,0,2
GAB63842 ,9,SHOCK ABSORBER,3,93,0,0,2
GAB63842 ,10,SHOCK ABSORBER,3,93,0,100,102
GAB63842 ,11,SHOCK ABSORBER,3,93,20,0,82
GAB63842 ,12,SHOCK ABSORBER,3,93,7,0,75
GAB63844 ,1,SHOCK ABSORBER,0,94,0,0,0
GAB63844 ,2,SHOCK ABSORBER,0,94,0,0,0
GAB63844 ,3,SHOCK ABSORBER,0,94,0,0,0
GAB63844 ,4,SHOCK ABSORBER,0,94,0,0,0
GAB63844 ,5,SHOCK ABSORBER,0,94,0,0,0
GAB63844 ,6,SHOCK ABSORBER,0,94,0,0,0
GAB63844 ,7,SHOCK ABSORBER,0,94,0,0,0
GAB63844 ,8,SHOCK ABSORBER,0,94,0,0,0
GAB63844 ,9,SHOCK ABSORBER,0,94,0,0,0
GAB63844 ,10,SHOCK ABSORBER,0,94,0,4,4
GAB63844 ,11,SHOCK ABSORBER,0,94,0,0,4
GAB63844 ,12,SHOCK ABSORBER,0,94,0,0,4
GAB63847 ,1,SHOCK ABSORBER,1,95,0,0,1
GAB63847 ,2,SHOCK ABSORBER,1,95,0,0,1
GAB63847 ,3,SHOCK ABSORBER,1,95,0,0,1
GAB63847 ,4,SHOCK ABSORBER,1,95,0,0,1
GAB63847 ,5,SHOCK ABSORBER,1,95,0,0,1
GAB63847 ,6,SHOCK ABSORBER,1,95,0,0,1
GAB63847 ,7,SHOCK ABSORBER,1,95,0,0,1
GAB63847 ,8,SHOCK ABSORBER,1,95,0,0,1
GAB63847 ,9,SHOCK ABSORBER,1,95,0,0,1
GAB63847 ,10,SHOCK ABSORBER,1,95,0,5,6
GAB63847 ,11,SHOCK ABSORBER,1,95,0,0,6
GAB63847 ,12,SHOCK ABSORBER,1,95,0,0,6
GAB63866 ,1,SHOCK ABSORBER,2,96,6,281,277
GAB63866 ,2,SHOCK ABSORBER,2,96,32,0,245
GAB63866 ,3,SHOCK ABSORBER,2,96,38,117,324
GAB63866 ,4,SHOCK ABSORBER,2,96,52,200,472
GAB63866 ,5,SHOCK ABSORBER,2,96,79,0,393
GAB63866 ,6,SHOCK ABSORBER,2,96,117,0,276
GAB63866 ,7,SHOCK ABSORBER,2,96,68,0,210
GAB63866 ,8,SHOCK ABSORBER,2,96,88,0,122
GAB63866 ,9,SHOCK ABSORBER,2,96,118,0,4
GAB63866 ,10,SHOCK ABSORBER,2,96,4,0,0
GAB63866 ,11,SHOCK ABSORBER,2,96,2,4,0
GAB63866 ,12,SHOCK ABSORBER,2,96,0,0,0
GAB63881 ,1,SHOCK ABSORBER,20,97,0,0,0
GAB63881 ,2,SHOCK ABSORBER,20,97,0,0,0
GAB63881 ,3,SHOCK ABSORBER,20,97,0,0,0
GAB63881 ,4,SHOCK ABSORBER,20,97,0,0,0
GAB63881 ,5,SHOCK ABSORBER,20,97,0,0,0
GAB63881 ,6,SHOCK ABSORBER,20,97,0,0,0
GAB63881 ,7,SHOCK ABSORBER,20,97,0,0,0
GAB63881 ,8,SHOCK ABSORBER,20,97,0,0,0
GAB63881 ,9,SHOCK ABSORBER,20,97,0,0,0
GAB63881 ,10,SHOCK ABSORBER,20,97,0,0,0
GAB63881 ,11,SHOCK ABSORBER,20,97,0,0,0
GAB63881 ,12,SHOCK ABSORBER,20,97,0,0,0
GAB63892 ,1,SHOCK ABSORBER,0,98,0,6,6
GAB63892 ,2,SHOCK ABSORBER,0,98,0,0,6
GAB63892 ,3,SHOCK ABSORBER,0,98,0,0,6
GAB63892 ,4,SHOCK ABSORBER,0,98,0,0,6
GAB63892 ,5,SHOCK ABSORBER,0,98,0,0,6
GAB63892 ,6,SHOCK ABSORBER,0,98,0,0,6
GAB63892 ,7,SHOCK ABSORBER,0,98,0,0,6
GAB63892 ,8,SHOCK ABSORBER,0,98,2,0,4
GAB63892 ,9,SHOCK ABSORBER,0,98,0,0,4
GAB63892 ,10,SHOCK ABSORBER,0,98,0,0,4
GAB63892 ,11,SHOCK ABSORBER,0,98,0,0,4
GAB63892 ,12,SHOCK ABSORBER,0,98,0,0,4
GAB63894 ,1,SHOCK ABSORBER,2,99,0,0,2
GAB63894 ,2,SHOCK ABSORBER,2,99,0,0,2
GAB63894 ,3,SHOCK ABSORBER,2,99,0,0,2
GAB63894 ,4,SHOCK ABSORBER,2,99,0,0,2
GAB63894 ,5,SHOCK ABSORBER,2,99,0,0,2
GAB63894 ,6,SHOCK ABSORBER,2,99,0,0,2
GAB63894 ,7,SHOCK ABSORBER,2,99,0,0,1
GAB63894 ,8,SHOCK ABSORBER,2,99,0,0,1
GAB63894 ,9,SHOCK ABSORBER,2,99,1,0,0
GAB63894 ,10,SHOCK ABSORBER,2,99,0,5,5
GAB63894 ,11,SHOCK ABSORBER,2,99,2,0,3
GAB63894 ,12,SHOCK ABSORBER,2,99,1,0,2
GAB63895 ,1,SHOCK ABSORBER,1,100,0,30,31
GAB63895 ,2,SHOCK ABSORBER,1,100,8,0,23
GAB63895 ,3,SHOCK ABSORBER,1,100,2,0,21
GAB63895 ,4,SHOCK ABSORBER,1,100,6,0,15
GAB63895 ,5,SHOCK ABSORBER,1,100,12,0,3
GAB63895 ,6,SHOCK ABSORBER,1,100,2,0,1
GAB63895 ,7,SHOCK ABSORBER,1,100,0,0,1
GAB63895 ,8,SHOCK ABSORBER,1,100,0,0,1
GAB63895 ,9,SHOCK ABSORBER,1,100,0,0,1
GAB63895 ,10,SHOCK ABSORBER,1,100,0,50,51
GAB63895 ,11,SHOCK ABSORBER,1,100,2,0,49
GAB63895 ,12,SHOCK ABSORBER,1,100,12,0,37
GAB63896 ,1,SHOCK ABSORBER,59,101,0,0,59
GAB63896 ,2,SHOCK ABSORBER,59,101,0,0,59
GAB63896 ,3,SHOCK ABSORBER,59,101,2,0,57
GAB63896 ,4,SHOCK ABSORBER,59,101,10,0,47
GAB63896 ,5,SHOCK ABSORBER,59,101,2,0,45
GAB63896 ,6,SHOCK ABSORBER,59,101,5,0,40
GAB63896 ,7,SHOCK ABSORBER,59,101,6,0,33
GAB63896 ,8,SHOCK ABSORBER,59,101,4,0,29
GAB63896 ,9,SHOCK ABSORBER,59,101,9,0,20
GAB63896 ,10,SHOCK ABSORBER,59,101,16,0,4
GAB63896 ,11,SHOCK ABSORBER,59,101,0,0,4
GAB63896 ,12,SHOCK ABSORBER,59,101,4,0,0
GAB63897 ,1,SHOCK ABSORBER,17,102,2,10,25
GAB63897 ,2,SHOCK ABSORBER,17,102,10,0,15
GAB63897 ,3,SHOCK ABSORBER,17,102,2,0,13
GAB63897 ,4,SHOCK ABSORBER,17,102,2,0,11
GAB63897 ,5,SHOCK ABSORBER,17,102,4,0,7
GAB63897 ,6,SHOCK ABSORBER,17,102,6,0,1
GAB63897 ,7,SHOCK ABSORBER,17,102,0,0,1
GAB63897 ,8,SHOCK ABSORBER,17,102,1,0,0
GAB63897 ,9,SHOCK ABSORBER,17,102,0,0,0
GAB63897 ,10,SHOCK ABSORBER,17,102,0,50,50
GAB63897 ,11,SHOCK ABSORBER,17,102,0,0,50
GAB63897 ,12,SHOCK ABSORBER,17,102,2,0,48
GAB63905 ,1,SHOCK ABSORBER,0,103,0,0,0
GAB63905 ,2,SHOCK ABSORBER,0,103,0,0,0
GAB63905 ,3,SHOCK ABSORBER,0,103,0,0,0
GAB63905 ,4,SHOCK ABSORBER,0,103,0,0,0
GAB63905 ,5,SHOCK ABSORBER,0,103,0,0,0
GAB63905 ,6,SHOCK ABSORBER,0,103,0,0,0
GAB63905 ,7,SHOCK ABSORBER,0,103,0,0,0
GAB63905 ,8,SHOCK ABSORBER,0,103,0,0,0
GAB63905 ,9,SHOCK ABSORBER,0,103,0,0,0
GAB63905 ,10,SHOCK ABSORBER,0,103,0,0,0
GAB63905 ,11,SHOCK ABSORBER,0,103,0,0,0
GAB63905 ,12,SHOCK ABSORBER,0,103,0,0,0
GAB63959 ,1,SHOCK ABSORBER,0,104,0,10,10
GAB63959 ,2,SHOCK ABSORBER,0,104,2,0,8
GAB63959 ,3,SHOCK ABSORBER,0,104,0,0,8
GAB63959 ,4,SHOCK ABSORBER,0,104,0,0,8
GAB63959 ,5,SHOCK ABSORBER,0,104,0,0,8
GAB63959 ,6,SHOCK ABSORBER,0,104,2,0,6
GAB63959 ,7,SHOCK ABSORBER,0,104,2,0,4
GAB63959 ,8,SHOCK ABSORBER,0,104,0,0,4
GAB63959 ,9,SHOCK ABSORBER,0,104,0,0,4
GAB63959 ,10,SHOCK ABSORBER,0,104,2,0,2
GAB63959 ,11,SHOCK ABSORBER,0,104,0,0,2
GAB63959 ,12,SHOCK ABSORBER,0,104,0,0,2
GAB63965 ,1,SHOCK ABSORBER,4,105,0,4,8
GAB63965 ,2,SHOCK ABSORBER,4,105,0,0,8
GAB63965 ,3,SHOCK ABSORBER,4,105,0,0,8
GAB63965 ,4,SHOCK ABSORBER,4,105,0,0,8
GAB63965 ,5,SHOCK ABSORBER,4,105,0,0,8
GAB63965 ,6,SHOCK ABSORBER,4,105,0,0,8
GAB63965 ,7,SHOCK ABSORBER,4,105,0,0,8
GAB63965 ,8,SHOCK ABSORBER,4,105,0,0,8
GAB63965 ,9,SHOCK ABSORBER,4,105,2,0,6
GAB63965 ,10,SHOCK ABSORBER,4,105,0,0,6
GAB63965 ,11,SHOCK ABSORBER,4,105,0,0,6
GAB63965 ,12,SHOCK ABSORBER,4,105,2,0,4
GAB64000 ,1,SHOCK ABSORBER,0,106,0,0,0
GAB64000 ,2,SHOCK ABSORBER,0,106,0,0,0
GAB64000 ,3,SHOCK ABSORBER,0,106,0,0,0
GAB64000 ,4,SHOCK ABSORBER,0,106,0,0,0
GAB64000 ,5,SHOCK ABSORBER,0,106,0,0,0
GAB64000 ,6,SHOCK ABSORBER,0,106,0,0,0
GAB64000 ,7,SHOCK ABSORBER,0,106,0,0,0
GAB64000 ,8,SHOCK ABSORBER,0,106,0,0,0
GAB64000 ,9,SHOCK ABSORBER,0,106,0,0,0
GAB64000 ,10,SHOCK ABSORBER,0,106,0,4,4
GAB64000 ,11,SHOCK ABSORBER,0,106,0,0,4
GAB64000 ,12,SHOCK ABSORBER,0,106,0,0,4
GAB64001 ,1,SHOCK ABSORBER,0,107,0,6,6
GAB64001 ,2,SHOCK ABSORBER,0,107,0,0,6
GAB64001 ,3,SHOCK ABSORBER,0,107,0,0,6
GAB64001 ,4,SHOCK ABSORBER,0,107,2,9,13
GAB64001 ,5,SHOCK ABSORBER,0,107,2,0,11
GAB64001 ,6,SHOCK ABSORBER,0,107,0,0,11
GAB64001 ,7,SHOCK ABSORBER,0,107,0,0,11
GAB64001 ,8,SHOCK ABSORBER,0,107,0,0,11
GAB64001 ,9,SHOCK ABSORBER,0,107,2,0,9
GAB64001 ,10,SHOCK ABSORBER,0,107,2,7,14
GAB64001 ,11,SHOCK ABSORBER,0,107,2,0,12
GAB64001 ,12,SHOCK ABSORBER,0,107,0,0,12
GAB64012 ,1,SHOCK ABSORBER,0,108,0,4,4
GAB64012 ,2,SHOCK ABSORBER,0,108,0,0,4
GAB64012 ,3,SHOCK ABSORBER,0,108,0,0,4
GAB64012 ,4,SHOCK ABSORBER,0,108,0,0,4
GAB64012 ,5,SHOCK ABSORBER,0,108,0,0,4
GAB64012 ,6,SHOCK ABSORBER,0,108,0,0,4
GAB64012 ,7,SHOCK ABSORBER,0,108,0,0,4
GAB64012 ,8,SHOCK ABSORBER,0,108,0,0,4
GAB64012 ,9,SHOCK ABSORBER,0,108,0,0,4
GAB64012 ,10,SHOCK ABSORBER,0,108,0,0,4
GAB64012 ,11,SHOCK ABSORBER,0,108,0,0,4
GAB64012 ,12,SHOCK ABSORBER,0,108,0,0,4
GAB64016 ,1,SHOCK ABSORBER,0,109,0,6,6
GAB64016 ,2,SHOCK ABSORBER,0,109,0,0,6
GAB64016 ,3,SHOCK ABSORBER,0,109,0,0,6
GAB64016 ,4,SHOCK ABSORBER,0,109,0,0,6
GAB64016 ,5,SHOCK ABSORBER,0,109,0,0,6
GAB64016 ,6,SHOCK ABSORBER,0,109,0,0,6
GAB64016 ,7,SHOCK ABSORBER,0,109,0,0,6
GAB64016 ,8,SHOCK ABSORBER,0,109,2,0,4
GAB64016 ,9,SHOCK ABSORBER,0,109,0,0,4
GAB64016 ,10,SHOCK ABSORBER,0,109,0,0,4
GAB64016 ,11,SHOCK ABSORBER,0,109,2,0,2
GAB64016 ,12,SHOCK ABSORBER,0,109,0,0,2
GAB64037 ,1,SHOCK ABSORBER,0,110,0,0,0
GAB64037 ,2,SHOCK ABSORBER,0,110,0,0,0
GAB64037 ,3,SHOCK ABSORBER,0,110,0,0,0
GAB64037 ,4,SHOCK ABSORBER,0,110,0,0,0
GAB64037 ,5,SHOCK ABSORBER,0,110,0,0,0
GAB64037 ,6,SHOCK ABSORBER,0,110,0,0,0
GAB64037 ,7,SHOCK ABSORBER,0,110,0,0,0
GAB64037 ,8,SHOCK ABSORBER,0,110,0,0,0
GAB64037 ,9,SHOCK ABSORBER,0,110,0,0,0
GAB64037 ,10,SHOCK ABSORBER,0,110,0,0,0
GAB64037 ,11,SHOCK ABSORBER,0,110,0,0,0
GAB64037 ,12,SHOCK ABSORBER,0,110,0,0,0
GAB64040 ,1,SHOCK ABSORBER,0,111,0,20,20
GAB64040 ,2,SHOCK ABSORBER,0,111,0,0,20
GAB64040 ,3,SHOCK ABSORBER,0,111,4,0,16
GAB64040 ,4,SHOCK ABSORBER,0,111,0,0,16
GAB64040 ,5,SHOCK ABSORBER,0,111,1,0,15
GAB64040 ,6,SHOCK ABSORBER,0,111,2,0,13
GAB64040 ,7,SHOCK ABSORBER,0,111,0,0,13
GAB64040 ,8,SHOCK ABSORBER,0,111,0,0,13
GAB64040 ,9,SHOCK ABSORBER,0,111,5,0,8
GAB64040 ,10,SHOCK ABSORBER,0,111,2,15,21
GAB64040 ,11,SHOCK ABSORBER,0,111,4,0,17
GAB64040 ,12,SHOCK ABSORBER,0,111,2,0,15
GAB64101 ,1,SHOCK ABSORBER,0,112,0,0,0
GAB64101 ,2,SHOCK ABSORBER,0,112,0,0,0
GAB64101 ,3,SHOCK ABSORBER,0,112,0,0,0
GAB64101 ,4,SHOCK ABSORBER,0,112,0,0,0
GAB64101 ,5,SHOCK ABSORBER,0,112,0,0,0
GAB64101 ,6,SHOCK ABSORBER,0,112,0,0,0
GAB64101 ,7,SHOCK ABSORBER,0,112,0,0,0
GAB64101 ,8,SHOCK ABSORBER,0,112,0,0,0
GAB64101 ,9,SHOCK ABSORBER,0,112,0,0,0
GAB64101 ,10,SHOCK ABSORBER,0,112,0,0,0
GAB64101 ,11,SHOCK ABSORBER,0,112,0,0,0
GAB64101 ,12,SHOCK ABSORBER,0,112,0,0,0
GAB64107 ,1,SHOCK ABSORBER,0,113,0,0,0
GAB64107 ,2,SHOCK ABSORBER,0,113,0,0,0
GAB64107 ,3,SHOCK ABSORBER,0,113,0,0,0
GAB64107 ,4,SHOCK ABSORBER,0,113,0,0,0
GAB64107 ,5,SHOCK ABSORBER,0,113,0,0,0
GAB64107 ,6,SHOCK ABSORBER,0,113,0,0,0
GAB64107 ,7,SHOCK ABSORBER,0,113,0,0,0
GAB64107 ,8,SHOCK ABSORBER,0,113,0,0,0
GAB64107 ,9,SHOCK ABSORBER,0,113,0,0,0
GAB64107 ,10,SHOCK ABSORBER,0,113,0,0,0
GAB64107 ,11,SHOCK ABSORBER,0,113,0,0,0
GAB64107 ,12,SHOCK ABSORBER,0,113,0,0,0
GAB64111 ,1,SHOCK ABSORBER,15,114,0,0,15
GAB64111 ,2,SHOCK ABSORBER,15,114,2,0,13
GAB64111 ,3,SHOCK ABSORBER,15,114,0,0,13
GAB64111 ,4,SHOCK ABSORBER,15,114,0,0,13
GAB64111 ,5,SHOCK ABSORBER,15,114,0,0,13
GAB64111 ,6,SHOCK ABSORBER,15,114,0,0,13
GAB64111 ,7,SHOCK ABSORBER,15,114,0,0,13
GAB64111 ,8,SHOCK ABSORBER,15,114,0,0,13
GAB64111 ,9,SHOCK ABSORBER,15,114,3,0,10
GAB64111 ,10,SHOCK ABSORBER,15,114,0,0,10
GAB64111 ,11,SHOCK ABSORBER,15,114,0,0,10
GAB64111 ,12,SHOCK ABSORBER,15,114,0,0,10
GAB64121 ,1,SHOCK ABSORBER,6,115,0,0,6
GAB64121 ,2,SHOCK ABSORBER,6,115,2,0,4
GAB64121 ,3,SHOCK ABSORBER,6,115,0,0,4
GAB64121 ,4,SHOCK ABSORBER,6,115,0,0,4
GAB64121 ,5,SHOCK ABSORBER,6,115,0,0,4
GAB64121 ,6,SHOCK ABSORBER,6,115,0,0,4
GAB64121 ,7,SHOCK ABSORBER,6,115,2,0,2
GAB64121 ,8,SHOCK ABSORBER,6,115,2,0,0
GAB64121 ,9,SHOCK ABSORBER,6,115,0,0,0
GAB64121 ,10,SHOCK ABSORBER,6,115,0,4,4
GAB64121 ,11,SHOCK ABSORBER,6,115,0,0,4
GAB64121 ,12,SHOCK ABSORBER,6,115,0,0,4
GAB64148 ,1,SHOCK ABSORBER,2,116,0,0,2
GAB64148 ,2,SHOCK ABSORBER,2,116,0,0,2
GAB64148 ,3,SHOCK ABSORBER,2,116,0,0,2
GAB64148 ,4,SHOCK ABSORBER,2,116,0,0,2
GAB64148 ,5,SHOCK ABSORBER,2,116,0,0,2
GAB64148 ,6,SHOCK ABSORBER,2,116,0,0,2
GAB64148 ,7,SHOCK ABSORBER,2,116,0,0,0
GAB64148 ,8,SHOCK ABSORBER,2,116,0,0,0
GAB64148 ,9,SHOCK ABSORBER,2,116,0,0,0
GAB64148 ,10,SHOCK ABSORBER,2,116,0,0,0
GAB64148 ,11,SHOCK ABSORBER,2,116,0,0,0
GAB64148 ,12,SHOCK ABSORBER,2,116,0,0,0
GAB64149 ,1,SHOCK ABSORBER,0,117,0,0,0
GAB64149 ,2,SHOCK ABSORBER,0,117,0,0,0
GAB64149 ,3,SHOCK ABSORBER,0,117,0,0,0
GAB64149 ,4,SHOCK ABSORBER,0,117,0,0,0
GAB64149 ,5,SHOCK ABSORBER,0,117,0,0,0
GAB64149 ,6,SHOCK ABSORBER,0,117,0,0,0
GAB64149 ,7,SHOCK ABSORBER,0,117,0,0,0
GAB64149 ,8,SHOCK ABSORBER,0,117,0,0,0
GAB64149 ,9,SHOCK ABSORBER,0,117,0,0,0
GAB64149 ,10,SHOCK ABSORBER,0,117,0,0,0
GAB64149 ,11,SHOCK ABSORBER,0,117,0,0,0
GAB64149 ,12,SHOCK ABSORBER,0,117,0,0,0
GAB64221 ,1,SHOCK ABSORBER,0,118,0,0,0
GAB64221 ,2,SHOCK ABSORBER,0,118,0,0,0
GAB64221 ,3,SHOCK ABSORBER,0,118,0,0,0
GAB64221 ,4,SHOCK ABSORBER,0,118,0,0,0
GAB64221 ,5,SHOCK ABSORBER,0,118,0,0,0
GAB64221 ,6,SHOCK ABSORBER,0,118,0,0,0
GAB64221 ,7,SHOCK ABSORBER,0,118,0,0,0
GAB64221 ,8,SHOCK ABSORBER,0,118,0,0,0
GAB64221 ,9,SHOCK ABSORBER,0,118,0,0,0
GAB64221 ,10,SHOCK ABSORBER,0,118,0,0,0
GAB64221 ,11,SHOCK ABSORBER,0,118,0,0,0
GAB64221 ,12,SHOCK ABSORBER,0,118,0,0,0
GAB6583SE ,1,SHOCK ABSORBER,0,119,0,0,0
GAB6583SE ,2,SHOCK ABSORBER,0,119,0,0,0
GAB6583SE ,3,SHOCK ABSORBER,0,119,0,0,0
GAB6583SE ,4,SHOCK ABSORBER,0,119,0,0,0
GAB6583SE ,5,SHOCK ABSORBER,0,119,0,0,0
GAB6583SE ,6,SHOCK ABSORBER,0,119,0,0,0
GAB6583SE ,7,SHOCK ABSORBER,0,119,0,0,0
GAB6583SE ,8,SHOCK ABSORBER,0,119,0,0,0
GAB6583SE ,9,SHOCK ABSORBER,0,119,0,0,0
GAB6583SE ,10,SHOCK ABSORBER,0,119,0,0,0
GAB6583SE ,11,SHOCK ABSORBER,0,119,0,0,0
GAB6583SE ,12,SHOCK ABSORBER,0,119,0,0,0
GAB6853SE ,1,SHOCK ABSORBER,6,120,0,0,6
GAB6853SE ,2,SHOCK ABSORBER,6,120,3,0,3
GAB6853SE ,3,SHOCK ABSORBER,6,120,0,0,3
GAB6853SE ,4,SHOCK ABSORBER,6,120,1,0,2
GAB6853SE ,5,SHOCK ABSORBER,6,120,1,0,1
GAB6853SE ,6,SHOCK ABSORBER,6,120,0,0,1
GAB6853SE ,7,SHOCK ABSORBER,6,120,2,1,0
GAB6853SE ,8,SHOCK ABSORBER,6,120,0,0,0
GAB6853SE ,9,SHOCK ABSORBER,6,120,0,0,0
GAB6853SE ,10,SHOCK ABSORBER,6,120,0,20,20
GAB6853SE ,11,SHOCK ABSORBER,6,120,5,0,15
GAB6853SE ,12,SHOCK ABSORBER,6,120,3,0,12
GAB69575 ,1,SHOCK ABSORBER,21,121,16,150,155
GAB69575 ,2,SHOCK ABSORBER,21,121,34,0,121
GAB69575 ,3,SHOCK ABSORBER,21,121,20,0,101
GAB69575 ,4,SHOCK ABSORBER,21,121,39,150,212
GAB69575 ,5,SHOCK ABSORBER,21,121,36,0,176
GAB69575 ,6,SHOCK ABSORBER,21,121,22,0,154
GAB69575 ,7,SHOCK ABSORBER,21,121,22,0,130
GAB69575 ,8,SHOCK ABSORBER,21,121,12,0,118
GAB69575 ,9,SHOCK ABSORBER,21,121,21,0,97
GAB69575 ,10,SHOCK ABSORBER,21,121,10,200,287
GAB69575 ,11,SHOCK ABSORBER,21,121,15,0,272
GAB69575 ,12,SHOCK ABSORBER,21,121,11,0,261
GAB69622 ,1,SHOCK ABSORBER,0,122,0,4,4
GAB69622 ,2,SHOCK ABSORBER,0,122,0,0,4
GAB69622 ,3,SHOCK ABSORBER,0,122,0,0,4
GAB69622 ,4,SHOCK ABSORBER,0,122,0,0,4
GAB69622 ,5,SHOCK ABSORBER,0,122,4,0,0
GAB69622 ,6,SHOCK ABSORBER,0,122,0,0,0
GAB69622 ,7,SHOCK ABSORBER,0,122,0,0,0
GAB69622 ,8,SHOCK ABSORBER,0,122,0,0,0
GAB69622 ,9,SHOCK ABSORBER,0,122,0,0,0
GAB69622 ,10,SHOCK ABSORBER,0,122,0,4,4
GAB69622 ,11,SHOCK ABSORBER,0,122,0,0,4
GAB69622 ,12,SHOCK ABSORBER,0,122,0,0,4
GAB69624 ,1,SHOCK ABSORBER,0,123,10,10,0
GAB69624 ,2,SHOCK ABSORBER,0,123,0,0,0
GAB69624 ,3,SHOCK ABSORBER,0,123,0,0,0
GAB69624 ,4,SHOCK ABSORBER,0,123,10,10,0
GAB69624 ,5,SHOCK ABSORBER,0,123,0,0,0
GAB69624 ,6,SHOCK ABSORBER,0,123,0,0,0
GAB69624 ,7,SHOCK ABSORBER,0,123,0,0,0
GAB69624 ,8,SHOCK ABSORBER,0,123,0,0,0
GAB69624 ,9,SHOCK ABSORBER,0,123,0,0,0
GAB69624 ,10,SHOCK ABSORBER,0,123,24,24,0
GAB69624 ,11,SHOCK ABSORBER,0,123,0,0,0
GAB69624 ,12,SHOCK ABSORBER,0,123,0,0,0
GAB69675 ,1,SHOCK ABSORBER,62,124,36,120,146
GAB69675 ,2,SHOCK ABSORBER,62,124,6,0,140
GAB69675 ,3,SHOCK ABSORBER,62,124,10,0,130
GAB69675 ,4,SHOCK ABSORBER,62,124,22,0,108
GAB69675 ,5,SHOCK ABSORBER,62,124,0,0,108
GAB69675 ,6,SHOCK ABSORBER,62,124,34,0,74
GAB69675 ,7,SHOCK ABSORBER,62,124,44,0,30
GAB69675 ,8,SHOCK ABSORBER,62,124,30,0,0
GAB69675 ,9,SHOCK ABSORBER,62,124,0,0,0
GAB69675 ,10,SHOCK ABSORBER,62,124,12,150,138
GAB69675 ,11,SHOCK ABSORBER,62,124,16,0,122
GAB69675 ,12,SHOCK ABSORBER,62,124,16,0,106
GAB69724 ,1,SHOCK ABSORBER,0,125,0,0,0
GAB69724 ,2,SHOCK ABSORBER,0,125,0,0,0
GAB69724 ,3,SHOCK ABSORBER,0,125,0,0,0
GAB69724 ,4,SHOCK ABSORBER,0,125,0,0,0
GAB69724 ,5,SHOCK ABSORBER,0,125,0,0,0
GAB69724 ,6,SHOCK ABSORBER,0,125,0,0,0
GAB69724 ,7,SHOCK ABSORBER,0,125,0,0,0
GAB69724 ,8,SHOCK ABSORBER,0,125,0,0,0
GAB69724 ,9,SHOCK ABSORBER,0,125,0,0,0
GAB69724 ,10,SHOCK ABSORBER,0,125,0,0,0
GAB69724 ,11,SHOCK ABSORBER,0,125,0,0,0
GAB69724 ,12,SHOCK ABSORBER,0,125,0,0,0
GAB69916 ,1,SHOCK ABSORBER,0,126,0,10,10
GAB69916 ,2,SHOCK ABSORBER,0,126,0,0,10
GAB69916 ,3,SHOCK ABSORBER,0,126,0,0,10
GAB69916 ,4,SHOCK ABSORBER,0,126,2,0,8
GAB69916 ,5,SHOCK ABSORBER,0,126,0,0,8
GAB69916 ,6,SHOCK ABSORBER,0,126,0,0,8
GAB69916 ,7,SHOCK ABSORBER,0,126,0,0,8
GAB69916 ,8,SHOCK ABSORBER,0,126,0,0,8
GAB69916 ,9,SHOCK ABSORBER,0,126,0,0,8
GAB69916 ,10,SHOCK ABSORBER,0,126,2,0,6
GAB69916 ,11,SHOCK ABSORBER,0,126,4,0,2
GAB69916 ,12,SHOCK ABSORBER,0,126,0,0,2
GAB70006 ,1,SHOCK ABSORBER,0,127,0,0,0
GAB70006 ,2,SHOCK ABSORBER,0,127,0,0,0
GAB70006 ,3,SHOCK ABSORBER,0,127,0,0,0
GAB70006 ,4,SHOCK ABSORBER,0,127,0,0,0
GAB70006 ,5,SHOCK ABSORBER,0,127,0,0,0
GAB70006 ,6,SHOCK ABSORBER,0,127,0,0,0
GAB70006 ,7,SHOCK ABSORBER,0,127,0,0,0
GAB70006 ,8,SHOCK ABSORBER,0,127,0,0,0
GAB70006 ,9,SHOCK ABSORBER,0,127,0,0,0
GAB70006 ,10,SHOCK ABSORBER,0,127,0,0,0
GAB70006 ,11,SHOCK ABSORBER,0,127,0,0,0
GAB70006 ,12,SHOCK ABSORBER,0,127,0,0,0
GAB70071 ,1,SHOCK ABSORBER,2,128,0,0,0
GAB70071 ,2,SHOCK ABSORBER,2,128,0,0,0
GAB70071 ,3,SHOCK ABSORBER,2,128,0,0,0
GAB70071 ,4,SHOCK ABSORBER,2,128,0,0,0
GAB70071 ,5,SHOCK ABSORBER,2,128,0,0,0
GAB70071 ,6,SHOCK ABSORBER,2,128,0,0,0
GAB70071 ,7,SHOCK ABSORBER,2,128,0,0,0
GAB70071 ,8,SHOCK ABSORBER,2,128,0,0,0
GAB70071 ,9,SHOCK ABSORBER,2,128,0,0,0
GAB70071 ,10,SHOCK ABSORBER,2,128,0,0,0
GAB70071 ,11,SHOCK ABSORBER,2,128,0,0,0
GAB70071 ,12,SHOCK ABSORBER,2,128,0,0,0
GAB70096 ,1,SHOCK ABSORBER,10,129,0,0,10
GAB70096 ,2,SHOCK ABSORBER,10,129,0,0,10
GAB70096 ,3,SHOCK ABSORBER,10,129,0,0,10
GAB70096 ,4,SHOCK ABSORBER,10,129,0,0,10
GAB70096 ,5,SHOCK ABSORBER,10,129,0,0,10
GAB70096 ,6,SHOCK ABSORBER,10,129,0,0,10
GAB70096 ,7,SHOCK ABSORBER,10,129,2,0,8
GAB70096 ,8,SHOCK ABSORBER,10,129,0,0,8
GAB70096 ,9,SHOCK ABSORBER,10,129,0,0,8
GAB70096 ,10,SHOCK ABSORBER,10,129,0,0,8
GAB70096 ,11,SHOCK ABSORBER,10,129,0,0,8
GAB70096 ,12,SHOCK ABSORBER,10,129,0,0,8
GAB70204 ,1,SHOCK ABSORBER,0,130,0,0,0
GAB70204 ,2,SHOCK ABSORBER,0,130,0,0,0
GAB70204 ,3,SHOCK ABSORBER,0,130,0,0,0
GAB70204 ,4,SHOCK ABSORBER,0,130,0,0,0
GAB70204 ,5,SHOCK ABSORBER,0,130,0,0,0
GAB70204 ,6,SHOCK ABSORBER,0,130,0,20,20
GAB70204 ,7,SHOCK ABSORBER,0,130,4,0,16
GAB70204 ,8,SHOCK ABSORBER,0,130,2,0,14
GAB70204 ,9,SHOCK ABSORBER,0,130,4,0,10
GAB70204 ,10,SHOCK ABSORBER,0,130,0,0,10
GAB70204 ,11,SHOCK ABSORBER,0,130,6,0,4
GAB70204 ,12,SHOCK ABSORBER,0,130,0,0,4
GAB77975 ,1,SHOCK ABSORBER,0,131,0,4,4
GAB77975 ,2,SHOCK ABSORBER,0,131,0,0,4
GAB77975 ,3,SHOCK ABSORBER,0,131,0,0,4
GAB77975 ,4,SHOCK ABSORBER,0,131,0,16,20
GAB77975 ,5,SHOCK ABSORBER,0,131,0,0,20
GAB77975 ,6,SHOCK ABSORBER,0,131,0,0,20
GAB77975 ,7,SHOCK ABSORBER,0,131,0,0,20
GAB77975 ,8,SHOCK ABSORBER,0,131,2,0,18
GAB77975 ,9,SHOCK ABSORBER,0,131,0,0,18
GAB77975 ,10,SHOCK ABSORBER,0,131,0,0,18
GAB77975 ,11,SHOCK ABSORBER,0,131,0,0,18
GAB77975 ,12,SHOCK ABSORBER,0,131,0,0,18
GAB79900 ,1,SHOCK ABSORBER,0,132,0,0,0
GAB79900 ,2,SHOCK ABSORBER,0,132,0,0,0
GAB79900 ,3,SHOCK ABSORBER,0,132,0,0,0
GAB79900 ,4,SHOCK ABSORBER,0,132,0,0,0
GAB79900 ,5,SHOCK ABSORBER,0,132,0,0,0
GAB79900 ,6,SHOCK ABSORBER,0,132,0,0,0
GAB79900 ,7,SHOCK ABSORBER,0,132,0,0,0
GAB79900 ,8,SHOCK ABSORBER,0,132,0,0,0
GAB79900 ,9,SHOCK ABSORBER,0,132,0,0,0
GAB79900 ,10,SHOCK ABSORBER,0,132,0,0,0
GAB79900 ,11,SHOCK ABSORBER,0,132,0,0,0
GAB79900 ,12,SHOCK ABSORBER,0,132,0,0,0
GAB81446 ,1,SHOCK ABSORBER,0,133,0,0,0
GAB81446 ,2,SHOCK ABSORBER,0,133,0,0,0
GAB81446 ,3,SHOCK ABSORBER,0,133,0,0,0
GAB81446 ,4,SHOCK ABSORBER,0,133,0,0,0
GAB81446 ,5,SHOCK ABSORBER,0,133,0,0,0
GAB81446 ,6,SHOCK ABSORBER,0,133,0,0,0
GAB81446 ,7,SHOCK ABSORBER,0,133,0,0,0
GAB81446 ,8,SHOCK ABSORBER,0,133,0,0,0
GAB81446 ,9,SHOCK ABSORBER,0,133,0,0,0
GAB81446 ,10,SHOCK ABSORBER,0,133,0,0,0
GAB81446 ,11,SHOCK ABSORBER,0,133,0,0,0
GAB81446 ,12,SHOCK ABSORBER,0,133,0,0,0
GAB81495 ,1,SHOCK ABSORBER,0,134,0,0,0
GAB81495 ,2,SHOCK ABSORBER,0,134,0,0,0
GAB81495 ,3,SHOCK ABSORBER,0,134,0,0,0
GAB81495 ,4,SHOCK ABSORBER,0,134,0,0,0
GAB81495 ,5,SHOCK ABSORBER,0,134,0,0,0
GAB81495 ,6,SHOCK ABSORBER,0,134,0,0,0
GAB81495 ,7,SHOCK ABSORBER,0,134,0,0,0
GAB81495 ,8,SHOCK ABSORBER,0,134,0,0,0
GAB81495 ,9,SHOCK ABSORBER,0,134,0,0,0
GAB81495 ,10,SHOCK ABSORBER,0,134,0,0,0
GAB81495 ,11,SHOCK ABSORBER,0,134,0,0,0
GAB81495 ,12,SHOCK ABSORBER,0,134,0,0,0
GAB81514 ,1,SHOCK ABSORBER,0,135,0,0,0
GAB81514 ,2,SHOCK ABSORBER,0,135,0,0,0
GAB81514 ,3,SHOCK ABSORBER,0,135,0,0,0
GAB81514 ,4,SHOCK ABSORBER,0,135,0,0,0
GAB81514 ,5,SHOCK ABSORBER,0,135,0,0,0
GAB81514 ,6,SHOCK ABSORBER,0,135,0,0,0
GAB81514 ,7,SHOCK ABSORBER,0,135,36,36,0
GAB81514 ,8,SHOCK ABSORBER,0,135,0,0,0
GAB81514 ,9,SHOCK ABSORBER,0,135,0,0,0
GAB81514 ,10,SHOCK ABSORBER,0,135,0,0,0
GAB81514 ,11,SHOCK ABSORBER,0,135,0,0,0
GAB81514 ,12,SHOCK ABSORBER,0,135,0,0,0
GAB81517 ,1,SHOCK ABSORBER,0,136,0,0,0
GAB81517 ,2,SHOCK ABSORBER,0,136,0,0,0
GAB81517 ,3,SHOCK ABSORBER,0,136,0,0,0
GAB81517 ,4,SHOCK ABSORBER,0,136,0,0,0
GAB81517 ,5,SHOCK ABSORBER,0,136,0,0,0
GAB81517 ,6,SHOCK ABSORBER,0,136,0,0,0
GAB81517 ,7,SHOCK ABSORBER,0,136,0,0,0
GAB81517 ,8,SHOCK ABSORBER,0,136,0,0,0
GAB81517 ,9,SHOCK ABSORBER,0,136,0,0,0
GAB81517 ,10,SHOCK ABSORBER,0,136,0,0,0
GAB81517 ,11,SHOCK ABSORBER,0,136,0,0,0
GAB81517 ,12,SHOCK ABSORBER,0,136,0,0,0
GAB81789 ,1,SHOCK ABSORBER,0,137,0,0,0
GAB81789 ,2,SHOCK ABSORBER,0,137,0,0,0
GAB81789 ,3,SHOCK ABSORBER,0,137,0,0,0
GAB81789 ,4,SHOCK ABSORBER,0,137,0,0,0
GAB81789 ,5,SHOCK ABSORBER,0,137,0,0,0
GAB81789 ,6,SHOCK ABSORBER,0,137,0,0,0
GAB81789 ,7,SHOCK ABSORBER,0,137,0,0,0
GAB81789 ,8,SHOCK ABSORBER,0,137,0,0,0
GAB81789 ,9,SHOCK ABSORBER,0,137,0,0,0
GAB81789 ,10,SHOCK ABSORBER,0,137,0,0,0
GAB81789 ,11,SHOCK ABSORBER,0,137,0,0,0
GAB81789 ,12,SHOCK ABSORBER,0,137,0,0,0
GAB81916 ,1,SHOCK ABOSRBER,4,138,0,0,4
GAB81916 ,2,SHOCK ABOSRBER,4,138,0,0,4
GAB81916 ,3,SHOCK ABOSRBER,4,138,0,0,4
GAB81916 ,4,SHOCK ABOSRBER,4,138,0,0,4
GAB81916 ,5,SHOCK ABOSRBER,4,138,0,0,4
GAB81916 ,6,SHOCK ABOSRBER,4,138,0,0,4
GAB81916 ,7,SHOCK ABOSRBER,4,138,0,0,4
GAB81916 ,8,SHOCK ABOSRBER,4,138,0,0,4
GAB81916 ,9,SHOCK ABOSRBER,4,138,0,0,4
GAB81916 ,10,SHOCK ABOSRBER,4,138,0,0,4
GAB81916 ,11,SHOCK ABOSRBER,4,138,0,0,4
GAB81916 ,12,SHOCK ABOSRBER,4,138,0,0,4
GAB83136 ,1,SHOCK ABSORBER,6,139,0,0,6
GAB83136 ,2,SHOCK ABSORBER,6,139,0,0,6
GAB83136 ,3,SHOCK ABSORBER,6,139,0,0,6
GAB83136 ,4,SHOCK ABSORBER,6,139,0,0,6
GAB83136 ,5,SHOCK ABSORBER,6,139,0,0,6
GAB83136 ,6,SHOCK ABSORBER,6,139,0,0,6
GAB83136 ,7,SHOCK ABSORBER,6,139,0,0,6
GAB83136 ,8,SHOCK ABSORBER,6,139,0,0,6
GAB83136 ,9,SHOCK ABSORBER,6,139,0,0,6
GAB83136 ,10,SHOCK ABSORBER,6,139,0,0,6
GAB83136 ,11,SHOCK ABSORBER,6,139,0,0,6
GAB83136 ,12,SHOCK ABSORBER,6,139,0,0,6
GAB83155 ,1,SHOCK ABSORBER,0,1,0,0,0
GAB83155 ,2,SHOCK ABSORBER,0,1,0,0,0
GAB83155 ,3,SHOCK ABSORBER,0,1,0,0,0
GAB83155 ,4,SHOCK ABSORBER,0,1,0,0,0
GAB83155 ,5,SHOCK ABSORBER,0,1,0,0,0
GAB83155 ,6,SHOCK ABSORBER,0,1,0,0,0
GAB83155 ,7,SHOCK ABSORBER,0,1,0,0,0
GAB83155 ,8,SHOCK ABSORBER,0,1,0,0,0
GAB83155 ,9,SHOCK ABSORBER,0,1,0,0,0
GAB83155 ,10,SHOCK ABSORBER,0,1,0,0,0
GAB83155 ,11,SHOCK ABSORBER,0,1,0,0,0
GAB83155 ,12,SHOCK ABSORBER,0,1,0,0,0
GAB83303 ,1,SHOCK ABSORBER,12,140,0,0,12
GAB83303 ,2,SHOCK ABSORBER,12,140,0,0,12
GAB83303 ,3,SHOCK ABSORBER,12,140,0,0,12
GAB83303 ,4,SHOCK ABSORBER,12,140,0,0,12
GAB83303 ,5,SHOCK ABSORBER,12,140,4,0,8
GAB83303 ,6,SHOCK ABSORBER,12,140,0,0,8
GAB83303 ,7,SHOCK ABSORBER,12,140,0,0,8
GAB83303 ,8,SHOCK ABSORBER,12,140,0,0,8
GAB83303 ,9,SHOCK ABSORBER,12,140,0,0,8
GAB83303 ,10,SHOCK ABSORBER,12,140,0,0,8
GAB83303 ,11,SHOCK ABSORBER,12,140,0,0,8
GAB83303 ,12,SHOCK ABSORBER,12,140,0,0,8
GAB85005 ,1,SHOCK ABSORBER,4,141,0,0,4
GAB85005 ,2,SHOCK ABSORBER,4,141,0,0,4
GAB85005 ,3,SHOCK ABSORBER,4,141,0,0,4
GAB85005 ,4,SHOCK ABSORBER,4,141,0,0,4
GAB85005 ,5,SHOCK ABSORBER,4,141,0,0,4
GAB85005 ,6,SHOCK ABSORBER,4,141,0,0,4
GAB85005 ,7,SHOCK ABSORBER,4,141,0,0,4
GAB85005 ,8,SHOCK ABSORBER,4,141,0,0,4
GAB85005 ,9,SHOCK ABSORBER,4,141,0,0,4
GAB85005 ,10,SHOCK ABSORBER,4,141,2,0,2
GAB85005 ,11,SHOCK ABSORBER,4,141,0,0,2
GAB85005 ,12,SHOCK ABSORBER,4,141,0,0,2
GAB85308 ,1,SHOCK ABSORBER,16,142,0,0,16
GAB85308 ,2,SHOCK ABSORBER,16,142,0,0,16
GAB85308 ,3,SHOCK ABSORBER,16,142,0,0,16
GAB85308 ,4,SHOCK ABSORBER,16,142,0,0,16
GAB85308 ,5,SHOCK ABSORBER,16,142,0,0,16
GAB85308 ,6,SHOCK ABSORBER,16,142,0,0,16
GAB85308 ,7,SHOCK ABSORBER,16,142,0,0,16
GAB85308 ,8,SHOCK ABSORBER,16,142,0,0,16
GAB85308 ,9,SHOCK ABSORBER,16,142,0,0,16
GAB85308 ,10,SHOCK ABSORBER,16,142,0,0,16
GAB85308 ,11,SHOCK ABSORBER,16,142,0,0,16
GAB85308 ,12,SHOCK ABSORBER,16,142,0,0,16
GABG51729 ,1,SHOCK ABSORBER,0,143,0,0,0
GABG51729 ,2,SHOCK ABSORBER,0,143,0,0,0
GABG51729 ,3,SHOCK ABSORBER,0,143,0,0,0
GABG51729 ,4,SHOCK ABSORBER,0,143,0,0,0
GABG51729 ,5,SHOCK ABSORBER,0,143,0,0,0
GABG51729 ,6,SHOCK ABSORBER,0,143,0,0,0
GABG51729 ,7,SHOCK ABSORBER,0,143,0,0,0
GABG51729 ,8,SHOCK ABSORBER,0,143,0,0,0
GABG51729 ,9,SHOCK ABSORBER,0,143,0,0,0
GABG51729 ,10,SHOCK ABSORBER,0,143,0,0,0
GABG51729 ,11,SHOCK ABSORBER,0,143,0,0,0
GABG51729 ,12,SHOCK ABSORBER,0,143,0,0,0
GABG51891 ,1,SHOCK ABSORBER,0,144,0,0,0
GABG51891 ,2,SHOCK ABSORBER,0,144,0,0,0
GABG51891 ,3,SHOCK ABSORBER,0,144,0,0,0
GABG51891 ,4,SHOCK ABSORBER,0,144,0,0,0
GABG51891 ,5,SHOCK ABSORBER,0,144,0,0,0
GABG51891 ,6,SHOCK ABSORBER,0,144,0,0,0
GABG51891 ,7,SHOCK ABSORBER,0,144,0,0,0
GABG51891 ,8,SHOCK ABSORBER,0,144,0,0,0
GABG51891 ,9,SHOCK ABSORBER,0,144,0,0,0
GABG51891 ,10,SHOCK ABSORBER,0,144,0,0,0
GABG51891 ,11,SHOCK ABSORBER,0,144,0,0,0
GABG51891 ,12,SHOCK ABSORBER,0,144,0,0,0
GABG56840 ,1,SHOCK ABSORBER,0,145,0,0,0
GABG56840 ,2,SHOCK ABSORBER,0,145,0,0,0
GABG56840 ,3,SHOCK ABSORBER,0,145,0,0,0
GABG56840 ,4,SHOCK ABSORBER,0,145,0,0,0
GABG56840 ,5,SHOCK ABSORBER,0,145,0,0,0
GABG56840 ,6,SHOCK ABSORBER,0,145,0,0,0
GABG56840 ,7,SHOCK ABSORBER,0,145,0,0,0
GABG56840 ,8,SHOCK ABSORBER,0,145,0,0,0
GABG56840 ,9,SHOCK ABSORBER,0,145,0,0,0
GABG56840 ,10,SHOCK ABSORBER,0,145,0,0,0
GABG56840 ,11,SHOCK ABSORBER,0,145,0,0,0
GABG56840 ,12,SHOCK ABSORBER,0,145,0,0,0
GABG56841 ,1,SHOCK ABSORBER,0,146,0,0,0
GABG56841 ,2,SHOCK ABSORBER,0,146,0,0,0
GABG56841 ,3,SHOCK ABSORBER,0,146,0,0,0
GABG56841 ,4,SHOCK ABSORBER,0,146,0,0,0
GABG56841 ,5,SHOCK ABSORBER,0,146,0,0,0
GABG56841 ,6,SHOCK ABSORBER,0,146,0,0,0
GABG56841 ,7,SHOCK ABSORBER,0,146,0,0,0
GABG56841 ,8,SHOCK ABSORBER,0,146,0,0,0
GABG56841 ,9,SHOCK ABSORBER,0,146,0,0,0
GABG56841 ,10,SHOCK ABSORBER,0,146,0,0,0
GABG56841 ,11,SHOCK ABSORBER,0,146,0,0,0
GABG56841 ,12,SHOCK ABSORBER,0,146,0,0,0
GABG57716 ,1,SHOCK ABSORBER,0,147,0,0,0
GABG57716 ,2,SHOCK ABSORBER,0,147,0,0,0
GABG57716 ,3,SHOCK ABSORBER,0,147,0,0,0
GABG57716 ,4,SHOCK ABSORBER,0,147,0,0,0
GABG57716 ,5,SHOCK ABSORBER,0,147,0,0,0
GABG57716 ,6,SHOCK ABSORBER,0,147,0,0,0
GABG57716 ,7,SHOCK ABSORBER,0,147,0,0,0
GABG57716 ,8,SHOCK ABSORBER,0,147,0,0,0
GABG57716 ,9,SHOCK ABSORBER,0,147,0,0,0
GABG57716 ,10,SHOCK ABSORBER,0,147,0,0,0
GABG57716 ,11,SHOCK ABSORBER,0,147,0,0,0
GABG57716 ,12,SHOCK ABSORBER,0,147,0,0,0
GABG57717 ,1,SHOCK ABSORBER,0,148,0,0,0
GABG57717 ,2,SHOCK ABSORBER,0,148,0,0,0
GABG57717 ,3,SHOCK ABSORBER,0,148,0,0,0
GABG57717 ,4,SHOCK ABSORBER,0,148,0,0,0
GABG57717 ,5,SHOCK ABSORBER,0,148,0,0,0
GABG57717 ,6,SHOCK ABSORBER,0,148,0,0,0
GABG57717 ,7,SHOCK ABSORBER,0,148,0,0,0
GABG57717 ,8,SHOCK ABSORBER,0,148,0,0,0
GABG57717 ,9,SHOCK ABSORBER,0,148,0,0,0
GABG57717 ,10,SHOCK ABSORBER,0,148,0,0,0
GABG57717 ,11,SHOCK ABSORBER,0,148,0,0,0
GABG57717 ,12,SHOCK ABSORBER,0,148,0,0,0
GABG58930 ,1,SHOCK ABSORBER,0,149,0,0,0
GABG58930 ,2,SHOCK ABSORBER,0,149,0,0,0
GABG58930 ,3,SHOCK ABSORBER,0,149,0,0,0
GABG58930 ,4,SHOCK ABSORBER,0,149,0,0,0
GABG58930 ,5,SHOCK ABSORBER,0,149,0,0,0
GABG58930 ,6,SHOCK ABSORBER,0,149,0,0,0
GABG58930 ,7,SHOCK ABSORBER,0,149,0,0,0
GABG58930 ,8,SHOCK ABSORBER,0,149,0,0,0
GABG58930 ,9,SHOCK ABSORBER,0,149,0,0,0
GABG58930 ,10,SHOCK ABSORBER,0,149,0,0,0
GABG58930 ,11,SHOCK ABSORBER,0,149,0,0,0
GABG58930 ,12,SHOCK ABSORBER,0,149,0,0,0
GABG63546 ,1,SHOCK ABSORBER,0,150,0,0,0
GABG63546 ,2,SHOCK ABSORBER,0,150,0,0,0
GABG63546 ,3,SHOCK ABSORBER,0,150,0,0,0
GABG63546 ,4,SHOCK ABSORBER,0,150,0,0,0
GABG63546 ,5,SHOCK ABSORBER,0,150,0,0,0
GABG63546 ,6,SHOCK ABSORBER,0,150,0,0,0
GABG63546 ,7,SHOCK ABSORBER,0,150,0,0,0
GABG63546 ,8,SHOCK ABSORBER,0,150,0,0,0
GABG63546 ,9,SHOCK ABSORBER,0,150,0,0,0
GABG63546 ,10,SHOCK ABSORBER,0,150,0,0,0
GABG63546 ,11,SHOCK ABSORBER,0,150,0,0,0
GABG63546 ,12,SHOCK ABSORBER,0,150,0,0,0
GABG63600 ,1,SHOCK ABSORBER,0,151,0,0,0
GABG63600 ,2,SHOCK ABSORBER,0,151,0,0,0
GABG63600 ,3,SHOCK ABSORBER,0,151,0,0,0
GABG63600 ,4,SHOCK ABSORBER,0,151,0,0,0
GABG63600 ,5,SHOCK ABSORBER,0,151,0,0,0
GABG63600 ,6,SHOCK ABSORBER,0,151,0,0,0
GABG63600 ,7,SHOCK ABSORBER,0,151,0,0,0
GABG63600 ,8,SHOCK ABSORBER,0,151,0,0,0
GABG63600 ,9,SHOCK ABSORBER,0,151,0,0,0
GABG63600 ,10,SHOCK ABSORBER,0,151,0,0,0
GABG63600 ,11,SHOCK ABSORBER,0,151,0,0,0
GABG63600 ,12,SHOCK ABSORBER,0,151,0,0,0
GABG63783 ,1,SHOCK ABSORBER,1,152,0,9,10
GABG63783 ,2,SHOCK ABSORBER,1,152,0,0,10
GABG63783 ,3,SHOCK ABSORBER,1,152,0,0,10
GABG63783 ,4,SHOCK ABSORBER,1,152,0,0,10
GABG63783 ,5,SHOCK ABSORBER,1,152,0,0,10
GABG63783 ,6,SHOCK ABSORBER,1,152,0,0,10
GABG63783 ,7,SHOCK ABSORBER,1,152,0,0,10
GABG63783 ,8,SHOCK ABSORBER,1,152,0,0,10
GABG63783 ,9,SHOCK ABSORBER,1,152,2,0,8
GABG63783 ,10,SHOCK ABSORBER,1,152,0,0,8
GABG63783 ,11,SHOCK ABSORBER,1,152,0,0,8
GABG63783 ,12,SHOCK ABSORBER,1,152,0,0,8
GABG63828 ,1,SHOCK ABSORBER,0,153,0,0,0
GABG63828 ,2,SHOCK ABSORBER,0,153,0,0,0
GABG63828 ,3,SHOCK ABSORBER,0,153,0,0,0
GABG63828 ,4,SHOCK ABSORBER,0,153,0,0,0
GABG63828 ,5,SHOCK ABSORBER,0,153,0,0,0
GABG63828 ,6,SHOCK ABSORBER,0,153,0,0,0
GABG63828 ,7,SHOCK ABSORBER,0,153,0,0,0
GABG63828 ,8,SHOCK ABSORBER,0,153,0,0,0
GABG63828 ,9,SHOCK ABSORBER,0,153,0,0,0
GABG63828 ,10,SHOCK ABSORBER,0,153,0,0,0
GABG63828 ,11,SHOCK ABSORBER,0,153,0,0,0
GABG63828 ,12,SHOCK ABSORBER,0,153,0,0,0
GABG63829 ,1,SHOCK ABSORBER,0,154,0,0,0
GABG63829 ,2,SHOCK ABSORBER,0,154,0,0,0
GABG63829 ,3,SHOCK ABSORBER,0,154,0,0,0
GABG63829 ,4,SHOCK ABSORBER,0,154,0,0,0
GABG63829 ,5,SHOCK ABSORBER,0,154,0,0,0
GABG63829 ,6,SHOCK ABSORBER,0,154,0,0,0
GABG63829 ,7,SHOCK ABSORBER,0,154,0,0,0
GABG63829 ,8,SHOCK ABSORBER,0,154,0,0,0
GABG63829 ,9,SHOCK ABSORBER,0,154,0,0,0
GABG63829 ,10,SHOCK ABSORBER,0,154,0,0,0
GABG63829 ,11,SHOCK ABSORBER,0,154,0,0,0
GABG63829 ,12,SHOCK ABSORBER,0,154,0,0,0
GABG63832 ,1,SHOCK ABSORBER,0,155,0,0,0
GABG63832 ,2,SHOCK ABSORBER,0,155,0,0,0
GABG63832 ,3,SHOCK ABSORBER,0,155,0,0,0
GABG63832 ,4,SHOCK ABSORBER,0,155,0,0,0
GABG63832 ,5,SHOCK ABSORBER,0,155,0,0,0
GABG63832 ,6,SHOCK ABSORBER,0,155,0,0,0
GABG63832 ,7,SHOCK ABSORBER,0,155,0,0,0
GABG63832 ,8,SHOCK ABSORBER,0,155,0,0,0
GABG63832 ,9,SHOCK ABSORBER,0,155,0,0,0
GABG63832 ,10,SHOCK ABSORBER,0,155,0,0,0
GABG63832 ,11,SHOCK ABSORBER,0,155,0,0,0
GABG63832 ,12,SHOCK ABSORBER,0,155,0,0,0
GABG63845 ,1,SHOCK ABSORBER,0,156,0,0,0
GABG63845 ,2,SHOCK ABSORBER,0,156,0,0,0
GABG63845 ,3,SHOCK ABSORBER,0,156,0,0,0
GABG63845 ,4,SHOCK ABSORBER,0,156,0,0,0
GABG63845 ,5,SHOCK ABSORBER,0,156,0,0,0
GABG63845 ,6,SHOCK ABSORBER,0,156,0,0,0
GABG63845 ,7,SHOCK ABSORBER,0,156,0,0,0
GABG63845 ,8,SHOCK ABSORBER,0,156,0,0,0
GABG63845 ,9,SHOCK ABSORBER,0,156,0,0,0
GABG63845 ,10,SHOCK ABSORBER,0,156,0,0,0
GABG63845 ,11,SHOCK ABSORBER,0,156,0,0,0
GABG63845 ,12,SHOCK ABSORBER,0,156,0,0,0
GABG64037 ,1,SHOCK ABSORBER,4,157,0,4,8
GABG64037 ,2,SHOCK ABSORBER,4,157,0,0,8
GABG64037 ,3,SHOCK ABSORBER,4,157,0,0,8
GABG64037 ,4,SHOCK ABSORBER,4,157,0,0,8
GABG64037 ,5,SHOCK ABSORBER,4,157,2,0,6
GABG64037 ,6,SHOCK ABSORBER,4,157,0,0,6
GABG64037 ,7,SHOCK ABSORBER,4,157,0,0,6
GABG64037 ,8,SHOCK ABSORBER,4,157,0,0,6
GABG64037 ,9,SHOCK ABSORBER,4,157,0,0,6
GABG64037 ,10,SHOCK ABSORBER,4,157,0,0,6
GABG64037 ,11,SHOCK ABSORBER,4,157,0,0,6
GABG64037 ,12,SHOCK ABSORBER,4,157,0,0,6