Month,Itm Code,MOG15011 ,MOG17050 ,MOG18072 ,MOG2609 ,MOG2701 ,MOG2716 ,MOG2815 ,MOG281A ,MOG2820 ,MOG2839 ,MOG304 ,MOG315-G ,MOG329 ,MOG330 ,MOG331 ,MOG333 ,MOG351 ,MOG353 ,MOG354 ,MOG355 ,MOG358 ,MOG365 ,MOG369 ,MOG371 ,MOG380 ,MOG41869 ,MOG427 ,MOG429 ,MOG433 ,MOG434 ,MOG460 ,MOG475 ,MOG476 ,MOG5030 ,MOG5113 ,MOG5245 ,MOG534-G ,MOG5376 ,MOG5405 ,MOG5443 ,MOG5549 ,MOG5642 ,MOG5662 ,MOG5716 ,MOG578 ,MOG584 ,MOG606 ,MOG61426 ,MOG6454 ,MOG6560S ,MOG7172 ,MOG7440 ,MOG81008 ,MOG81069 ,MOG81071 ,MOG81077 ,MOG81098 ,MOG81192 ,MOG81248 ,MOG81479 ,MOG81720 ,MOG81741 ,MOG81992 ,MOG8529 ,MOG8598 ,MOG8600 ,MOG8621 ,MOG8649 ,MOG8652 ,MOG8659B ,MOG874 ,MOG9046 ,MOGC-507 ,MOGCC-621 ,MOGCC-640 ,MOGCC650 ,MOGCC-650 ,MOGCC-716 ,MOGCC-778 ,MOGCC-782 ,MOGCC-839 ,MOGCC-849 ,MOGCC-860 ,MOGCC-862 ,MOGCC-865 ,MOGCK-80669 ,MOGCK-80670 ,MOGCS-584 ,MOGCS-638 ,MOGDS-1000 ,MOGDS-1017 ,MOGDS-1045S ,MOGDS-1046 ,MOGDS-1047 ,MOGDS-1049 ,MOGDS-1064 ,MOGDS-1066 ,MOGDS-1069 ,MOGDS-1072 ,MOGDS-1073 ,MOGDS-1116 ,MOGDS-1138 ,MOGDS-1174 ,MOGDS-1175 ,MOGDS-1176 ,MOGDS-1177 ,MOGDS-1204 ,MOGDS-1216 ,MOGDS-1217 ,MOGDS-1226 ,MOGDS-1235 ,MOGDS-1236S ,MOGDS-1237 ,MOGDS-1238 ,MOGDS-1239S ,MOGDS-1278 ,MOGDS-1287 ,MOGDS-1289 ,MOGDS-1312 ,MOGDS-1318 ,MOGDS-1326S ,MOGDS-1327 ,MOGDS-1405 ,MOGDS-1406 ,MOGDS-1408 ,MOGDS-1427 ,MOGDS-2267 ,MOGDS-300005 ,MOGDS-300043 ,MOGDS-300082 ,MOGDS-659 ,MOGDS-684 ,MOGDS-733 ,MOGDS-749 ,MOGDS-800982A ,MOGDS-815 ,MOGDS-829 ,MOGDS-841 ,MOGDS-867 ,MOGDS-878 ,MOGDS-889 ,MOGDS-893 ,MOGDS-899 ,MOGDS-900 ,MOGDS-905 ,MOGDS-909 ,MOGDS-914 ,MOGDS-987 ,MOGES-194L ,MOGES-194R ,MOGES-2004S ,MOGES-2011R ,MOGES-2012S ,MOGES-2016S ,MOGES-2019R ,MOGES-2020L ,MOGES-2026R ,MOGES-2027L ,MOGES-2032S ,MOGES-2033RL ,MOGES-2034RL ,MOGES-2056RL ,MOGES-2057RL ,MOGES-2058S ,MOGES-2061L ,MOGES-2062R ,MOGES-2065L ,MOGES-2072RL ,MOGES-2077R ,MOGES-2078L ,MOGES-2079S ,MOGES-2080S ,MOGES-2081RL ,MOGES-2111RL ,MOGES-2120R ,MOGES-2121L ,MOGES-2150RL ,MOGES-2153RL ,MOGES-2214R ,MOGES-2215L ,MOGES-2216R ,MOGES-2217R ,MOGES-2221L ,MOGES-2222L ,MOGES-2223R ,MOGES-2227RL ,MOGES-2231RL ,MOGES-2233L ,MOGES-2234R ,MOGES-2249RL ,MOGES-2262RL ,MOGES-2268RL ,MOGES-2322L ,MOGES-2396R ,MOGES-2513RL ,MOGES-2727R ,MOGES-2728L ,MOGES-2836RL ,MOGES-2837RL ,MOGES-2838RL ,MOGES-2907RL ,MOGES-2908RL ,MOGES-2913R ,MOGES-2914R ,MOGES-300043 ,MOGES-3004RL ,MOGES-3008RL ,MOGES-3026L ,MOGES-3027R ,MOGES-3099RL ,MOGES-3181RL ,MOGES-3184RL ,MOGES-3250 ,MOGES-3254RL ,MOGES-3268L ,MOGES-3269R ,MOGES-3270L ,MOGES-3270R ,MOGES-3274L ,MOGES-3275R ,MOGES-3302RL ,MOGES-330L ,MOGES-330R ,MOGES-3311S ,MOGES-332L ,MOGES-332R ,MOGES-3332R ,MOGES-3349RL ,MOGES-3364T ,MOGES-3365T ,MOGES-3366T ,MOGES-3367T ,MOGES-3369T ,MOGES-336L ,MOGES-3370T ,MOGES-3401RL ,MOGES-3453 ,MOGES-3455 ,MOGES-3461 ,MOGES-3472 ,MOGES-3473 ,MOGES-3474 ,MOGES-3475 ,MOGES-3488 ,MOGES-3489 ,MOGES-348R ,MOGES-3492T ,MOGES-3493S ,MOGES-3493T ,MOGES-3494 ,MOGES-3495 ,MOGES-350S ,MOGES-352R ,MOGES-3571 ,MOGES-3579 ,MOGES-3609 ,MOGES-3624 ,MOGES-362S ,MOGES-3675 ,MOGES-3676 ,MOGES-3691 ,MOGES-3693RL ,MOGES-3694 ,MOGES-3695 ,MOGES-373L ,MOGES-373R ,MOGES-401L ,MOGES-401R ,MOGES-403L ,MOGES-403R ,MOGES-405L ,MOGES-405R ,MOGES-406L ,MOGES-406R ,MOGES-409L ,MOGES-409R ,MOGES-415RL ,MOGES-423L ,MOGES-423R ,MOGES-430S ,MOGES-437L ,MOGES-441RL ,MOGES-442L ,MOGES-443L ,MOGES-453L ,MOGES-681N ,MOGES-800086 ,MOGES-800223 ,MOGES-800286 ,MOGES-800473 ,MOGES-800474 ,MOGES-800514 ,MOGES-800515 ,MOGES-800594 ,MOGES-800801 ,MOGES-800882 ,MOGES-800883 ,MOGES-800901 ,MOGES-800939 ,MOGES-800948 ,MOGES-800986 ,MOGES-801253 ,MOGES-801352 ,MOGES-801532 ,MOGES-801533 ,MOGES-80277 ,MOGES-80311 ,MOGES-80786 ,MOGES-80805 ,MOGEV-116 ,MOGEV-117 ,MOGEV-119 ,MOGEV-124 ,MOGEV-127 ,MOGEV-128 ,MOGEV-195 ,MOGEV-200 ,MOGEV-201 ,MOGEV-252 ,MOGEV-260 ,MOGEV-264 ,MOGEV-370 ,MOGEV-398 ,MOGEV-405 ,MOGEV-417 ,MOGEV-455 ,MOGEV-456 ,MOGEV-800084 ,MOGEV-800278 ,MOGEV-800457 ,MOGEV-800472 ,MOGEV-800572 ,MOGEV-800576 ,MOGEV-800885 ,MOGEV-800889 ,MOGEV-800893 ,MOGEV-800935 ,MOGEV-800938 ,MOGEV-800950 ,MOGEV-800963 ,MOGEV-801301 ,MOGEV-801377 ,MOGEV-801521 ,MOGEV-801527 ,MOGEV-80191 ,MOGEV-80702 ,MOGEV-80804 ,MOGK-150270 ,MOGK-150320 ,MOGK-150419 ,MOGK-160096 ,MOGK-160098 ,MOGK-160214 ,MOGK-160285 ,MOGK-160292 ,MOGK-160293 ,MOGK-160294 ,MOGK-160310 ,MOGK-160311 ,MOGK-160331 ,MOGK-160333 ,MOGK-200044 ,MOGK-200155 ,MOGK-200166 ,MOGK-200168 ,MOGK-200170 ,MOGK-200178 ,MOGK-200187 ,MOGK-200188 ,MOGK-200193 ,MOGK-200194 ,MOGK-200195 ,MOGK-200198 ,MOGK-200199 ,MOGK-200200 ,MOGK-200222 ,MOGK-200232 ,MOGK-200269 ,MOGK-200270 ,MOGK-200271 ,MOGK-200272 ,MOGK-200315 ,MOGK-200331 ,MOGK-200334 ,MOGK-200343 ,MOGK-200349 ,MOGK-200353 ,MOGK-200356 ,MOGK-200363 ,MOGK-200364 ,MOGK-200365 ,MOGK-200366 ,MOGK-200428 ,MOGK-200520 ,MOGK-200664 ,MOGK-200768 ,MOGK-200778 ,MOGK-200779 ,MOGK-200784 ,MOGK-200802 ,MOGK-200846 ,MOGK-200855 ,MOGK-200856 ,MOGK-200857 ,MOGK-200876 ,MOGK-200877 ,MOGK-200901 ,MOGK-201187 ,MOGK-201188 ,MOGK-201189 ,MOGK-201190 ,MOGK-201220 ,MOGK-201297 ,MOGK-201311 ,MOGK-201321 ,MOGK-201342 ,MOGK-201360 ,MOGK-201361 ,MOGK-201362 ,MOGK-201389 ,MOGK-201406 ,MOGK-201407 ,MOGK-201422 ,MOGK-201426B ,MOGK-201477 ,MOGK-201487 ,MOGK-201490 ,MOGK-201689 ,MOGK-201698 ,MOGK-201736 ,MOGK-201777 ,MOGK-201785 ,MOGK-201811 ,MOGK-201859 ,MOGK-201939 ,MOGK-201974 ,MOGK-201997 ,MOGK-202027 ,MOGK-202055 ,MOGK-202089 ,MOGK-202118 ,MOGK-202182 ,MOGK-304 ,MOGK-3128 ,MOGK-3131 ,MOGK-3134 ,MOGK-3137 ,MOGK-3147 ,MOGK-3161 ,MOGK-3171 ,MOGK-3174 ,MOGK-3181 ,MOGK-3185 ,MOGK-3198 ,MOGK-3199 ,MOGK-3202 ,MOGK-400018 ,MOGK-400020 ,MOGK-408 ,MOGK-440019 ,MOGK-500007 ,MOGK-500008 ,MOGK-500060 ,MOGK-500088 ,MOGK-500193 ,MOGK-500227 ,MOGK-500232 ,MOGK-500245 ,MOGK-500250 ,MOGK-500318 ,MOGK-500340 ,MOGK-500408 ,MOGK-5103 ,MOGK-5108 ,MOGK-5196 ,MOGK-5208 ,MOGK-5208E ,MOGK-5227 ,MOGK-5248 ,MOGK-5252 ,MOGK-5260 ,MOGK-5262 ,MOGK-5269 ,MOGK-5273 ,MOGK-5277 ,MOGK-5288 ,MOGK-5289 ,MOGK-5295 ,MOGK-5298 ,MOGK-5320 ,MOGK-5331 ,MOGK-6034 ,MOGK-6035 ,MOGK-604293 ,MOGK-6076 ,MOGK-6096 ,MOGK-6096T ,MOGK-6096-X ,MOGK-6099 ,MOGK-6109 ,MOGK-6111 ,MOGK-6116 ,MOGK-6117 ,MOGK-6117T ,MOGK-6122 ,MOGK-6122E ,MOGK-6129 ,MOGK-6129T ,MOGK-6135 ,MOGK-6136 ,MOGK-6136E ,MOGK-6137 ,MOGK-6138 ,MOGK-6141 ,MOGK-6142 ,MOGK-6143 ,MOGK-6144 ,MOGK-6145 ,MOGK-6145E ,MOGK-6145T ,MOGK-6146 ,MOGK-6147 ,MOGK-6150 ,MOGK-6153 ,MOGK-6160 ,MOGK-6175 ,MOGK-6176 ,MOGK-6177 ,MOGK-6178 ,MOGK-6186 ,MOGK-6187 ,MOGK-6198 ,MOGK-620054 ,MOGK-620177 ,MOGK-620178 ,MOGK-620218 ,MOGK-620219 ,MOGK-620225 ,MOGK-620258 ,MOGK-620298 ,MOGK-620299 ,MOGK-620486 ,MOGK-620487 ,MOGK-620899 ,MOGK-6210 ,MOGK-621231 ,MOGK-621232 ,MOGK-6217 ,MOGK-6218 ,MOGK-6220 ,MOGK-622128 ,MOGK-6247 ,MOGK-6247T ,MOGK-6248 ,MOGK-6249 ,MOGK-6251 ,MOGK-6253 ,MOGK-6258 ,MOGK-6259 ,MOGK-6271 ,MOGK-6282 ,MOGK-6283 ,MOGK-6291 ,MOGK-6292 ,MOGK-6293 ,MOGK-6294 ,MOGK-6298 ,MOGK-6301 ,MOGK-6302 ,MOGK-6323 ,MOGK-6325 ,MOGK-6327 ,MOGK-6329 ,MOGK-6331 ,MOGK-6333 ,MOGK-6335 ,MOGK-6338 ,MOGK-6339 ,MOGK-6344 ,MOGK-6346 ,MOGK-6351 ,MOGK-6364 ,MOGK-6365 ,MOGK-6366 ,MOGK-6372 ,MOGK-6390 ,MOGK-6395 ,MOGK-640293 ,MOGK-640294 ,MOGK-640773 ,MOGK-6408 ,MOGK-641180 ,MOGK-641787 ,MOGK-641799 ,MOGK-641866 ,MOGK-6428 ,MOGK-6429 ,MOGK-6439 ,MOGK-6445 ,MOGK-6447 ,MOGK-6447-X ,MOGK-6453 ,MOGK-6477 ,MOGK-6490 ,MOGK-6509 ,MOGK-6512T ,MOGK-6521 ,MOGK-6534 ,MOGK-6535 ,MOGK-6536 ,MOGK-6539 ,MOGK-6540 ,MOGK-6541 ,MOGK-6578 ,MOGK-660169 ,MOGK-660203 ,MOGK-6604 ,MOGK-6654 ,MOGK-6655 ,MOGK-6658 ,MOGK-6663 ,MOGK-6665 ,MOGK-6666 ,MOGK-6667 ,MOGK-6668 ,MOGK-6669 ,MOGK-6670 ,MOGK-6687 ,MOGK-6688 ,MOGK-6692 ,MOGK-6693 ,MOGK-6694 ,MOGK-6695 ,MOGK-6696 ,MOGK-6700 ,MOGK-6702 ,MOGK-6711 ,MOGK-6712 ,MOGK-6715 ,MOGK-6722 ,MOGK-6724 ,MOGK-700053 ,MOGK-700054 ,MOGK-700432 ,MOGK-700438 ,MOGK-700536 ,MOGK-700538 ,MOGK-700539 ,MOGK-700540 ,MOGK-700542 ,MOGK-700633 ,MOGK-7007 ,MOGK-700701 ,MOGK-700718 ,MOGK-7050 ,MOGK-7051 ,MOGK-7055 ,MOGK-7058 ,MOGK-7059 ,MOGK-7062 ,MOGK-7065 ,MOGK-7066 ,MOGK-7069 ,MOGK-7071 ,MOGK-7073 ,MOGK-7076 ,MOGK-7084 ,MOGK-7086 ,MOGK-7087 ,MOGK-7092 ,MOGK-7097 ,MOGK-7100 ,MOGK-7101 ,MOGK-7106 ,MOGK-7115 ,MOGK-7117 ,MOGK-7118 ,MOGK-7121 ,MOGK-7156 ,MOGK-7157 ,MOGK-7164 ,MOGK-7169 ,MOGK-719 ,MOGK-7211 ,MOGK-7212 ,MOGK-7240 ,MOGK-7251 ,MOGK-7275 ,MOGK-7276 ,MOGK-7286 ,MOGK-7294 ,MOGK-7389 ,MOGK-7390 ,MOGK-7466 ,MOGK-7470 ,MOGK-750052 ,MOGK-750074 ,MOGK-750139 ,MOGK-750155 ,MOGK-750159 ,MOGK-750185 ,MOGK-750362 ,MOGK-750388 ,MOGK-750389 ,MOGK-750453 ,MOGK-750511 ,MOGK-750580 ,MOGK-750625 ,MOGK-750626 ,MOGK-750660 ,MOGK-750675 ,MOGK-750900 ,MOGK-750963 ,MOGK-7600 ,MOGK-772 ,MOGK-778 ,MOGK-787 ,MOGK-791 ,MOGK-80027 ,MOGK-80028 ,MOGK-80029 ,MOGK-80039 ,MOGK-80043 ,MOGK-800474 ,MOGK-80049 ,MOGK-80078 ,MOGK-800801 ,MOGK-80081 ,MOGK-80092 ,MOGK-80096 ,MOGK-801377 ,MOGK-80140 ,MOGK-801409 ,MOGK-80141 ,MOGK-801410 ,MOGK-80149 ,MOGK-80202 ,MOGK-80239 ,MOGK-80258 ,MOGK-80272 ,MOGK-80279 ,MOGK-80338 ,MOGK-80340 ,MOGK-8036 ,MOGK-80631 ,MOGK-80669 ,MOGK-80670 ,MOGK-80720 ,MOGK-80721 ,MOGK-80722 ,MOGK-80723 ,MOGK-80772 ,MOGK-80773 ,MOGK-80774 ,MOGK-80778 ,MOGK-80812 ,MOGK-80826 ,MOGK-80830 ,MOGK-80833 ,MOGK-80834 ,MOGK-80835 ,MOGK-80836 ,MOGK-80852 ,MOGK-80942 ,MOGK-80963 ,MOGK-80964 ,MOGK-80996 ,MOGK-8101 ,MOGK-8103 ,MOGK-8131 ,MOGK-8194 ,MOGK-8195 ,MOGK-8219 ,MOGK-8256 ,MOGK-8259 ,MOGK-8265 ,MOGK-8266 ,MOGK-8276 ,MOGK-8283 ,MOGK-8289 ,MOGK-8290 ,MOGK-8292 ,MOGK-8297 ,MOGK-8310 ,MOGK-8361 ,MOGK-8373 ,MOGK-8374 ,MOGK-8379 ,MOGK-8388 ,MOGK-8401 ,MOGK-8412 ,MOGK-8415 ,MOGK-8422 ,MOGK-8427 ,MOGK-8431 ,MOGK-8432 ,MOGK-8433 ,MOGK-8434 ,MOGK-8435 ,MOGK-8439 ,MOGK-8452 ,MOGK-8471 ,MOGK-8477 ,MOGK-8495 ,MOGK-8521 ,MOGK-8526 ,MOGK-8546 ,MOGK-8563 ,MOGK-8600 ,MOGK-8607 ,MOGK-8608 ,MOGK-8609 ,MOGK-8613 ,MOGK-8618 ,MOGK-8621 ,MOGK-8634 ,MOGK-8637 ,MOGK-8645 ,MOGK-8651 ,MOGK-8655 ,MOGK-8678 ,MOGK-8685 ,MOGK-8687 ,MOGK-8688 ,MOGK-8695 ,MOGK-8695T ,MOGK-8700 ,MOGK-8702 ,MOGK-8703 ,MOGK-8703-X ,MOGK-8704 ,MOGK-8705 ,MOGK-8706 ,MOGK-8710 ,MOGK-8721 ,MOGK-8732 ,MOGK-8739T ,MOGK-8764 ,MOGK-8765 ,MOGK-8766 ,MOGK-8768 ,MOGK-8772 ,MOGK-8789 ,MOGK-8802 ,MOGK-8807 ,MOGK-8837 ,MOGK-8848 ,MOGK-8853 ,MOGK-8953 ,MOGK-8987 ,MOGK-9022 ,MOGK-90349 ,MOGK-9498 ,MOGMOGES-800901 ,MOGPM-105E ,MOGRK-620054 ,MOGRK-620160 ,MOGRK-620161 ,MOGRK-620218 ,MOGRK-620219 ,MOGRK-620225 ,MOGRK-620298 ,MOGRK-620299 ,MOGRK-620486 ,MOGRK-620487 ,MOGRK-620629 ,MOGRK-620630 ,MOGRK-620719 ,MOGRK-620720 ,MOGRK-621231 ,MOGRK-621232 ,MOGRK-621233 ,MOGRK-621234 ,MOGRK-621355 ,MOGRK-621675 ,MOGRK-621676 ,MOGRK-621823 ,MOGRK-622128 ,MOGRK-622215 ,MOGRK-622216 ,MOGRK-622918 ,MOGRK-622919 ,MOGRK623125 ,MOGRK-623125 ,MOGRK623126 ,MOGRK-623126 ,MOGRK623211 ,MOGRK-623211 ,MOGRK623212 ,MOGRK-623212 ,MOGRK-623751 ,MOGRK-623752 ,MOGRK-640721 ,MOGRK-640773 ,MOGRK-641500 ,MOGRK-641501 ,MOGRK-641505 ,MOGRK-641506 ,MOGRK-641643 ,MOGRK-641644 ,MOGRK-641781 ,MOGRK-641787 ,MOGRK-641799 ,MOGRK-64182 ,MOGRK-641822 ,MOGRK-641866 ,MOGRK-641887 ,MOGRK-641916 ,MOGRK642097 ,MOGRK-642744 ,MOGRK-642905 ,MOGRK-643119 ,MOGRK-643233 ,MOGRK-643255 ,MOGRK-643303 ,MOGRK-643304 ,MOGRK-643317 ,MOGRK-643354 ,MOGRK-643415 ,MOGRK-643551 ,MOGRK-643595 ,MOGRK-643596 ,MOGRK-660203 ,MOGRK-80038 ,MOGRK-80040 ,MOGSB-320 ,MOGSB-335 
,Function Description,P.S.PUMP,P.S.PUMP,P.S.PUMP,PUMP WASHER,P.S.KIT,P.S.PUMP,P.S.PUMP,U.J.KIT,P.S.PUMP,P.S.PUMP,U.J.KIT,U.J.KIT,U.J.KIT,U.J.KIT,U.J.KIT,U.J.KIT,U.J.KIT,U.J.KIT,U.J.KIT,U.J.KIT,U.J.KIT,U.J.KIT,U.J.KIT,U.J.KIT,U.J.KIT,LEAF SPRING ASSY,U.J.KIT,U.J.KIT,U.J.KIT,U.J.KIT,U.J.KIT,U.J.KIT,U.J.KIT,COIL SPRING,P.S.PUMP,COIL SPRING,U.J.KIT,COIL SPRING,BOOT KIT,BOOT KIT,COIL SPRING,COIL SPRING,COIL SPRING,COIL SPRING,U.J.KIT,COIL SPRING,U.J.KIT,STRG GEAR ASSY,COIL SPRING,COIL SPRING,COIL SPRING,BOOT PACKAGE,COIL SPRING,COIL SPRING,COIL SPRING,COIL SPRING,COIL SPRING,COIL SPRING,COIL SPRING,COIL SPRING,COIL SPRING,COIL SPRING,COIL SPRING,P.S.KIT,COIL SPRING,COIL SPRING,COIL SPRING,COIL SPRING,COIL SPRING,KING PIN SET,COIL SPRING,COIL SPRING,COIL SPRING,COIL SPRING,COIL SPRING,COIL SPRING,COIL SPRING,COIL SPRING,COIL SPRING,COIL SPRING,COIL SPRING,COIL SPRING,COIL SPRING,COIL SPRING,COIL SPRING,ARM ASSY,ARM ASSY,COIL SPRING,COIL SPRING,DRAG LINK,TIE ROD END,SLEEVE,TIE ROD END,CENTER LINK,CENTER LINK,DRAG LINK,CENTER LINK,DRAG LINK,TIE ROD END,DRAG LINK,CENTER LINK,DRAG LINK,TIE ROD END,DRAG LINK,DRAG LINK,TIE ROD END,DRAG LINK,DRAG LINK,DRAG LINK,DRAG LINK,TRACK BAR,SLEEVE,TIE ROD END,TIE ROD END,SLEEVE,DRAG LINK,DRAG LINK,TIE ROD END,TIE ROD END,DRAG LINK,SLEEVE,TRACK BAR,CENTER LINK,CENTER LINK,CENTER LINK,DRAG LINK,DRAG LINK,TIE ROD END,TIE ROD END,CENTER LINK,DRAG LINK,DRAG LINK,DRAG LINK,CENTER LINK,STRG LINKAGE ASSY,CENTER LINK,CENTER LINK,TIE ROD END,CENTER LINK,TIE ROD END,CENTER LINK,TIE ROD END,CENTER LINK,DRAG LINK,TIE ROD END,CENTER LINK,DRAG LINK,DRAG LINK,TIE ROD END,TIE ROD END,SLEEVE,TIE ROD END,SLEEVE,SLEEVE,TIE ROD END,TIE ROD END,TIE ROD END,TIE ROD END,SLEEVE,TIE ROD END,TIE ROD END,TIE ROD END,TIE ROD END,SLEEVE,TIE ROD END,TIE ROD END,TIE ROD END,TIE ROD END,TIE ROD END,TIE ROD END,SLEEVE,SLEEVE,TIE ROD END,TIE ROD END,TIE ROD END,TIE ROD END,TIE ROD END,TIE ROD END,TIE ROD END,TIE ROD END,TIE ROD END,TIE ROD END,TIE ROD END,TIE ROD END,TIE ROD END,TIE ROD END,TIE ROD END,TIE ROD END,TIE ROD END,TIE ROD END,TIE ROD END,TIE ROD END,TIE ROD END,TIE ROD END,TIE ROD END,TIE ROD END,TIE ROD END,TIE ROD END,TIE ROD END,TIE ROD END,TIE ROD END,TIE ROD END,TIE ROD END,TIE ROD END,TIE ROD END,TIE ROD END,TIE ROD END,TIE ROD END,TIE ROD END,TIE ROD END,TIE ROD END,TIE ROD END,TIE ROD END,TIE ROD END,TIE ROD END,TIE ROD END,TIE ROD END,TIE ROD END,TIE ROD END,TIE ROD END,TIE ROD END,TIE ROD END,TIE ROD END,SLEEVE,TIE ROD END,TIE ROD END,TIE ROD END,TIE ROD END,TIE ROD END,TIE ROD END,TIE ROD END,TIE ROD END,TIE ROD END,TIE ROD END,T R END,TIE ROD END,TIE ROD END,TIE ROD END,TIE ROD END,TIE ROD END,TIE ROD END,DRAG LINK,DRAG LINK,TIE ROD END,TIE ROD END,TIE ROD END,TIE ROD END,SLEEVE,TIE ROD END,TIE ROD END,TIE ROD END,SLEEVE,TIE ROD END,TIE ROD END,TIE ROD END,TIE ROD END,TIE ROD END,SLEEVE,TIE ROD END,TIE ROD END,TIE ROD END,TIE ROD END,TIE ROD END,TIE ROD END,TIE ROD END,TIE ROD END,TIE ROD END,TIE ROD END,TIE ROD END,TIE ROD END,TIE ROD END,TIE ROD END,TIE ROD END,TIE ROD END,TIE ROD END,TIE ROD END,TIE ROD END,TIE ROD END,TIE ROD END,SLEEVE,TIE ROD END,TIE ROD END,TIE ROD END,TIE ROD END,TIE ROD END,TIE ROD END,TIE ROD END,TIE ROD END,TIE ROD END,T. R. END,T.R.END,TIE ROD,TIE ROD,TIE ROD END,TIE ROD END,TIE ROD END,TIE ROD END,TIE ROD END,TIE ROD END,TIE ROD END,TIE ROD END,TIE ROD END,TIE ROD,TIE ROD END,TIE ROD END,TIE ROD END,TIE ROD END,TIE ROD END,TIE ROD END,TIE ROD END,TIE ROD END,BUSH T.R. END,TIE ROD END,TIE ROD END,TIE ROD END,TIE ROD END,TIE ROD END,TIE ROD END,TIE ROD END,TIE ROD END,TIE ROD END,TIE ROD END,TIE ROD END,TIE ROD END,TIE ROD END,TIE ROD END,TIE ROD ASSY,TIE ROD END,TIE ROD,TIE ROD,TIE ROD END,TIE ROD END,TIE ROD INNER,TIE ROD END,TIE ROD END,TIE ROD END,TIE ROD END,TIE ROD END,TIE ROD END,TIE ROD END,TIE ROD END,TIE ROD END,TIE ROD END,TIE ROD END,TIE ROD END,TIE ROD END,TIE ROD END,BOOT KIT,BOOT,BOOT KIT,MOUNT SHOCK,MOUNT SHOCK,MOUNT SHOCK,BOOT KIT,MOUNT SHOCKS,MOUNT SHOCKS,MOUNT SHOCK,INSULATOR,INSULATOR,BRACKET SHOCK,MOUNT SHOCK,BUSH CONTROL ARM,BUSH,BUSH SWAY BAR,BUSH SWAY BAR,BUSH SWAY BAR,BUSH CONTROL ARM,BUSH CONTROL ARM,BUSH CONTROL ARM,BUSH CONTROL ARM,BUSH CONTROL ARM,BUSH CONTROL ARM,BUSH CONTROL ARM,BUSH CONTROL ARM,BUSH CONTROL ARM,BUSH STABILIZER,BALL JOINT,BUSH CONTROL ARM,BUSH CONTROL ARM,BUSH CONTROL ARM,BUSH CONTROL ARM,BUSH CONTROL ARM,BUSH SWAY BAR,BUSH STABILIZER,BUSH CONTROL ARM,BUSH CONTROL ARM,BUSH CONTROL ARM,BUSH CONTROL ARM,BRACKET LWR ARM,BRACKET ARM ASSY,BUSH CONTROL ARM,BUSH CONTROL ARM,BUSH CONTROL ARM,BUSH SWAY BAR,BUSH,BUSH STABLIZER,BRACKET ARM ASSY,BRACKET LWR ARM,BUSH CUSTER,BUSH,BUSH SWAY BAR,BUSH CONTROL ARM,BUSH CONTROL ARM,BUSH CONTROL ARM,BUSH STABILIZER,BUSH SWAY BAR,INSULATOR,BUSH CONTROL ARM,BUSH CONTROL ARM,BUSH CONTROL ARM,BUSH,BUSH CONTROL ARM,BUSH SWAY BAR,BUSH,BUSH SWAY BAR,BUSH SWAY BAR,BUSH SWAY BAR,BUSH SWAY BAR,BUSH SWAY BAR,BUSH SWAY BAR,BUSH CONTROL ARM,BUSH STABILIZER,BUSH SWAY BAR,RUBBER BUMPER,BUSH ARM,BUSH SWAY BAR,BUSH SWAY BAR,TRACK BAR,BUSH CONTROL ARM,BUSH DIFF CARRIER,BUSH STABILIZER,BUSH CENTER LINK,BUSH CONTROL ARM,BUSH CONTROL ARM,BUMPER STRUT,BUSH ARM,BUSH STABLIZER,BUSH,INSULATOR,BUSH,BUSH STABILIZER,BUSH SWAY BAR,BUSH CONTROL ARM,BUSH CONTROL ARM,BUSH CONTROL ARM,BALL JOINT,BALL JOINT,BUSH TRACK BAR,BALL JOINT,BUSHING,LINK STAB BAR,LINK KIT,BALL JOINT,ARM ASSY,BALL JOINT,LINK STAB BAR,IDLER ARM,BRACKET,BUSH CONTROL ARM,PITMAN ARM,BALL JOINT,BALL JOINT,BALL JOINT,BALL JOINT,BALL JOINT,BALL JOINT,BALL JOINT,BALL JOINT,BALL JOINT,BALL JOINT,BALL JOINT,BALL JOINT,BALL JOINT,BALL JOINT,BUSH CONTROL ARM,BALL JOINT,BALL JOINT,BUSH STABILIZER,BUSH STABILIZER,STAB LINK KIT,BUSH CONTROL ARM,BUSH CONTROL ARM,BALL JOINT,BALL JOINT,PITMAN ARM,BUSH STABILIZER,BALL JOINT,BALL JOINT,BUSH CONTROL ARM,BALL JOINT,BALL JOINT,BALL JOINT,BALL JOINT,ARM ASSY,BUSH,IDLER ARM,IDLER ARM,IDLER ARM,IDLER ARM,BUSH CONTROL ARM,BUSH CONTROL ARM,BUSH CONTROL ARM,BALL JOINT,BALL JOINT,BALL JOINT,BALL JOINT,BALL JOINT,BALL JOINT,SHAFT KIT,BALL JOINT,BALL JOINT,BUSH CONTROL ARM,BUSH CONTROL ARM,BALL JOINT,PITMAN ARM,PITMAN ARM,BUSH CONTROL ARM,BALL JOINT,BALL JOINT,BALL JOINT,BUSH CONTROL ARM,CONTROL ARM SHAFT,PITMAN ARM,IDLER ARM,SHAFT KIT,BALL JOINT,BUSH CONTROL ARM,BUSH CONTROL ARM,BUSH,IDLER ARM,IDLER ARM,BUSH CONTROL ARM,ARM ASSY,ARM ASSY,ARM ASSY,ARM ASSY,ARM ASSY,ARM ASSY,CONTROL ARM ASSY,ARM ASSY,ARM ASSY,ARM ASSY,ARM ASSY,ARM ASSY,BUSH CONTROL ARM,ARM ASSY,ARM ASSY,STAB LINK KIT,SHAFT KIT,PITMAN ARM,ARM ASSY,IDLER ARM,IDLER ARM,IDLER ARM,IDLER ARM,IDLER ARM,BUSH CONTROL ARM,IDLER ARM,IDLER ARM,BUSH,BUSH CONTROL ARM,BUSH CONTROL ARM,BALL JOINT,BALL JOINT,BALL JOINT,BALL JOINT,BOOT KIT,BELLOWS KIT,SHAFT KIT,BUSH CONTROL ARM,BUSH CONTROL ARM,BUSH CONTROL ARM,BUSH CONTROL ARM,IDLER ARM,BUSH CONTROL ARM,PITMAN ARM,BELLOWS KIT,PITMAN ARM,BALL JOINT,BALL JOINT,BUSH CONTROL ARM,BUSH CONTROL ARM,IDLER ARM,IDLER ARM,BALL JOINT,IDLER ARM,BUSH CONTROL ARM,ARM ASSY,ARM ASSY,ARM ASSY,BUSH STABILIZER,ARM ASSY,LINK ASSY,ARM ASSY,ARM ASSY,STAB LINK KIT,BALL JOINT,BUSH STABILIZER,BALL JOINT,IDLER ARM,IDLER ARM,BUSH STABILIZER,BALL JOINT,BUSH CONTROL ARM,BALL JOINT,IDLER ARM,MOUNT SHOCK,IDLER ARM,IDLER ARM,PITMAN ARM,BALL JOINT,BALL JOINT,BALL JOINT,BUSH CONTROL ARM,TRACK BAR,ARM ASSY,ARM BUMPER,PITMAN ARM,BUSH STABLIZER,BUSH CONTROL ARM,BALL JOINT,STAB LINK KIT,STAB LINK KIT,STAB LINK KIT,STAB LINK KIT,BUSH,BUSH,BUSH CONTROL ARM,BUSH CONTROL ARM,STAB LINK KIT,BALL JOINT,BALL JOINT,BALL JOINT,BALL JOINT,STAB LINK KIT,INSULATOR,BALL JOINT,BUSH CONTROL ARM,BUSH CONTROL ARM,HOUSING,INSULATOR,STAB LINK KIT,STAB LINK KIT,STAB LINK KIT,STAB LINK KIT,LINK STABILIZER,STAB LINK KIT,STAB LINK KIT,LINK STAB,LINK STAB,STAB LINK KIT,BUSH CONTROL ARM,LINK SUPPORT,LINK SUPPORT,BALL JOINT,IDLER ARM,IDLER ARM,BUSH CONTROL,BUSH CONTROL ARM,BUSH SWAY BAR,BUSH CONTROL ARM,IDLER ARM,BALL JOINT,BUSH CONTROL ARM,IDLER ARM,PITMAN ARM,BUSH,IDLER ARM,LINK KIT,STRUT ROD BUSING KIT,BUSH CONTROL ARM,PITMAN ARM,PITMAN ARM,IDLER ARM,BALL JOINT,BUSH CONTROL ARM,BUSH CONTROL ARM,PITMAN ARM,IDLER ARM,BALL JOINT,BUSH CONTROL ARM,PITMAN ARM,BALL JOINT,ARM ASSY,BUSH,PITMAN ARM,LINK KIT,LINK STAB,BUSH,BUSH,BUSH CONTROL ARM,BUSH CONTROL ARM,BUSH CONTROL ARM,BUSH SWAY BAR,LINK STAB,LINK STAB,LINK STAB,LINK STABILIZER,STAB LINK KIT,LINK STA,STAB LINK KIT,LINK STAB,LINK STBILIZER,LINK STABILIZER,SWAY BAR LINK,LINK STAB,LINK STAB,STAB LINK KIT,STAB LINK KIT,STAB LINK KIT,STAB LINK KIT,STAB LINK KIT,LINK STAB,STAB LINK,BALL JOINT,BALL JOINT,BALL JOINT,BUSH,BALL JOINT,BALL JOINT,BUSH CONTOL ARM,BALL JOINT,LINK STABILIZER,T.R.END,BUSH SWAY BAR,BUSH SWAY BAR,TIE ROD END,BUSH SWAY BAR,BUSH SWAY BAR,BUSH SWAY BAR,TIE ROD END,LINK BAR,TIE ROD END,BALL JOINT,TIE ROD END,BALL JOINT,BUSH STAB,LINK STAB,STAB LINK KIT,BALL JOINT,LINK STABILIZER,LINK STABILIZER,LINK ASSY,BALL JOINT,STAB LINK KIT,ARM ASSY,ARM ASSY,ARM ASSY,ARM ASSY,ARM ASSY,ARM ASSY,BUSH STABILIZER,BUSH STABILIZER,BUSH STABILIZER,BUSH CONTROL ARM,BUSH STABILIZER,ARM ASSY,BUSHING,BUSH,BUSH CONTROL ARM,BUSH CONTROL ARM,BUSH ARM,STAB LINK KIT,ARM ASSY,BALL JOINT,BALL JOINT -WITH STEEL ARM ASSY,BALL JOINT,BUSHING KIT,BUSH IDLER ARM,SHAFT KIT,BALL JOINT,BALL JOINT,BUSH CONTROL ARM,PITMAN ARM,BALL JOINT,LINK KIT,LINK KIT,BUSH CONTOL ARM,IDLER ARM,BUSH CONTOL ARM,PITMAN ARM,BUSH FRT AXLE,BUSH CONTOL ARM,BALL JOINT,BUSH RADIS ARM,BUSH SWAY BAR,BUSH SWAY BAR,BUSH SWAY BAR,BALL JOINT,BUSH SWAY BAR,BALL JOINT,BUSH CONTROL ARM,MOUNTING,BALL JOINT,BALL JOINT,BALL JOINT,BALL JOINT,LINK KIT,BALL JOINT,BELLOWS KIT,BUSH,BALL JOINT,BALL JOINT,BUSH CONTROL ARM,SHAFT KIT,STRUT ROD BUSHING,BALL JOINT,BALL JOINT,BALL JOINT,BALL JOINT,BALL JOINT,BALL JOINT,BUSHING,BUSH CONTOL ARM,BUSH AXLE PIVOT,MOUNT SHOCK,BUSH CONTROL ARM,BUSH SWAY BAR,SWAY BAR KIT,SWAY BAR KIT,BALL JOINT,BALL JOINT,BALL JOINT,PITMAN ARM,BALL JOINT,BALL JOINT,PITMAN ARM,LINK KIT,BUSH CONTROL ARM,BUSH,BUSH CONTROL ARM,BUSH CONTROL ARM,BUSH CONTROL ARM,BALL JOINT,BUSH CONTROL ARM,BUSH SWAY BAR,IDLER ARM,BUSH CONTROL ARM,BUSH,BUSH,BUSH STRUT ROD,LINK STABILIZER,BUSH SWAY BAR,BUSH SWAY BAR,BUSH CONTROL ARM,BUSH CONTROL ARM,LINK STABILIZER,LINK ASSY,LINK KIT,STAB LINK KIT,BALL JOINT,STAB LINK KIT,BUSH,T.R. END,AC BLOWER MOTOR,ARM ASSY,ARM ASSY,ARM ASSY,ARM ASSY,ARM ASSY,ARM ASSY,ARM ASSY,ARM ASSY,ARM ASSY,ARM ASSY,ARM ASSY,ARM ASSY,ARM ASSY,ARM ASSY,ARM ASSY,ARM ASSY,ARM ASSY,ARM ASSY,ARM ASSY,ARM ASSY,ARM ASSY,CONTROL ARM ASSY,ARM ASSY,ARM ASSY,ARM ASSY,ARM ASSY,ARM ASSY,ARM ASSY,ARM ASSY,ARM ASSY,ARM ASSY,ARM ASSY,ARM ASSY,ARM ASSY,ARM ASSY,ARM ASSY,ARM ASSY,LINK CHAMBER,ARM ASSY,ARM ASSY,ARM ASSY,ARM ASSY,ARM ASSY,ARM ASSY,ARM ASSY,ARM ASSY,ARM ASSY,ARM ASSY,ARM ASSY,CONTROL ARM ASSY,ARM ASSY,ARM ASSY,ARM ASSY,ARM ASSY,ARM ASSY,ARM ASSY,ARM ASSY,ARM ASSY REAR,ARM ASSY,ARM ASSY,ARM ASSY,LINK ROD,TRACK BAR,ARM ASSY,LINK ASSY,ARM ASSY REAR,ARM ASSY REAR,ARM ASSY,ARM ASSY,ARM ASSY,BUSH,BUSH
Jun-24,Opn Qty,0,0,0,0,0,0,1,0,0,0,9,25,0,56,6,0,21,16,52,50,6,2,121,0,8,0,13,27,2,21,0,2,0,0,0,0,86,0,2,1,0,0,0,0,4,0,0,0,0,0,1,3,1,0,0,2,0,5,1,0,4,0,0,0,0,0,14,0,3,0,0,6,0,0,0,0,0,0,0,1,0,27,2,0,0,0,0,0,0,3,0,3,3,1,0,2,0,0,0,0,0,1,2,1,3,1,0,6,0,2,2,0,0,0,0,0,0,0,0,1,1,1,0,0,1,0,0,0,0,9,2,0,1,0,4,0,0,2,1,0,1,0,0,3,2,0,0,4,2,1,2,8,1,0,3,4,11,4,3,0,0,0,0,1,4,2,30,3,20,0,0,7,0,0,4,2,0,2,1,1,4,4,3,1,3,1,1,1,0,1,1,10,5,0,1,1,1,1,23,0,4,0,0,2,0,2,1,7,5,2,0,0,3,0,0,0,0,0,0,0,1,0,2,2,1,4,4,0,0,1,1,2,0,1,1,0,2,0,0,1,0,1,0,3,0,0,0,0,1,5,1,0,1,2,0,1,0,0,0,0,0,0,0,1,1,1,0,2,0,0,1,1,0,0,0,0,0,1,1,5,0,0,2,0,2,0,0,1,2,4,4,4,6,0,0,2,2,1,0,2,3,0,0,4,4,4,0,0,7,0,1,7,7,0,1,2,4,1,0,0,5,0,0,0,0,0,2,0,0,4,0,0,1,0,0,0,2,17,0,1,0,6,0,5,0,0,0,44,0,0,3,0,0,2,0,0,0,56,30,0,0,90,0,28,10,62,5,4,6,11,12,20,63,198,41,4,0,196,10,1,29,46,1,0,29,0,2,18,2,5,6,16,3,4,0,0,1,1,7,0,6,1,4,4,4,1,0,0,8,2,4,14,10,2,4,9,4,11,0,4,14,0,4,0,3,0,8,0,6,8,7,0,7,0,0,0,0,0,0,0,10,0,0,21,2,0,0,2,0,4,0,2,0,1,0,2,0,0,1,10,1,7,2,2,0,4,0,1,0,2,0,0,0,0,0,0,0,0,1,163,2,2,6,1,0,1,0,31,2,2,0,0,0,0,0,1,0,0,0,93,0,0,0,14,0,0,0,4,0,0,0,8,20,1,0,23,1,1,0,47,0,29,0,0,14,8,41,14,0,19,1,2,0,0,0,0,0,1,0,0,0,0,0,0,0,0,0,0,3,1,0,0,0,0,1,0,3,5,5,0,40,1,2,3,0,2,0,2,2,101,17,64,15,1,1,7,3,0,6,3,31,2,0,0,1,1,405,0,0,0,0,0,0,0,3,0,2,91,3,0,2,5,1,0,1,0,0,54,4,5,0,0,2,2,0,0,0,0,3,5,0,3,2,1,1,0,0,0,114,5,4,0,0,39,1,0,1,31,5,0,13,0,0,0,0,1,0,2,0,0,0,43,2,28,8,4,13,2,0,1,36,0,0,21,4,0,0,0,0,1,6,0,0,4,16,10,4,0,0,10,0,0,16,0,0,0,9,0,0,0,7,0,0,5,0,0,6,3,31,0,4,12,1,1,15,2,6,20,25,0,0,0,1,0,4,1,2,0,0,29,3,0,6,0,0,7,0,4,0,18,0,0,0,0,0,0,0,6,0,0,2,1,4,1,0,0,0,0,0,0,0,8,0,1,0,2,0,0,0,0,0,0,0,0,0,0,2,0,12,6,0,1,0,0,6,0,1,8,0,4,0,1,5,0,1,8,5,1,5,0,2,1,0,0,6,2,1,22,14,0,0,0,1,1,18,8,6,0,0,10,1,7,0,14,1,0,5,6,0,0,0,0,0,0,0,0,2,4,1,0,1,10,4,0,8,0,0,0,0,2,3,3,0,4,6,4,0,0,1,0,10,0,2,0,285,0,0,0,0,0,0,0,0,1,0,2,2,0,0,0,0,8,8,0,4,4,6,0,0,0,0,0,0,0,0,0,0,0,0,0,0,0,0,2,2,3,0,0,0,0,0,2,1,0,18,0,0,2,2,2,0,0,0,2,0,0,0,0,0,0,0,0,2,0,0,0,0
,Pur Qty,0,0,0,0,0,0,0,0,0,0,0,0,0,0,0,0,0,0,0,0,0,0,0,0,0,0,0,0,0,0,0,0,0,0,0,0,0,0,0,0,0,0,0,0,0,0,0,0,0,0,0,0,0,0,0,0,0,0,0,0,0,0,0,0,0,0,0,0,0,0,0,0,0,0,0,0,0,0,0,0,0,0,0,0,0,0,0,0,0,0,0,0,0,0,0,0,0,0,0,0,0,0,0,0,0,0,0,0,0,0,0,0,0,0,0,0,0,0,0,0,0,0,0,0,0,0,0,0,0,0,0,0,0,0,0,0,0,0,0,0,0,0,0,0,0,0,0,0,0,0,0,0,0,0,0,0,0,0,0,0,0,0,0,0,0,0,0,0,0,0,0,0,0,0,0,0,0,0,0,0,0,0,0,0,0,0,0,0,0,0,0,0,0,0,0,0,0,0,0,0,0,0,0,0,0,0,0,0,0,0,0,0,0,0,0,0,0,0,0,0,0,0,0,0,0,0,0,0,0,0,0,0,0,0,0,0,0,0,0,0,0,0,0,24,0,0,0,0,0,0,0,0,0,0,0,0,0,0,0,0,0,0,0,0,0,0,0,0,0,0,0,0,0,0,0,0,0,0,0,0,0,0,0,0,0,0,0,0,0,0,0,0,0,0,0,0,0,0,0,0,0,0,0,0,0,0,0,0,0,0,0,0,0,0,0,0,0,0,0,0,0,0,0,0,0,0,0,0,0,0,0,0,0,0,0,0,0,0,0,0,0,0,0,0,0,0,0,0,0,0,0,0,0,0,0,0,0,0,0,0,0,0,0,0,0,0,0,0,0,0,0,0,0,0,0,0,0,0,0,0,0,0,0,0,0,0,0,0,0,0,0,0,0,0,0,0,0,0,0,0,0,0,0,0,0,0,0,0,0,0,0,0,0,0,0,0,0,0,0,0,0,0,0,0,0,0,0,0,0,0,0,10,0,0,0,0,0,0,0,0,0,0,0,0,0,0,0,0,0,0,0,0,0,0,0,0,0,0,0,6,0,0,0,0,0,0,0,0,0,0,0,0,0,0,0,0,0,0,0,0,0,0,0,0,0,0,0,0,0,0,0,0,0,0,0,0,0,0,0,0,0,0,0,0,0,0,0,0,0,0,0,0,0,0,0,0,0,0,0,0,0,0,0,0,0,0,0,0,0,0,0,0,0,0,0,0,0,0,0,0,0,0,0,0,0,0,0,0,0,0,0,0,0,0,0,0,0,0,0,0,0,0,0,0,0,0,0,0,0,0,0,0,0,0,0,0,0,0,0,0,0,0,0,0,0,0,0,0,0,0,0,0,0,0,0,0,0,0,0,0,0,0,0,0,0,0,0,0,0,0,0,0,0,0,0,0,0,0,0,40,0,0,0,0,0,0,0,0,0,0,20,0,0,0,0,0,0,0,0,0,0,0,0,0,0,0,0,0,0,0,0,0,0,0,0,0,0,0,0,0,0,0,0,0,0,0,0,0,0,0,0,0,0,0,0,0,0,0,0,0,0,0,0,0,0,0,0,0,0,0,0,0,0,0,0,0,0,0,0,0,0,0,0,0,0,0,0,0,0,0,0,0,0,0,0,0,0,0,0,0,0,0,0,0,0,0,0,0,0,0,0,0,0,0,0,0,0,0,0,0,0,0,0,0,0,0,0,0,0,0,0,0,0,0,0,0,0,0,0,0,0,0,0,0,0,0,0,0,0,0,0,0,0,0,0,0,0,0,0,0,0,0,0,0,0,0,0,0,0,0,0,0,0,0,0,0,0,0,0,0,0,0,0,0,0,0,0,0,0,0,0,0,0,0,0,0,0,0,0,0,0,0,0,0,0,0,0,0,0,0,0,0,0,0,0,0,0,0,0,0,0,0,0,0,0,0,0,0,0,0,0,0,0,0,0,0,0,0,0,0,0,0,0,0,0,0,0,0,0,0,0,0,0,0,0,0,0,0,0,0,0,0,0,40,0,40,0,0,0,0,0,0,0,0,0,0,0,0,0,0,0,0,0,0,0,0,0,0,0,0,0,0,0,0,0,0,0,0,0,0,0,0,0,0,0,0,0
,Sal Qty,0,0,0,0,0,0,0,0,0,0,0,0,0,4,2,0,0,0,2,1,0,0,0,0,0,0,0,0,0,0,0,0,0,0,0,0,3,0,0,0,0,0,0,0,0,0,0,0,0,0,0,0,0,0,0,0,0,1,0,0,0,0,0,0,0,0,2,0,0,0,0,0,0,0,0,0,0,0,0,0,0,3,0,0,0,0,0,0,0,0,0,0,0,0,0,0,0,0,0,0,0,0,0,0,0,0,0,0,0,0,0,0,0,0,0,0,0,0,0,0,0,0,0,0,0,0,0,0,0,2,0,0,0,0,3,0,0,0,0,0,0,0,0,0,0,0,0,0,0,0,0,0,0,0,0,0,0,0,0,0,0,0,0,0,0,0,0,0,0,0,0,0,0,0,0,0,0,0,0,0,0,0,0,0,0,0,0,0,0,0,0,0,0,0,0,0,0,0,0,0,0,0,0,0,0,0,0,0,0,0,0,0,0,0,0,0,0,0,0,0,0,0,0,0,0,0,0,0,0,0,0,0,0,0,0,0,0,0,0,0,0,0,0,0,0,0,0,0,0,0,0,0,0,0,0,0,0,0,0,0,0,0,0,0,0,0,0,0,0,0,0,0,0,0,0,0,0,0,0,0,0,0,0,0,0,0,0,0,0,0,0,0,0,0,0,0,0,0,0,0,0,0,0,0,0,0,0,0,0,0,0,0,0,0,0,0,0,0,0,0,0,0,0,0,0,0,0,0,0,0,0,0,0,0,0,0,0,0,0,0,0,0,0,0,0,0,0,0,0,0,0,0,0,0,0,0,0,0,0,0,0,2,0,1,1,0,0,0,0,0,0,0,2,2,0,0,0,6,2,0,2,0,0,0,2,0,0,0,0,0,0,6,0,1,0,0,0,0,0,0,0,0,0,2,0,0,0,0,0,0,0,0,0,0,0,1,0,1,0,0,0,0,0,0,0,0,1,0,0,0,0,5,0,0,0,0,0,0,0,0,0,0,0,0,0,0,0,0,0,0,0,0,0,0,0,0,0,0,0,1,0,2,0,0,0,0,0,1,0,0,0,0,0,0,0,0,0,0,0,4,0,0,0,0,0,0,0,0,0,0,0,0,0,0,0,0,0,0,0,79,0,0,0,0,0,0,0,0,0,0,0,4,4,0,0,8,0,0,0,2,0,6,0,0,0,0,0,0,0,19,0,0,0,0,0,0,0,0,0,0,0,0,0,0,0,0,0,0,0,0,0,0,0,0,0,0,0,0,0,0,0,0,0,0,0,0,0,0,0,0,0,22,4,0,0,1,0,0,0,0,0,0,0,0,0,0,62,0,0,0,0,0,0,0,0,0,0,7,0,0,0,1,0,0,0,0,0,1,0,1,0,0,0,0,0,0,0,0,0,20,0,0,0,0,0,0,0,0,32,2,2,0,0,10,0,0,0,4,1,0,1,0,0,0,0,0,0,1,0,0,0,0,0,8,0,0,0,0,0,0,0,0,0,0,0,0,0,0,0,0,0,0,0,0,0,0,0,0,0,0,0,0,0,0,0,0,0,0,0,0,0,0,0,1,0,0,2,0,0,0,0,4,0,0,2,0,0,0,0,0,0,0,0,0,0,0,0,0,0,0,0,0,0,0,0,0,0,0,0,0,0,0,0,0,0,0,0,0,0,0,0,0,0,0,0,0,0,0,0,0,0,0,0,0,0,0,0,0,0,0,0,0,0,0,0,0,0,0,0,0,0,0,0,0,0,0,0,0,0,0,0,0,2,0,0,0,0,0,0,0,0,0,0,0,0,0,0,0,0,0,0,0,0,0,0,0,0,0,0,0,0,0,0,0,0,0,0,0,0,0,0,0,0,0,0,0,0,0,0,0,0,0,0,0,0,0,0,0,0,0,0,0,0,0,0,0,0,0,0,0,0,0,0,0,0,0,0,0,0,0,0,0,0,0,0,0,0,0,0,0,0,1,1,0,0,0,0,0,0,0,0,0,0,2,0,1,0,0,0,0,0,0,0,0,1,1,0,0,0,0,0,0,0,0,0,0,0,2,0,0,0,0,0,0,0,0,0,0,0,0,0,0,0,0,0,0,0
,Bal Qty,0,0,0,0,0,0,0,0,0,0,9,25,0,52,4,0,21,16,50,49,6,2,121,0,8,0,13,27,2,21,0,2,0,0,0,0,83,0,2,1,0,0,0,0,0,0,0,0,0,0,1,0,1,0,0,2,0,4,1,0,4,0,0,0,0,0,12,0,0,0,0,6,0,0,0,0,0,0,0,1,0,24,0,0,0,0,0,0,0,3,0,0,3,0,0,2,0,0,0,0,0,0,0,0,3,0,0,6,0,0,2,0,0,0,0,0,0,0,0,1,1,0,0,0,0,0,0,0,0,7,2,0,1,0,1,0,0,0,1,0,0,0,0,3,2,0,0,4,2,1,2,8,0,0,3,4,11,4,3,0,0,0,0,1,4,2,30,3,20,0,0,7,0,0,0,0,0,2,1,1,4,4,0,0,0,0,1,0,0,1,1,0,0,0,0,1,1,1,23,0,0,0,0,2,0,0,0,0,0,0,0,0,0,0,0,0,0,0,0,0,1,0,0,2,1,0,0,0,0,1,1,2,0,0,0,0,2,0,0,1,0,0,0,27,0,0,0,0,1,5,1,0,0,2,0,1,0,0,0,0,0,0,0,1,1,0,0,0,0,0,1,1,0,0,0,0,0,0,0,0,0,0,0,0,0,0,0,1,2,4,4,4,6,0,0,2,2,1,0,2,3,0,0,4,4,4,0,0,7,0,1,7,0,0,0,0,0,0,0,0,0,0,0,0,0,0,2,0,0,4,0,0,1,0,0,0,2,17,0,1,0,6,0,5,0,0,0,44,0,0,3,0,0,2,0,0,0,56,30,0,0,88,0,27,9,62,5,4,6,11,12,20,61,196,41,4,0,190,8,1,27,46,1,0,27,0,2,18,2,5,6,10,3,3,0,0,1,0,7,0,6,1,4,2,4,1,0,0,8,2,4,14,10,2,4,8,4,10,0,4,14,0,4,0,3,0,7,0,6,8,7,5,7,0,0,0,0,0,0,0,10,0,0,21,2,0,0,0,0,4,0,0,0,1,0,2,0,0,1,15,1,5,2,2,0,4,0,0,0,2,0,0,0,0,0,0,0,0,1,159,0,0,0,0,0,1,0,0,0,0,0,0,0,0,0,1,0,0,0,14,0,0,0,14,0,0,0,4,0,0,0,4,16,1,0,15,1,1,0,45,0,23,0,0,14,8,41,14,0,0,1,2,0,0,0,0,0,1,0,0,0,0,0,0,0,0,0,0,3,1,0,0,0,0,1,0,3,0,0,0,40,1,2,3,0,2,0,0,2,101,0,42,11,1,0,6,3,0,6,3,31,2,0,0,0,0,343,0,0,0,1,0,0,0,3,0,0,84,3,0,0,4,1,0,1,0,0,53,4,4,0,0,2,0,0,0,0,0,3,25,0,3,2,1,1,0,0,0,82,3,22,0,0,29,1,0,1,27,4,0,12,0,0,0,0,1,0,1,0,0,0,0,2,20,0,4,13,0,0,0,0,0,0,21,4,0,0,0,0,0,0,0,0,4,0,0,4,0,0,10,0,0,0,0,0,0,9,0,0,0,0,0,0,4,0,0,4,3,31,0,4,8,1,1,13,2,6,20,25,0,0,0,1,0,0,0,0,0,0,29,3,0,6,0,0,7,0,4,0,18,0,0,0,0,0,0,0,6,0,0,2,1,4,0,0,0,0,0,0,0,0,8,0,1,0,2,0,0,0,0,0,0,0,0,0,0,2,0,12,6,0,1,0,0,6,0,0,8,0,4,0,1,3,0,1,0,5,0,5,0,2,1,0,0,6,2,1,22,14,0,0,0,0,1,18,8,6,0,0,10,0,7,0,14,0,0,5,0,0,0,0,0,0,0,0,0,2,4,1,0,1,10,0,0,8,0,0,0,0,2,0,3,0,4,6,4,0,0,1,0,0,0,0,0,285,0,0,0,0,0,0,0,0,1,0,2,2,0,0,0,0,7,7,0,4,4,6,0,0,0,0,0,0,38,0,39,0,0,0,0,0,0,0,2,1,2,0,0,0,0,0,2,1,0,18,0,0,0,2,2,0,0,0,2,0,0,0,0,0,0,0,0,2,0,0,0,0
Jul-24,Pur Qty,0,0,0,0,0,0,0,0,0,0,0,0,0,50,0,0,0,0,0,0,0,0,0,0,0,0,0,0,0,0,0,0,0,0,0,0,0,0,0,0,0,0,0,0,0,0,0,0,0,0,0,0,0,0,0,0,20,0,2,0,0,2,0,0,0,0,0,0,0,0,0,0,0,0,0,0,0,0,0,0,0,17,0,0,0,0,0,0,0,0,0,0,0,0,0,0,0,0,0,0,0,0,0,0,0,0,0,0,0,0,0,0,0,0,0,0,0,0,0,0,0,0,0,0,0,0,0,0,0,0,0,0,0,0,0,0,20,0,0,0,0,8,0,0,0,0,0,0,0,0,0,0,0,0,0,0,0,0,0,0,0,0,0,0,0,0,0,0,0,0,0,0,0,0,0,0,0,0,0,0,0,0,0,0,0,0,0,0,0,0,0,0,0,0,0,0,0,0,0,0,0,0,0,0,0,0,0,0,0,0,0,0,0,0,0,0,0,0,0,0,0,0,0,0,0,0,0,0,0,0,0,0,0,0,0,0,0,0,0,0,0,0,0,0,0,0,0,0,0,0,0,0,0,0,0,0,0,0,0,0,0,0,0,10,0,0,0,0,0,0,0,0,0,0,0,0,0,0,0,0,0,0,0,0,0,0,0,0,0,0,0,0,0,0,0,0,0,10,0,2,0,0,0,0,0,24,0,0,0,0,0,0,0,0,0,0,0,0,0,0,0,0,0,0,0,0,6,0,0,0,0,0,0,0,0,0,0,0,0,0,0,0,0,0,0,0,0,0,4,60,0,0,0,0,0,0,0,0,0,0,0,0,0,0,30,0,0,0,0,0,0,5,0,0,0,100,0,0,100,60,0,0,8,0,0,0,10,0,0,0,0,0,0,20,0,0,0,0,0,0,0,0,0,0,20,0,2,0,0,10,0,0,0,0,0,0,0,0,0,0,80,6,0,0,0,4,10,0,0,0,0,10,40,0,6,0,0,0,20,0,0,0,20,0,0,0,0,0,0,10,0,0,0,0,0,0,10,0,0,0,80,0,8,0,12,0,6,10,0,0,0,0,0,0,0,0,0,0,0,0,0,0,0,0,0,20,0,0,0,0,0,0,0,0,0,0,16,0,0,100,0,0,0,0,10,0,0,100,0,0,0,0,0,0,0,0,0,0,0,0,0,0,0,0,0,0,0,0,0,0,0,0,0,0,0,0,0,0,0,0,0,0,0,0,0,0,0,0,0,0,0,0,0,0,0,0,0,0,0,0,0,0,0,0,0,0,0,0,0,0,0,0,0,2,0,0,0,0,0,0,0,0,0,0,0,0,1,0,0,0,50,0,0,0,0,0,0,0,0,0,0,0,0,0,0,0,0,0,4,0,0,0,40,0,0,0,0,0,0,702,0,0,0,0,0,0,0,0,300,0,30,0,0,0,0,0,20,0,0,0,0,0,0,0,0,4,0,0,0,0,0,0,0,0,0,0,0,0,0,0,0,0,0,0,0,0,0,0,0,0,0,0,0,0,0,0,0,0,0,0,0,0,0,0,0,0,0,0,0,0,0,0,0,0,0,0,0,20,0,0,0,0,0,0,0,20,0,0,0,0,0,0,0,0,0,0,0,0,0,0,0,0,0,0,0,0,0,0,0,0,0,0,0,0,0,6,0,0,0,0,0,0,0,0,0,12,12,0,0,0,0,0,0,0,0,0,0,0,0,0,0,0,0,0,0,0,0,0,0,0,0,0,0,0,0,0,0,0,0,0,0,0,0,0,0,0,0,0,0,0,0,0,0,0,0,0,0,0,0,0,0,0,0,0,0,0,0,0,0,0,0,0,0,0,0,0,0,0,0,0,0,0,0,0,0,0,0,0,0,0,0,0,0,0,0,0,0,4,0,0,0,0,0,0,0,46,0,0,0,0,0,0,0,0,0,0,0,0,0,0,0,0,0,0,0,0,0,0,0,0,0,0,0,0,0,0,0,0,0,0,2,2,0,10,0,10,0,0,0,0,0,0,0,0,0,0,0,0,0,0,0,0,1,0,0,0,0,0,0,0,0,0,0,0,0,0,0,2,0,0,0,0,0,0,0,0,0
,Sal Qty,0,0,0,0,0,0,0,0,0,0,0,0,0,2,1,0,2,0,6,4,0,0,20,0,0,0,1,0,0,0,0,0,0,0,0,0,4,0,0,0,0,0,0,0,0,0,0,0,0,0,0,0,0,0,0,0,0,0,0,0,0,0,0,0,0,0,1,0,0,0,0,0,0,0,0,0,0,0,0,0,0,4,0,0,0,0,0,0,0,0,0,0,0,0,0,0,0,0,0,0,0,0,0,0,0,0,0,0,0,0,0,0,0,0,0,0,0,0,0,0,0,0,0,0,0,0,0,0,0,0,0,0,0,0,1,0,20,0,0,0,0,0,0,0,0,0,0,0,0,0,0,0,0,0,0,0,0,0,0,0,0,0,0,0,0,0,0,0,0,0,0,0,0,0,0,0,0,0,0,0,0,0,0,0,0,0,0,0,0,0,0,0,0,0,0,0,0,0,0,0,0,0,0,0,0,0,0,0,0,0,0,0,0,0,0,0,0,0,0,0,0,0,0,0,0,0,0,0,0,0,0,0,0,0,0,0,0,0,0,0,0,0,0,0,0,0,0,0,0,0,0,0,0,0,0,0,0,0,0,0,0,0,0,0,0,0,0,0,0,0,0,0,0,0,0,0,0,0,0,0,0,0,0,0,0,0,0,0,0,0,0,0,0,0,0,0,0,0,0,0,0,0,0,0,0,0,0,0,0,0,0,0,0,0,0,0,0,0,0,0,0,0,0,0,0,0,0,0,0,0,0,0,0,0,0,0,0,2,0,0,0,4,0,0,0,0,0,0,0,0,0,0,0,0,0,0,0,4,0,0,0,13,0,2,4,1,0,2,0,0,2,1,2,2,0,3,0,2,0,2,6,2,0,0,0,0,0,0,0,0,0,0,0,0,0,0,0,0,0,0,0,0,0,0,0,0,0,0,0,2,0,0,0,1,0,1,0,0,0,0,4,0,0,0,0,0,0,0,2,0,0,1,2,0,0,0,0,0,0,0,0,0,0,0,0,0,0,0,0,1,0,0,0,0,0,0,0,0,0,0,0,0,0,0,0,0,0,0,0,0,0,0,0,0,0,0,0,0,0,10,0,0,0,0,0,0,0,0,0,0,0,0,0,0,0,0,0,0,0,5,0,0,0,2,0,0,0,0,0,0,0,0,2,0,0,5,0,0,0,2,0,6,0,0,0,0,2,2,0,0,0,0,0,0,0,0,0,0,0,0,0,0,0,0,0,0,0,0,0,0,0,0,0,0,0,0,0,0,0,0,0,0,0,0,0,0,0,0,0,3,0,16,0,0,0,0,0,0,0,0,0,0,0,0,0,0,45,0,0,0,1,0,0,0,0,0,0,10,0,0,0,0,0,0,0,0,0,0,0,2,0,0,0,0,0,0,0,0,1,130,0,0,0,0,0,0,0,0,64,2,4,0,0,18,0,0,0,0,0,0,0,0,0,0,0,0,0,0,0,0,0,0,0,5,0,0,0,0,0,0,0,0,0,0,0,0,0,0,0,0,0,0,0,0,0,0,0,0,0,0,0,0,0,0,0,0,0,0,0,0,0,0,0,0,0,0,0,0,0,0,0,2,0,0,0,0,0,1,1,0,0,0,0,0,0,0,0,0,0,0,0,0,0,0,0,0,0,0,0,0,0,0,0,0,0,0,0,0,0,0,0,0,0,0,0,0,0,0,0,0,0,0,0,0,0,0,0,0,0,0,0,0,0,0,0,0,0,0,0,0,0,0,0,0,0,0,0,0,0,0,0,0,0,0,0,0,0,0,0,0,0,0,0,0,0,0,0,0,0,0,0,0,0,0,0,0,0,0,0,0,0,0,0,0,0,0,0,0,0,0,0,0,0,0,0,0,0,0,0,0,0,0,0,0,0,0,0,0,0,0,0,0,0,0,0,2,0,0,0,0,0,0,0,0,0,0,0,0,0,0,0,0,0,0,0,0,0,0,0,0,0,0,0,0,0,0,0,0,0,0,0,0,0,4,0,5,0,0,0,0,0,0,0,0,0,0,0,0,0,0,0,0,2,0,0,0,0,0,0,0,0,0,0,0,0,0,0,0,0,0,0,0,0,0,0,0,0
,Bal Qty,0,0,0,0,0,0,0,0,0,0,9,25,0,100,1,0,19,16,44,45,6,2,101,0,8,0,12,27,2,21,0,2,0,0,0,0,79,0,2,1,0,0,0,0,0,0,0,0,0,0,1,0,1,0,0,2,20,4,3,0,4,2,0,0,0,0,11,0,0,0,0,6,0,0,0,0,0,0,0,1,0,37,0,0,0,0,0,0,0,3,0,0,3,0,0,2,0,0,0,0,0,0,0,0,3,0,0,6,0,0,2,0,0,0,0,0,0,0,0,1,1,0,0,0,0,0,0,0,0,7,2,0,1,0,0,0,0,0,1,0,0,8,0,3,2,0,0,4,2,1,2,8,0,0,3,4,11,4,3,0,0,0,0,1,4,2,30,3,20,0,0,7,0,0,0,0,0,2,1,1,4,4,0,0,0,0,1,0,0,1,1,0,0,0,0,1,1,1,23,0,0,0,0,2,0,0,0,0,0,0,0,0,0,0,0,0,0,0,0,0,1,0,0,2,1,0,0,0,0,1,1,2,0,0,0,0,2,0,0,1,0,0,0,27,0,0,0,0,1,5,1,0,0,2,0,1,0,0,0,0,0,0,0,11,1,0,0,0,0,0,1,1,0,0,0,0,0,0,0,0,0,0,0,0,0,0,0,1,2,4,4,4,6,0,0,2,2,11,0,4,3,0,0,4,4,28,0,0,7,0,1,7,0,0,0,0,0,0,0,0,0,0,0,0,0,0,8,0,0,4,0,0,1,0,0,0,2,15,0,1,0,2,0,5,0,0,0,44,4,60,3,0,0,2,0,0,0,52,30,0,0,75,0,25,35,61,5,2,6,11,10,24,59,194,41,101,0,188,108,59,21,44,9,0,27,0,12,18,2,5,6,10,3,23,0,0,1,0,7,0,6,1,4,2,24,1,2,0,8,10,4,14,10,1,4,7,4,10,0,4,90,6,4,0,3,4,17,0,4,8,7,14,45,0,6,0,0,0,20,0,10,0,20,21,2,0,0,0,0,13,0,0,0,1,0,2,10,0,1,15,81,5,10,2,12,4,6,10,0,2,0,0,0,0,0,0,0,0,1,149,0,0,0,0,0,21,0,0,0,0,0,0,0,0,0,1,16,0,0,109,0,0,0,12,10,0,0,104,0,0,0,4,14,1,0,10,1,1,0,43,0,17,0,0,14,8,39,12,0,0,1,2,0,0,0,0,0,1,0,0,0,0,0,0,0,0,0,0,3,1,0,0,0,0,1,0,3,0,0,0,40,1,2,3,0,2,0,0,2,98,0,26,11,3,0,6,3,0,6,3,31,2,0,0,0,0,299,0,0,0,50,0,0,0,3,0,0,74,3,0,0,3,1,0,1,0,0,53,8,2,0,0,42,0,0,0,0,0,2,597,0,3,2,1,1,0,0,0,318,1,48,0,0,11,1,0,21,27,4,0,12,0,0,0,0,5,0,1,0,0,0,0,2,15,0,4,13,0,0,0,0,0,0,21,4,0,0,0,0,0,0,0,0,4,0,0,4,0,0,10,0,0,0,0,0,0,9,0,0,0,0,0,0,4,0,0,4,23,31,0,4,6,1,1,13,22,6,19,24,0,0,0,1,0,0,0,0,0,0,29,3,0,6,0,0,7,0,4,0,18,0,0,0,0,0,6,0,6,0,0,2,1,4,0,0,12,12,0,0,0,0,8,0,1,0,2,0,0,0,0,0,0,0,0,0,0,2,0,12,6,0,1,0,0,6,0,0,8,0,4,0,1,3,0,1,0,5,0,5,0,2,1,0,0,6,2,1,22,14,0,0,0,0,1,18,8,6,0,0,10,0,7,0,14,0,0,5,0,0,0,0,0,0,0,0,0,2,4,1,0,1,10,0,0,8,0,0,4,0,2,0,3,0,4,6,48,0,0,1,0,0,0,0,0,285,0,0,0,0,0,0,0,0,1,0,2,2,0,0,0,0,7,7,0,4,4,6,0,0,0,2,2,0,44,0,44,0,0,0,0,0,0,0,2,1,2,0,0,0,0,0,2,0,0,18,0,0,0,2,2,0,0,0,2,0,0,0,2,0,0,0,0,2,0,0,0,0
Aug-24,Pur Qty,0,0,0,0,0,0,0,0,0,0,0,0,0,0,0,0,0,0,0,0,0,0,0,0,0,0,0,0,0,0,0,0,0,0,0,0,0,0,0,0,0,0,0,0,0,0,0,0,0,0,0,0,0,0,0,1,0,0,0,0,0,0,0,0,0,0,0,0,0,0,0,0,0,0,0,0,0,0,0,0,0,0,0,0,0,0,0,0,0,0,0,0,0,0,0,0,0,0,0,0,0,0,0,0,0,0,0,0,0,0,0,0,0,0,0,0,0,0,0,0,0,0,0,0,0,0,0,0,0,0,0,0,0,0,0,0,0,0,0,0,0,0,0,0,0,0,0,0,0,0,0,0,0,0,0,0,0,0,0,0,0,0,0,0,0,0,0,0,0,0,0,0,0,0,0,0,0,0,0,0,0,0,0,0,0,0,0,0,0,0,0,0,0,0,0,0,0,0,0,0,0,0,0,0,0,0,0,0,0,0,0,0,0,0,0,0,0,0,0,0,0,0,0,0,0,0,0,0,0,0,0,0,0,0,0,0,0,0,0,0,0,0,0,0,0,0,0,0,0,0,0,0,0,0,0,0,10,0,0,0,0,0,0,0,0,0,0,0,0,0,0,0,0,0,0,0,0,0,0,0,0,0,0,0,0,0,0,0,0,0,0,0,0,10,0,0,0,24,0,14,0,0,0,0,0,0,0,0,0,0,0,0,0,0,0,0,0,0,0,0,0,0,0,0,0,0,0,0,0,0,0,0,0,0,0,0,0,0,0,0,0,0,6,0,0,0,0,0,0,0,0,0,0,0,0,0,0,0,0,0,0,0,0,0,0,0,0,0,0,0,0,0,0,0,0,0,0,0,0,0,0,0,0,0,0,0,0,0,0,0,0,0,0,0,0,0,0,0,0,0,0,0,0,0,0,0,0,0,0,0,0,0,0,0,0,0,0,0,0,0,0,0,0,0,0,0,0,0,0,0,0,0,0,0,0,0,0,0,0,0,0,0,0,0,0,0,0,0,0,0,0,0,0,0,0,0,0,0,0,0,0,0,0,0,0,0,0,0,0,0,0,0,0,0,0,0,0,0,0,0,0,0,0,0,0,0,0,0,0,0,0,0,0,0,0,0,0,0,0,0,0,0,0,0,1,0,0,0,0,0,0,0,0,0,0,0,0,0,0,0,0,0,0,0,0,0,0,0,0,0,0,0,0,0,0,0,0,0,0,0,0,0,0,0,0,0,0,0,0,0,0,1,0,0,0,0,0,0,0,0,0,0,0,0,0,0,0,0,0,0,0,0,0,0,0,0,0,0,0,0,0,0,0,0,0,0,0,0,0,0,0,0,0,0,0,0,0,0,0,0,0,0,0,0,0,0,0,0,0,0,0,0,0,0,0,0,0,0,0,0,0,0,0,0,0,0,0,0,0,0,0,0,0,0,0,0,0,0,0,0,0,0,0,0,0,0,0,0,0,0,0,0,0,0,0,0,0,0,0,0,0,0,0,0,0,0,0,0,0,0,0,0,0,0,0,0,0,0,0,0,0,0,0,0,0,0,0,0,0,0,0,0,0,0,0,0,0,0,0,0,0,0,0,0,0,0,0,0,0,0,4,0,0,0,0,0,0,0,0,0,0,0,0,0,0,0,0,0,0,0,0,0,0,0,0,0,0,0,0,0,0,0,0,0,0,0,0,0,0,0,0,0,0,0,0,0,0,0,0,0,0,0,0,0,0,0,10,0,0,0,0,0,0,0,0,0,0,0,0,0,0,0,0,0,0,0,0,0,0,0,0,0,0,0,0,0,0,0,0,0,0,0,0,0,0,0,0,0,0,0,0,0,0,0,0,0,0,0,0,0,0,0,0,0,0,0,0,0,0,0,0,0,0,0,0,0,0,0,0,0,0,0,0,0,0,0,0,0,0,0,0,0,0,0,0,2,0,0,0,0,0,0,0,0,0,0,0,2,2,0,0,0,0,0,0,0,0,0,0,0,0,0,0,0,0,0,0,0,0,0,0,0,0,0,0,0,0,0,0,0,0,0,0,0,0,0,0,0,0,0,0,0,6,0,0,0,0,0,0,0,0,0,0,6,6,0,0
,Sal Qty,0,0,0,0,0,0,0,0,0,0,0,0,0,55,0,0,0,0,4,1,0,0,58,0,0,0,0,0,0,0,0,0,0,0,0,0,4,0,0,0,0,0,0,0,0,0,0,0,0,0,0,0,0,0,0,1,3,2,0,0,2,2,0,0,0,0,2,0,0,0,0,0,0,0,0,0,0,0,0,0,0,2,0,0,0,0,0,0,0,0,0,0,0,0,0,0,0,0,0,0,0,0,0,0,0,0,0,0,0,0,0,0,0,0,0,0,0,0,0,0,0,0,0,0,0,0,0,0,0,0,0,0,0,0,0,0,0,0,0,0,0,7,0,0,0,0,0,0,0,0,0,2,0,0,0,0,2,2,0,0,0,0,0,0,0,0,0,0,0,0,0,0,0,0,0,0,0,0,0,0,0,0,0,0,0,0,0,0,0,0,0,0,0,0,0,0,0,0,0,0,0,0,0,0,0,0,0,0,0,0,0,0,0,0,0,0,0,0,0,0,0,0,0,0,0,0,0,0,0,0,0,0,0,0,0,0,0,0,0,0,0,0,0,2,0,0,0,0,0,0,0,0,0,0,0,0,1,0,0,0,0,0,0,0,0,0,0,0,0,0,0,0,0,0,0,0,0,0,0,0,0,0,0,0,0,0,0,0,2,0,0,0,0,1,0,0,0,4,0,2,0,0,0,0,0,0,0,0,0,0,0,0,0,0,0,0,0,0,0,0,0,0,0,0,0,0,0,0,0,0,0,0,0,0,0,0,0,0,0,0,0,0,0,3,0,0,0,0,0,2,0,0,0,0,0,0,0,6,2,0,0,6,0,0,14,0,2,0,0,0,0,0,4,19,0,28,0,8,8,16,10,2,0,0,5,0,0,0,0,0,0,6,0,6,0,0,0,0,0,0,0,0,0,0,5,0,0,0,0,0,0,0,0,0,0,3,0,0,0,0,0,0,0,0,0,0,1,0,0,4,0,1,0,0,4,0,0,0,0,0,0,0,4,2,0,0,0,0,0,1,0,0,0,0,0,0,0,0,0,0,14,2,0,0,0,0,4,6,0,0,0,0,0,0,0,0,0,0,0,8,0,0,0,0,0,9,0,0,0,0,0,0,0,0,0,0,3,0,0,96,0,0,0,0,12,0,0,22,0,0,0,0,2,0,0,7,50,0,0,10,0,8,0,0,0,0,0,0,0,0,0,0,0,0,0,0,0,0,0,0,0,0,0,0,0,0,0,0,0,0,0,1,0,0,0,0,0,0,0,0,0,0,0,0,0,0,0,0,0,0,0,12,0,1,0,1,0,0,0,0,0,0,0,0,0,0,66,0,0,0,0,0,0,0,0,0,0,10,0,0,0,0,0,0,0,0,0,1,0,0,0,0,6,0,0,0,0,0,1,192,0,0,0,0,0,0,0,0,26,0,9,0,0,7,0,0,0,0,0,0,1,0,0,0,0,0,0,0,0,0,0,0,0,6,0,0,0,0,0,0,0,0,0,0,0,0,0,0,0,0,0,0,0,0,0,0,0,0,0,0,0,0,0,0,0,0,0,0,0,0,0,0,0,0,0,0,0,0,2,0,0,0,0,0,2,2,0,2,2,0,0,0,0,0,0,0,0,0,0,0,0,0,0,0,0,0,0,0,0,0,0,0,0,0,0,2,0,2,0,0,0,0,0,0,0,2,2,0,0,0,0,1,0,0,0,0,0,0,0,0,0,0,0,0,0,0,0,0,0,0,0,0,0,0,0,0,0,0,0,0,0,0,0,0,0,0,0,0,0,0,0,0,0,0,0,0,0,0,0,0,0,0,0,0,0,0,0,0,0,0,0,0,0,0,0,0,0,0,0,0,0,0,0,0,0,0,0,0,0,0,0,0,0,0,0,0,0,4,0,0,0,0,0,0,0,6,0,0,0,0,0,0,0,0,1,0,0,0,0,0,0,0,0,0,0,0,0,0,0,0,0,0,2,0,0,0,0,0,0,0,0,0,0,3,0,2,0,0,0,0,0,0,0,0,0,0,0,0,0,0,0,0,0,0,0,0,0,0,0,0,0,0,0,0,0,0,0,0,0,0,0,0,0,0,0,0,0
,Bal Qty,0,0,0,0,0,0,0,0,0,0,9,25,0,45,1,0,19,16,40,44,6,2,43,0,8,0,12,27,2,21,0,2,0,0,0,0,75,0,2,1,0,0,0,0,0,0,0,0,0,0,1,0,1,0,0,2,17,2,3,0,2,0,0,0,0,0,9,0,0,0,0,6,0,0,0,0,0,0,0,1,0,35,0,0,0,0,0,0,0,3,0,0,3,0,0,2,0,0,0,0,0,0,0,0,3,0,0,6,0,0,2,0,0,0,0,0,0,0,0,1,1,0,0,0,0,0,0,0,0,7,2,0,1,0,0,0,0,0,1,0,0,1,0,3,2,0,0,4,2,1,2,6,0,0,3,4,8,2,3,0,0,0,0,1,4,2,30,3,20,0,0,7,0,0,0,0,0,2,1,1,4,4,0,0,0,0,1,0,0,1,1,0,0,0,0,1,1,1,23,0,0,0,0,2,0,0,0,0,0,0,0,0,0,0,0,0,0,0,0,0,1,0,0,2,1,0,0,0,0,1,1,2,0,0,0,0,2,0,0,1,0,0,0,25,0,0,0,0,1,5,1,0,0,2,0,1,9,0,0,0,0,0,0,11,1,0,0,0,0,0,1,1,0,0,0,0,0,0,0,0,0,0,0,0,0,0,0,1,0,4,4,4,6,9,0,2,2,31,0,16,3,0,0,4,4,28,0,0,7,0,1,7,0,0,0,0,0,0,0,0,0,0,0,0,0,0,8,0,0,4,0,0,1,0,0,0,2,15,0,1,0,2,6,2,0,0,0,44,4,58,3,0,0,2,0,0,0,46,28,0,0,69,0,25,21,61,3,2,6,11,10,24,55,175,41,73,0,180,100,43,11,42,9,0,22,0,12,18,2,5,6,4,3,17,0,0,1,0,7,0,6,1,4,2,19,1,2,0,8,10,4,14,10,1,4,4,4,10,0,4,90,6,4,0,3,4,16,0,4,4,7,13,45,0,2,0,0,0,20,0,10,0,16,19,2,0,0,0,0,12,0,0,0,1,0,2,10,0,1,15,67,3,10,2,12,4,2,4,0,2,0,0,0,0,0,0,0,0,1,141,0,0,0,0,0,12,0,0,0,0,0,0,0,0,0,1,13,0,0,13,0,0,0,12,0,0,0,82,0,0,0,4,12,1,0,3,-49,1,0,33,0,9,0,0,14,8,39,12,0,0,1,2,0,0,0,0,0,1,0,0,0,0,0,0,0,0,0,0,3,1,0,0,0,0,1,0,3,0,0,0,40,1,2,3,0,2,0,0,2,98,0,14,11,2,0,5,3,0,6,3,31,2,0,0,0,0,233,0,0,0,50,0,0,0,3,0,0,64,3,0,0,3,1,0,1,0,0,52,8,2,0,0,36,0,0,0,0,0,3,405,0,3,2,1,1,0,0,0,292,1,39,0,0,4,1,0,21,27,4,0,11,0,0,0,0,5,0,1,0,0,0,0,2,9,0,4,13,0,0,0,0,0,0,21,4,0,0,0,0,0,0,0,0,4,0,0,4,0,0,10,0,0,0,0,0,0,9,0,0,0,0,0,0,4,0,0,4,23,29,0,4,6,1,1,11,20,6,17,22,0,4,0,1,0,0,0,0,0,0,29,3,0,6,0,0,7,0,4,0,18,0,0,0,0,0,4,0,4,0,0,2,1,4,0,0,10,10,0,0,0,0,7,0,1,0,2,0,0,0,0,0,0,0,0,0,0,12,0,12,6,0,1,0,0,6,0,0,8,0,4,0,1,3,0,1,0,5,0,5,0,2,1,0,0,6,2,1,22,14,0,0,0,0,1,18,8,6,0,0,10,0,7,0,14,0,0,5,0,0,0,0,0,0,0,0,0,2,4,1,0,1,10,0,0,8,0,0,0,0,2,0,3,0,4,6,42,0,0,1,0,0,0,0,0,284,2,0,0,0,0,0,0,0,1,0,2,2,2,2,0,0,7,5,0,4,4,6,0,0,0,2,2,0,41,0,42,0,0,0,0,0,0,0,2,1,2,0,0,0,0,0,2,0,0,18,0,0,0,2,2,0,0,6,2,0,0,0,2,0,0,0,0,2,6,6,0,0
Sep-24,Pur Qty,0,0,0,0,0,0,0,0,0,0,0,0,0,0,0,0,0,0,0,0,0,0,0,0,0,0,0,0,0,0,0,0,0,0,0,0,0,0,0,0,0,0,0,0,0,0,0,0,0,0,0,0,0,0,0,0,0,0,0,0,0,0,0,0,0,0,0,0,0,0,0,0,0,0,0,0,0,0,0,0,0,0,0,0,0,0,0,0,0,0,0,0,0,0,0,0,0,0,0,0,0,0,0,0,0,0,0,0,0,0,0,0,0,0,0,0,0,0,0,0,0,0,0,0,0,0,0,0,0,0,0,0,0,0,0,0,0,0,0,0,0,0,0,0,0,0,0,0,0,0,0,0,0,0,0,0,0,0,0,0,0,0,0,0,0,0,0,0,0,0,0,0,0,0,0,0,0,0,0,0,0,0,0,0,0,0,0,0,0,0,0,0,0,0,0,0,0,0,0,0,0,0,0,0,0,0,0,0,0,0,0,0,0,0,0,0,0,0,0,0,0,0,0,0,0,0,0,0,0,0,0,0,0,0,0,0,0,0,0,0,0,0,0,0,0,0,0,0,0,0,0,0,0,0,0,0,0,0,0,0,0,0,0,0,0,0,0,0,0,0,0,0,0,0,0,0,0,0,0,0,0,0,0,0,0,0,0,0,0,0,0,0,0,0,0,0,0,0,0,0,0,0,0,0,0,0,0,0,0,0,0,0,0,0,0,0,0,0,0,0,0,0,0,0,0,0,0,0,0,0,0,0,0,0,0,0,0,0,0,0,0,0,0,0,0,0,0,0,0,0,0,0,0,0,0,0,0,0,0,0,0,0,0,0,0,0,0,0,0,0,0,0,0,0,0,0,0,0,0,0,0,0,0,0,0,0,0,0,0,0,0,0,0,0,0,0,0,0,0,0,0,0,0,0,0,0,0,0,0,0,0,0,0,0,0,0,0,0,0,0,0,0,0,0,0,0,0,0,0,0,0,0,0,0,0,0,0,0,0,0,0,0,0,0,0,0,0,0,0,0,0,0,0,0,0,0,0,0,0,0,0,0,0,0,0,0,0,0,0,0,0,0,0,0,0,0,0,0,0,0,0,0,0,0,0,0,0,0,0,0,0,0,0,0,0,0,0,0,0,1,0,0,0,0,0,0,0,0,0,4,0,0,0,0,0,0,0,0,0,0,0,0,0,0,0,0,0,0,0,0,0,11,0,0,0,0,0,0,0,0,0,0,0,0,0,0,0,0,0,0,0,0,0,0,0,0,0,0,0,0,0,0,0,0,0,0,0,0,0,0,0,0,0,0,0,0,0,0,0,0,0,0,0,0,0,0,0,0,0,0,0,0,0,0,0,0,0,0,0,0,0,0,0,0,0,0,0,0,0,0,0,0,0,0,0,0,0,0,0,0,0,0,0,0,0,0,0,0,0,0,0,0,0,0,0,0,0,0,0,0,0,0,0,0,0,0,0,0,0,0,0,0,0,0,0,0,0,0,0,0,0,0,0,0,0,0,0,0,0,0,0,0,0,0,0,0,0,0,0,0,0,0,0,0,0,0,0,0,0,0,0,0,0,0,0,0,0,0,0,0,0,0,0,0,0,0,0,0,0,0,0,0,0,0,0,0,0,0,0,0,0,0,0,0,0,0,0,0,0,0,0,0,0,0,0,0,0,0,0,0,0,0,0,0,0,0,0,0,0,0,0,0,0,0,0,0,0,0,0,0,0,0,0,0,0,0,0,0,0,0,0,0,0,0,0,0,0,0,0,0,0,0,0,0,0,0,0,0,0,0,0,0,0,0,0,0,0,0,0,0,0,0,0,0,0,0,0,0,0,0,0,0,0,0,0,0,0,0,0,0,0,0,0,0,0,0,0,0,0,0,0,0,0,0,0,0,0,0,0,0,0,0,0,0,0,0,0,0,0,0,0,0,0,0,0,0,0,0,0,0,0,0,0,0,0,0,0,0,0,0,0,0,0,0,0,0,0,0,0,0,0,0,0,0,0,0,0,0,0,0,0,0,0,0,0,0,0,0,0,0,0,0,0,0,0,0,0,0,0,0,0,0,0,0,0,0,0,0,0,0,0,0,0,0,0,0,0
,Sal Qty,0,0,0,0,0,0,0,0,0,0,0,0,0,3,1,0,2,0,3,0,0,0,35,0,0,0,3,10,0,0,0,0,0,0,0,0,26,0,0,0,0,0,0,0,0,0,0,0,0,0,0,0,0,0,0,0,4,1,1,0,0,0,0,0,0,0,2,0,0,0,0,0,0,0,0,0,0,0,0,0,0,10,0,0,0,0,0,0,0,0,0,0,0,0,0,0,0,0,0,0,0,0,0,0,0,0,0,0,0,0,0,0,0,0,0,0,0,0,0,0,0,0,0,0,0,0,0,0,0,1,0,0,0,0,0,0,0,0,0,0,0,0,0,0,0,0,0,0,0,0,0,3,0,0,0,0,2,2,0,0,0,0,0,0,0,0,0,0,0,0,0,0,0,0,0,0,0,0,0,0,0,0,0,0,0,0,0,0,0,0,0,0,0,0,0,0,0,0,0,0,0,0,0,0,0,0,0,0,0,0,0,0,0,0,0,0,0,0,0,0,0,0,0,0,0,0,0,0,0,0,0,0,0,0,0,0,0,0,0,0,0,0,0,0,0,0,0,0,0,0,0,0,0,0,0,0,0,0,0,0,0,0,0,0,0,0,0,0,0,0,0,0,0,0,0,0,0,0,0,0,0,0,0,0,0,0,0,0,0,0,0,0,0,0,0,0,0,4,0,2,0,0,0,0,0,0,0,0,0,0,0,0,0,0,0,0,0,0,0,0,0,0,0,0,0,0,0,0,0,0,0,0,0,0,0,0,0,1,0,0,0,0,0,0,0,0,0,0,0,0,0,0,0,0,0,0,0,0,2,0,0,13,0,0,3,0,0,0,0,0,0,0,4,22,0,16,0,4,8,12,8,2,0,0,6,0,2,2,0,0,0,2,2,4,0,0,0,0,0,0,1,0,0,0,5,0,0,0,0,0,0,0,0,0,0,0,0,0,0,0,0,1,0,0,0,0,1,0,0,0,0,5,0,0,2,0,0,0,0,0,0,0,10,0,0,0,0,0,0,0,0,0,0,0,0,0,0,0,0,1,17,0,0,0,0,0,0,4,0,0,0,0,0,0,20,0,130,0,0,10,0,0,0,0,0,1,0,0,0,0,0,0,0,0,0,0,1,0,0,13,0,0,0,2,0,0,0,8,0,0,0,2,6,0,0,2,70,0,0,104,0,6,0,0,0,0,0,0,0,0,1,11,0,0,0,0,0,0,0,0,0,0,0,0,0,0,0,0,0,0,0,0,0,0,0,0,2,0,0,0,0,0,0,1,0,0,0,0,0,0,0,8,6,0,0,4,0,0,0,0,0,0,0,0,0,0,92,0,0,0,3,0,0,0,0,0,0,13,0,0,0,0,0,0,0,0,0,1,0,0,0,0,3,0,0,0,0,0,0,194,0,0,0,0,0,0,0,0,79,0,6,0,0,4,0,0,4,5,2,0,1,0,0,0,0,2,0,0,0,0,0,0,0,9,0,0,0,0,0,0,0,0,0,0,0,0,0,0,0,0,0,0,0,0,0,0,0,0,0,0,0,0,0,0,0,0,0,0,0,0,0,0,0,0,0,0,0,0,2,0,2,0,0,0,0,2,0,1,1,0,0,0,0,0,0,0,0,0,0,0,0,0,0,0,0,0,0,0,0,0,0,0,0,0,0,0,0,2,0,0,0,0,0,0,0,1,2,0,0,0,0,1,0,0,0,1,0,0,0,0,0,0,0,0,0,0,0,0,0,0,0,0,0,0,0,0,0,0,0,0,0,0,0,0,0,0,0,0,0,0,0,0,0,0,0,0,0,0,0,0,0,0,0,0,0,0,0,0,0,0,0,0,0,0,0,0,0,0,0,0,0,0,0,0,0,0,0,0,0,0,0,0,0,0,0,0,0,0,0,0,0,0,0,0,0,2,0,0,0,0,0,0,0,0,0,0,0,0,0,0,0,0,0,0,0,0,0,0,0,0,0,1,1,0,0,0,0,0,0,0,0,0,0,10,0,11,0,0,0,0,0,0,0,0,0,0,0,0,0,0,0,0,0,0,0,0,0,0,0,0,0,0,0,0,0,0,0,0,0,0,0,0,0,2,1,0,0
,Bal Qty,0,0,0,0,0,0,0,0,0,0,9,25,0,42,0,0,17,16,37,44,6,2,8,0,8,0,9,17,2,21,0,2,0,0,0,0,49,0,2,1,0,0,0,0,0,0,0,0,0,0,1,0,1,0,0,2,13,1,2,0,2,0,0,0,0,0,7,0,0,0,0,6,0,0,0,0,0,0,0,1,0,25,0,0,0,0,0,0,0,3,0,0,3,0,0,2,0,0,0,0,0,0,0,0,3,0,0,6,0,0,2,0,0,0,0,0,0,0,0,1,1,0,0,0,0,0,0,0,0,6,2,0,1,0,0,0,0,0,1,0,0,1,0,3,2,0,0,4,2,1,2,3,0,0,3,4,6,0,3,0,0,0,0,1,4,2,30,3,20,0,0,7,0,0,0,0,0,2,1,1,4,4,0,0,0,0,1,0,0,1,1,0,0,0,0,1,1,1,23,0,0,0,0,2,0,0,0,0,0,0,0,0,0,0,0,0,0,0,0,0,1,0,0,2,1,0,0,0,0,1,1,2,0,0,0,0,2,0,0,1,0,0,0,25,0,0,0,0,1,5,1,0,0,2,0,1,9,0,0,0,0,0,0,11,1,0,0,0,0,0,1,1,0,0,0,0,0,0,0,0,0,0,0,0,0,0,0,1,0,4,4,4,6,9,0,2,2,27,0,14,3,0,0,4,4,28,0,0,7,0,1,7,0,0,0,0,0,0,0,0,0,0,0,0,0,0,8,0,0,4,0,0,1,0,0,0,2,14,0,1,0,2,6,2,0,0,0,44,4,58,3,0,0,2,0,0,0,46,26,0,0,56,0,25,18,61,3,2,6,11,10,24,51,153,41,57,0,176,92,31,3,40,9,0,16,0,10,16,2,5,6,2,1,13,0,0,1,0,7,0,5,1,4,2,14,1,2,0,8,10,4,14,10,1,4,4,4,10,0,4,90,5,4,0,3,4,15,0,4,4,7,8,45,0,0,0,0,0,20,0,10,0,6,19,2,0,0,0,0,12,0,0,0,1,0,2,11,0,1,14,50,3,10,2,12,4,2,0,0,2,0,0,0,0,-20,0,-128,0,1,131,0,0,0,0,0,11,0,0,0,0,0,0,0,0,0,1,12,0,0,1,0,0,0,10,0,0,0,76,0,4,0,2,6,1,0,1,-119,1,0,-71,0,3,0,0,14,8,39,12,0,0,0,2,0,0,0,0,0,1,0,0,0,0,0,0,0,0,0,0,3,1,0,0,0,0,1,0,1,0,0,0,40,1,2,2,0,2,0,0,2,98,0,4,5,2,0,1,3,0,6,3,31,2,0,0,0,0,141,0,0,0,47,0,0,0,3,0,0,51,3,0,0,3,1,0,1,0,0,51,8,2,0,0,33,0,0,0,0,0,3,211,0,3,2,1,1,0,0,0,213,1,33,0,0,0,1,0,17,22,2,0,10,0,0,0,0,3,0,1,0,0,0,0,2,0,0,4,13,0,0,0,0,0,0,21,4,0,0,0,0,0,0,0,0,4,0,0,4,0,0,10,0,0,0,0,0,0,9,0,0,0,0,0,0,4,0,0,4,23,27,0,2,6,1,1,11,18,6,16,21,0,4,0,1,0,0,0,0,0,0,29,3,0,6,0,0,7,0,4,0,18,0,0,0,0,0,4,0,2,0,0,2,1,4,0,0,9,8,0,0,0,0,6,0,1,0,1,0,0,0,0,0,0,0,0,0,0,12,0,12,6,0,1,0,0,6,0,0,8,0,4,0,1,3,0,1,0,5,0,5,0,2,1,0,0,6,2,1,22,14,0,0,0,0,1,18,8,6,0,0,10,0,7,0,14,0,0,5,0,0,0,0,0,0,0,0,0,2,4,1,0,1,10,0,0,8,0,0,0,0,2,0,3,0,4,6,40,0,0,1,0,0,0,0,0,284,2,0,0,0,0,0,0,0,1,0,2,2,2,2,0,0,6,4,0,4,4,6,0,0,0,2,2,0,31,0,31,0,0,0,0,0,0,0,2,1,2,0,0,0,0,0,2,0,0,18,0,0,0,2,2,0,0,6,2,0,0,0,2,0,0,0,0,2,4,5,0,0
Oct-24,Pur Qty,0,0,0,0,0,0,0,0,0,0,0,0,0,0,250,0,0,0,150,0,0,0,150,0,0,0,125,0,0,0,4,0,0,0,0,0,79,0,0,0,0,0,0,0,0,0,0,0,0,0,0,0,0,5,0,0,20,0,0,0,0,0,0,0,0,0,0,0,0,0,0,0,0,0,0,0,0,0,0,0,0,0,0,0,0,0,0,0,0,0,0,0,0,0,0,0,0,0,0,0,0,0,0,0,0,0,0,0,0,0,0,0,0,0,0,0,0,0,0,0,0,0,0,0,0,2,0,10,0,0,0,0,0,0,0,0,100,0,0,0,0,0,10,0,0,0,0,0,0,0,0,0,0,0,0,0,0,0,0,0,0,0,0,0,0,0,0,0,0,0,0,0,0,0,0,0,0,0,0,0,0,0,0,0,0,0,0,0,0,0,0,0,0,0,0,0,0,0,0,0,0,0,0,0,0,0,0,0,0,0,0,0,0,0,0,0,0,0,0,0,0,0,0,0,0,0,0,0,0,0,0,0,0,0,0,0,0,0,0,0,0,0,0,0,0,0,0,0,0,0,0,0,0,0,0,0,0,0,0,0,8,0,0,0,0,0,0,0,0,0,0,0,0,0,0,0,0,0,0,0,0,57,0,30,0,0,0,0,0,0,0,0,0,0,0,0,0,0,0,0,6,0,0,0,0,0,0,4,0,0,0,0,0,0,0,0,0,0,0,0,0,0,0,0,0,0,0,20,2,0,0,6,0,0,0,0,24,0,0,0,0,0,0,0,0,0,0,0,0,0,0,0,0,0,0,0,0,0,0,0,0,0,0,0,0,0,0,0,0,0,0,0,0,0,0,120,0,0,0,0,120,30,0,0,0,0,0,0,0,0,0,0,0,25,0,0,0,0,0,0,20,0,0,0,0,12,0,0,0,0,0,0,0,0,0,0,0,0,4,0,0,6,0,0,0,0,0,0,0,30,0,0,0,40,0,0,0,0,0,0,0,0,0,0,0,0,0,0,0,0,0,0,0,0,0,0,0,0,0,0,0,0,0,0,0,0,30,0,0,0,10,0,0,0,20,0,200,0,20,0,0,0,0,0,0,0,0,0,0,0,0,0,0,0,0,0,0,0,0,0,0,0,0,0,0,0,0,0,0,2,0,20,20,0,0,40,200,0,0,250,0,30,0,0,0,0,0,0,0,0,0,102,0,0,0,0,0,0,0,0,0,0,0,0,0,0,0,0,0,0,0,0,29,0,0,0,0,0,0,0,0,4,0,40,0,0,0,0,0,0,0,180,40,0,0,40,0,2,0,0,0,0,0,0,0,0,1000,0,0,0,0,0,0,0,0,0,0,0,80,12,0,20,0,0,0,0,0,0,0,30,0,40,0,0,10,0,0,30,0,400,0,0,0,0,0,0,0,0,400,0,0,0,0,0,20,0,0,0,0,0,0,0,0,0,0,12,0,0,0,0,10,0,0,0,0,0,0,0,0,0,0,0,0,0,0,0,0,0,0,0,0,0,0,0,0,0,0,0,0,0,0,0,0,0,0,0,0,0,0,0,0,0,0,0,0,0,0,0,0,0,0,0,0,0,0,0,0,0,0,0,0,10,20,0,0,0,0,0,0,0,0,0,0,0,0,0,0,0,0,0,0,0,0,0,0,0,0,0,0,0,0,10,0,0,0,0,0,0,0,0,0,0,0,60,0,0,0,0,0,0,0,0,0,0,0,0,0,0,0,0,0,0,0,0,0,0,0,0,0,0,0,0,0,0,0,0,0,0,0,0,0,0,0,0,0,0,0,0,0,0,0,0,0,0,0,0,0,0,0,0,0,0,0,0,0,0,0,0,0,0,0,0,0,0,0,0,0,0,20,0,0,0,0,0,0,0,0,0,0,0,0,0,0,0,0,0,0,0,0,0,0,0,0,0,0,0,0,0,4,4,0,0,0,6,6,0,0,0,0,0,0,0,0,5,0,0,0,20,0,0,0,0,0,0,0,0,0,0,0,0,2,2,0,0,6,6,0,0,0,0,0,0,20,0,0,0,0,10,0,0,0,0,0,0,0,0,6,0,0,0,0,0,0,0,0,0,0
,Sal Qty,0,0,0,0,0,0,0,0,0,0,0,0,0,3,158,0,3,0,105,2,0,0,21,0,0,0,6,4,0,0,0,0,0,0,0,0,15,0,0,0,0,0,0,0,0,0,0,0,0,0,0,0,0,0,0,1,8,1,1,0,0,0,0,0,0,0,6,0,0,0,0,0,0,0,0,0,0,0,0,0,0,12,0,0,0,0,0,0,0,0,0,0,0,0,0,0,0,0,0,0,0,0,0,0,0,0,0,3,0,0,0,0,0,0,0,0,0,0,0,0,0,0,0,0,0,0,0,1,0,0,0,0,0,0,0,0,100,0,0,0,0,1,0,0,0,0,0,0,0,0,0,1,0,0,0,0,1,0,0,0,0,0,0,0,0,0,0,0,0,0,0,0,0,0,0,0,0,0,0,0,0,0,0,0,0,0,0,0,0,0,0,0,0,0,0,0,0,0,0,0,0,0,0,0,0,0,0,0,0,0,0,0,0,0,0,0,0,0,0,0,0,0,0,0,0,0,0,0,0,0,0,0,0,0,0,0,0,0,0,0,0,0,0,8,0,0,0,0,0,0,0,0,0,0,0,0,1,0,0,0,0,0,0,0,0,0,0,0,0,0,0,0,0,0,0,0,0,0,0,0,0,57,0,30,0,0,0,0,0,0,0,0,0,0,0,0,0,10,0,1,0,0,0,0,0,0,0,0,2,0,0,0,0,0,0,0,0,0,0,0,0,0,0,0,0,0,0,4,0,0,0,0,0,0,0,0,2,1,0,0,0,0,0,0,0,0,0,0,0,2,0,0,0,0,0,0,0,10,2,0,0,12,0,2,5,0,0,0,0,0,4,4,7,35,0,48,0,16,12,14,6,0,0,0,4,0,0,2,0,0,0,0,0,1,0,0,0,0,2,0,0,0,0,0,3,0,0,0,0,0,0,4,0,0,0,0,0,0,0,0,4,2,0,0,0,0,1,0,0,4,0,7,0,0,0,0,0,0,0,0,0,0,0,0,0,0,0,0,0,0,0,0,0,0,0,0,0,0,0,1,32,0,0,0,1,0,7,0,0,0,8,0,0,0,0,0,38,0,21,8,0,0,0,0,0,5,0,0,0,0,0,0,0,0,0,0,2,0,0,1,0,0,0,6,0,0,0,38,0,6,0,14,14,0,0,14,70,0,0,2,0,25,0,0,0,0,0,0,0,0,0,47,0,0,0,0,0,0,0,0,0,0,0,0,0,0,0,0,0,0,0,0,22,0,0,0,0,0,0,0,0,0,0,3,0,0,0,0,0,6,0,7,6,0,0,7,0,0,0,0,0,0,0,0,0,0,97,0,0,0,16,0,0,0,0,0,0,6,4,4,0,1,0,0,0,0,0,5,0,4,0,2,18,0,1,0,0,2,0,316,0,0,0,0,0,0,0,0,139,0,6,0,0,0,2,0,10,1,1,0,1,0,0,0,0,0,0,0,0,0,0,0,2,0,0,0,0,0,0,0,0,0,0,0,0,0,0,0,0,0,0,0,0,0,0,0,0,0,0,0,0,0,0,0,0,0,0,0,0,0,0,0,0,0,0,0,0,0,2,0,0,0,0,0,0,0,0,0,0,0,0,0,0,0,0,0,0,0,0,0,2,0,0,0,0,0,0,0,0,5,0,0,0,0,0,0,0,0,0,0,0,0,0,0,0,4,2,0,0,0,0,2,0,3,0,0,0,0,0,0,0,0,0,0,0,0,0,0,0,0,0,0,0,0,0,0,0,0,0,0,0,0,0,0,0,0,0,0,0,0,0,0,0,0,0,0,0,0,0,0,0,0,0,0,0,0,0,0,0,1,0,0,0,0,0,0,2,0,0,0,0,0,0,0,0,0,0,0,2,0,0,0,0,0,0,0,0,0,0,0,0,0,0,0,0,4,0,0,0,0,0,0,0,0,0,2,0,0,0,0,0,0,0,0,0,0,0,1,1,0,0,0,0,0,0,0,0,0,0,0,0,0,0,4,0,3,0,0,0,0,0,0,0,0,0,0,0,0,0,0,0,0,0,0,0,0,0,0,0,0,0,0,0,0,0,0,0,0,0,0,0,0,1,0,0,0,0
,Bal Qty,0,0,0,0,0,0,0,0,0,0,9,25,0,39,92,0,14,16,82,42,6,2,137,0,8,0,128,13,2,21,4,2,0,0,0,0,113,0,2,1,0,0,0,0,0,0,0,0,0,0,1,0,1,5,0,1,25,0,1,0,2,0,0,0,0,0,1,0,0,0,0,6,0,0,0,0,0,0,0,1,0,13,0,0,0,0,0,0,0,3,0,0,3,0,0,2,0,0,0,0,0,0,0,0,3,0,0,3,0,0,2,0,0,0,0,0,0,0,0,1,1,0,0,0,0,2,0,9,0,6,2,0,1,0,0,0,0,0,1,0,0,0,10,3,2,0,0,4,2,1,2,2,0,0,3,4,5,0,3,0,0,0,0,1,4,2,30,3,20,0,0,7,0,0,0,0,0,2,1,1,4,4,0,0,0,0,1,0,0,1,1,0,0,0,0,1,1,1,23,0,0,0,0,2,0,0,0,0,0,0,0,0,0,0,0,0,0,0,0,0,1,0,0,2,1,0,0,0,0,1,1,2,0,0,0,0,2,0,0,1,0,0,0,17,0,0,0,0,1,5,1,0,0,2,0,1,8,0,0,0,8,0,0,11,1,0,0,0,0,0,1,1,0,0,0,0,0,0,0,0,0,0,0,0,0,0,0,1,0,4,4,4,6,9,0,2,2,17,0,13,9,0,0,4,4,28,0,4,5,0,1,7,0,0,0,0,0,0,0,0,0,0,0,0,0,0,8,16,2,4,0,6,1,0,0,0,24,13,0,1,0,2,6,2,0,0,0,44,4,56,3,0,0,2,0,0,0,36,24,0,0,44,0,23,13,61,3,2,6,11,6,20,44,118,41,129,0,160,80,17,117,70,9,0,12,0,10,14,2,5,6,2,1,37,0,0,1,0,5,0,25,1,4,2,11,13,2,0,8,10,4,10,10,1,4,4,4,10,4,4,86,9,4,0,3,4,14,0,4,30,7,1,45,40,0,0,0,0,20,0,10,0,6,19,2,0,0,0,0,12,0,0,0,1,0,2,11,0,1,13,18,3,10,2,11,4,25,0,0,2,2,0,0,0,0,0,34,0,0,123,0,0,0,0,0,6,0,0,0,0,0,0,0,0,0,1,10,0,0,0,0,0,0,4,0,0,0,38,0,0,0,8,12,1,0,27,11,1,0,177,0,8,0,0,14,8,39,12,0,0,0,57,0,0,0,0,0,1,0,0,0,0,0,0,0,0,0,0,3,1,0,0,7,0,1,0,1,0,0,0,40,5,2,39,0,2,0,0,2,92,0,177,39,2,0,34,3,2,6,3,31,2,0,0,0,0,1044,0,0,0,31,0,0,0,3,0,0,45,79,8,0,22,1,0,1,0,0,46,8,28,0,38,15,0,9,0,0,28,3,295,0,3,2,1,1,0,0,0,474,1,27,0,0,0,19,0,7,21,1,0,9,0,0,0,0,15,0,1,0,0,10,0,0,0,0,4,13,0,0,0,0,0,0,21,4,0,0,0,0,0,0,0,0,4,0,0,4,0,0,10,0,0,0,0,0,0,9,0,0,0,0,0,0,4,0,0,4,23,25,0,2,6,1,1,11,18,6,16,21,0,4,10,21,0,0,0,0,0,0,29,1,0,6,0,0,7,0,4,0,13,0,0,0,0,0,4,0,2,0,0,2,11,4,0,0,5,6,0,0,0,0,4,0,58,0,1,0,0,0,0,0,0,0,0,0,0,12,0,12,6,0,1,0,0,6,0,0,8,0,4,0,1,3,0,1,0,5,0,5,0,2,1,0,0,6,2,1,22,14,0,0,0,0,1,18,8,6,0,0,9,0,7,0,14,0,0,3,0,0,0,0,0,0,0,0,0,2,4,19,0,1,10,0,0,8,0,0,0,0,2,0,3,0,4,6,36,0,0,1,0,0,0,0,0,284,0,0,0,4,4,0,0,0,7,6,2,2,1,1,0,0,6,4,5,4,4,6,20,0,0,2,2,0,27,0,28,0,0,0,0,2,2,0,2,7,8,0,0,0,0,0,2,20,0,18,0,0,10,2,2,0,0,6,2,0,0,6,2,0,0,0,0,1,4,5,0,0
Nov-24,Pur Qty,0,0,0,0,0,0,0,0,0,0,0,0,0,0,0,0,0,0,0,0,0,0,0,0,0,0,0,0,0,0,0,0,0,0,0,0,0,0,0,0,0,0,0,0,0,0,0,0,0,0,0,0,0,0,0,0,0,0,0,0,0,0,0,0,0,0,0,0,0,0,0,0,0,0,0,0,0,0,0,0,0,0,0,0,0,0,0,0,0,0,0,0,0,0,0,0,0,0,0,0,0,0,0,0,0,0,0,0,0,0,0,0,0,0,0,0,0,0,0,0,0,0,0,0,0,0,0,0,0,0,0,0,0,0,0,0,0,0,0,0,0,0,0,0,0,0,0,0,0,0,0,0,0,0,0,0,0,0,0,0,0,0,0,0,0,0,0,0,0,0,0,0,0,0,0,0,0,0,0,0,0,0,0,0,0,0,0,0,0,0,0,0,0,0,0,0,0,0,0,0,0,0,0,0,0,0,0,0,0,0,0,0,0,0,0,0,0,0,0,0,0,0,0,0,0,0,0,0,0,0,0,0,0,0,0,0,0,0,0,0,0,0,0,0,0,0,0,0,0,0,0,0,0,0,0,0,0,0,0,0,0,0,0,0,0,0,0,0,0,0,0,0,0,0,0,0,0,0,0,0,0,0,0,0,0,0,0,0,0,0,0,0,0,0,0,0,0,0,0,0,0,0,0,0,0,0,0,0,0,0,0,0,0,0,0,0,0,0,0,0,0,0,0,0,0,0,0,0,0,0,0,0,0,0,0,0,0,0,0,0,0,0,0,0,0,0,0,0,0,0,0,0,0,0,0,0,0,0,0,0,0,0,0,0,0,0,0,0,0,0,0,0,0,0,0,0,0,0,0,0,0,0,0,0,0,0,0,0,0,0,0,0,0,0,0,0,0,0,0,0,0,0,0,0,0,0,0,0,0,0,0,0,0,0,0,0,0,0,0,0,0,0,0,0,0,0,0,0,0,0,0,0,0,0,0,0,0,0,0,0,0,0,0,0,0,0,0,0,0,0,0,0,0,0,0,0,0,0,0,0,0,0,0,0,0,0,0,0,0,0,0,0,0,0,0,0,0,0,0,0,0,0,0,0,0,0,0,0,0,0,0,0,0,0,0,0,0,0,0,0,0,0,0,0,0,0,0,0,0,0,0,0,0,0,0,0,0,0,0,0,0,0,0,0,0,0,0,0,0,0,0,0,0,0,0,0,0,0,0,0,0,0,0,0,0,0,0,0,0,0,0,0,0,0,0,0,0,0,0,0,0,0,0,0,0,0,0,0,0,0,0,0,0,0,0,0,0,0,0,0,0,0,0,0,0,0,0,0,0,0,0,0,0,0,0,0,0,0,0,0,0,0,0,0,0,0,0,0,0,0,0,0,0,0,0,0,0,0,0,0,0,0,0,0,0,0,0,0,0,0,0,0,0,0,0,0,0,0,0,0,0,0,0,0,0,0,0,0,0,0,0,0,0,0,0,0,0,0,0,0,0,0,0,0,0,0,0,0,0,0,0,0,0,0,0,0,0,0,0,0,0,0,0,0,0,0,0,0,0,0,0,0,0,0,0,0,0,0,0,0,0,0,0,0,0,0,0,0,0,0,0,0,0,0,0,0,0,0,0,0,0,0,0,0,0,0,0,0,0,0,0,0,0,0,0,0,0,0,0,0,0,0,0,0,0,0,0,0,0,0,0,0,0,0,0,0,0,0,0,0,0,0,0,0,0,0,0,0,0,0,0,0,0,0,0,0,0,0,0,0,0,0,0,0,0,0,0,0,0,0,0,0,0,0,0,0,0,0,0,0,0,0,0,0,0,0,0,0,0,0,0,0,0,0,0,0,0,0,0,0,0,0,0,0,0,0,0,0,0,0,0,0,0,0,0,0,0,0,0,0,0,0,0,0,0,0,0,0,0,0,0,0,0,0,0,0,0,0,0,0,0,0,0,0,0,0,0,0,0,0,0,0,0,0,0,0,0,0,0,0,0,0,0,0,0,0,0,0,0,0,0,0,0,0,0,0,0,0,0,0,0,0,0,0,0,10,0,0,0,0,4,0,0,0,0,0,0,0,0,0,0,0,0,0,0,0,0
,Sal Qty,0,0,0,0,0,0,0,0,0,0,0,0,0,4,69,0,1,0,12,5,0,0,6,0,0,0,5,0,0,0,0,0,0,0,0,0,8,0,0,0,0,0,0,0,0,0,0,0,0,0,0,0,0,4,0,0,1,1,0,0,0,0,0,0,0,0,1,0,0,0,0,0,0,0,0,0,0,0,0,0,0,4,0,0,0,0,0,0,0,0,0,0,0,0,0,0,0,0,0,0,0,0,0,0,0,0,0,0,0,0,0,0,0,0,0,0,0,0,0,0,0,0,0,0,0,1,0,2,0,0,0,0,0,0,0,0,0,0,0,0,0,0,10,0,0,0,0,0,0,0,0,0,0,0,0,0,0,0,0,0,0,0,0,0,0,0,0,0,0,0,0,0,0,0,0,0,0,0,0,0,0,0,0,0,0,0,0,0,0,0,0,0,0,0,0,0,0,0,0,0,0,0,0,0,0,0,0,0,0,0,0,0,0,0,0,0,0,0,0,0,0,0,0,0,0,0,0,0,0,0,0,0,0,0,0,0,0,0,0,0,0,0,0,9,0,0,0,0,0,0,0,0,0,0,0,0,0,0,0,0,0,0,0,0,0,0,0,0,0,0,0,0,0,0,0,0,0,0,0,0,0,0,0,0,0,0,0,0,0,0,0,0,0,0,0,0,0,2,0,0,0,0,0,1,0,4,0,0,0,0,0,0,0,0,0,0,0,0,0,0,0,0,0,0,0,0,0,6,0,0,0,0,0,0,0,0,2,0,0,0,0,0,0,1,0,0,0,3,0,4,0,0,0,0,0,0,0,4,0,0,0,6,0,0,1,2,0,0,0,0,0,0,4,12,0,58,0,20,20,12,12,2,0,0,2,0,0,2,0,0,0,0,0,8,0,0,0,0,0,0,0,0,0,0,1,0,0,0,0,0,0,4,0,0,0,1,0,0,1,0,2,2,0,0,0,0,7,0,0,0,0,1,6,2,0,0,0,0,10,0,1,0,0,0,0,0,0,0,0,0,0,0,0,0,0,0,1,0,0,0,17,0,0,0,0,0,6,0,0,0,2,0,0,0,0,0,12,0,0,13,0,0,0,0,0,5,0,0,0,0,0,0,0,0,0,0,4,0,0,2,0,0,0,2,0,0,0,13,0,0,0,4,0,0,0,16,0,0,0,36,0,3,0,0,0,0,0,2,0,0,0,40,0,0,0,0,0,0,0,0,0,0,0,0,0,0,0,0,0,0,0,0,5,0,0,0,0,0,0,0,0,0,0,2,0,0,0,0,0,0,0,22,2,0,0,4,0,0,0,0,0,0,0,0,0,0,164,0,0,0,9,0,0,0,0,0,0,27,5,4,0,5,0,0,0,0,0,2,4,1,0,0,8,0,1,0,0,4,0,285,0,0,0,0,0,0,0,0,161,0,14,0,0,0,6,0,5,0,0,0,0,0,0,0,0,2,0,0,0,0,0,0,0,0,0,0,0,0,0,0,0,0,0,0,0,0,0,0,0,0,0,0,0,0,0,0,0,0,0,0,0,0,0,0,0,0,0,0,0,0,0,0,0,0,0,0,2,0,2,0,0,0,0,0,0,0,0,1,0,0,0,0,0,0,0,0,0,0,0,0,0,0,0,0,0,0,0,0,0,0,0,0,0,0,0,0,0,0,0,0,0,0,0,0,0,2,2,0,0,0,0,1,0,6,0,0,0,0,0,0,0,0,0,0,0,0,2,0,0,0,0,0,0,0,0,0,0,0,0,0,0,0,0,0,0,0,0,0,0,0,0,0,0,0,0,0,0,0,0,0,0,0,0,0,0,0,0,0,0,0,0,0,0,0,0,0,0,0,0,0,0,0,0,0,0,0,0,0,1,0,0,0,0,0,0,0,0,0,0,0,0,0,0,0,0,4,0,0,0,0,0,0,0,0,0,0,0,0,0,0,0,0,0,0,0,0,0,0,0,0,0,2,2,0,0,0,0,0,0,0,0,0,0,6,0,5,0,0,0,0,1,0,0,0,0,0,0,0,0,0,0,0,0,0,2,0,0,0,0,0,0,0,0,0,0,0,0,1,0,0,0,0,0,1,1,0,0
,Bal Qty,0,0,0,0,0,0,0,0,0,0,9,25,0,35,23,0,13,16,70,37,6,2,131,0,8,0,123,13,2,21,4,2,0,0,0,0,105,0,2,1,0,0,0,0,0,0,0,0,0,0,1,0,1,1,0,1,24,-1,1,0,2,0,0,0,0,0,0,0,0,0,0,6,0,0,0,0,0,0,0,1,0,9,0,0,0,0,0,0,0,3,0,0,3,0,0,2,0,0,0,0,0,0,0,0,3,0,0,3,0,0,2,0,0,0,0,0,0,0,0,1,1,0,0,0,0,1,0,7,0,6,2,0,1,0,0,0,0,0,1,0,0,0,0,3,2,0,0,4,2,1,2,2,0,0,3,4,5,0,3,0,0,0,0,1,4,2,30,3,20,0,0,7,0,0,0,0,0,2,1,1,4,4,0,0,0,0,1,0,0,1,1,0,0,0,0,1,1,1,23,0,0,0,0,2,0,0,0,0,0,0,0,0,0,0,0,0,0,0,0,0,1,0,0,2,1,0,0,0,0,1,1,2,0,0,0,0,2,0,0,1,0,0,0,8,0,0,0,0,1,5,1,0,0,2,0,1,8,0,0,0,8,0,0,11,1,0,0,0,0,0,1,1,0,0,0,0,0,0,0,0,0,0,0,0,0,0,0,1,0,4,4,4,6,9,0,2,2,15,0,13,9,0,0,3,4,24,0,4,5,0,1,7,0,0,0,0,0,0,0,0,0,0,0,0,0,0,8,10,2,4,0,6,1,0,0,0,22,13,0,1,0,2,6,1,0,0,0,41,4,52,3,0,0,2,0,0,0,32,24,0,0,38,0,23,12,59,3,2,6,11,6,20,40,106,41,71,0,140,60,5,105,68,9,0,10,0,10,12,2,5,6,2,1,29,0,0,1,0,5,0,25,1,4,2,10,13,2,0,8,10,4,6,10,1,4,3,4,10,3,4,84,7,4,0,3,4,7,0,4,30,7,0,39,38,0,0,0,0,10,0,9,0,6,19,2,0,0,0,0,12,0,0,0,1,0,2,10,0,1,13,1,3,10,2,11,4,19,0,0,2,0,0,0,0,0,0,22,0,0,110,0,0,0,0,0,1,0,0,0,0,0,0,0,0,0,1,6,0,0,-2,0,0,0,2,0,0,0,25,0,0,0,4,12,1,0,11,11,1,0,141,0,5,0,0,14,8,39,10,0,0,0,17,0,0,0,0,0,1,0,0,0,0,0,0,0,0,0,0,3,1,0,0,2,0,1,0,1,0,0,0,40,5,2,37,0,2,0,0,2,92,0,155,37,2,0,30,3,2,6,3,31,2,0,0,0,0,880,0,0,0,22,0,0,0,3,0,0,18,74,4,0,17,1,0,1,0,0,44,4,27,0,38,7,0,8,0,0,24,3,10,0,3,2,1,1,0,0,0,313,1,13,0,0,0,13,0,2,21,1,0,9,0,0,0,0,13,0,1,0,0,10,0,0,0,0,4,13,0,0,0,0,0,0,21,4,0,0,0,0,0,0,0,0,4,0,0,4,0,0,10,0,0,0,0,0,0,9,0,0,0,0,0,0,4,0,0,2,23,23,0,2,6,1,1,11,18,6,15,21,0,4,10,21,0,0,0,0,0,0,29,1,0,6,0,0,7,0,4,0,13,0,0,0,0,0,4,0,2,0,0,2,11,4,0,0,3,4,0,0,0,0,3,0,52,0,1,0,0,0,0,0,0,0,0,0,0,10,0,12,6,0,1,0,0,6,0,0,8,0,4,0,1,3,0,1,0,5,0,5,0,2,1,0,0,6,2,1,22,14,0,0,0,0,1,18,8,6,0,0,9,0,7,0,14,0,0,3,0,0,0,0,0,0,0,0,0,2,4,18,0,1,10,0,0,8,0,0,0,0,2,0,3,0,4,6,32,0,0,1,0,0,0,0,0,284,0,0,0,4,4,0,0,0,7,6,2,2,1,1,0,0,4,2,5,4,4,6,20,0,0,2,2,0,21,0,23,0,0,0,0,1,2,0,2,7,8,0,0,0,0,0,2,20,0,16,10,0,10,2,2,4,0,6,2,0,0,6,1,0,0,0,0,1,3,4,0,0
Dec-24,Pur Qty,0,0,0,0,0,0,0,0,0,0,0,0,0,0,0,0,0,0,0,0,0,0,0,0,0,0,0,0,0,0,0,0,0,0,0,0,0,0,0,0,0,0,0,0,0,0,0,0,0,0,0,0,0,0,0,0,0,1,0,0,0,0,0,0,0,0,0,0,0,0,0,0,0,0,0,0,0,0,0,0,0,0,0,0,0,0,0,0,0,0,0,0,0,0,0,0,0,0,0,0,0,0,0,0,0,0,0,0,0,0,0,0,0,0,0,0,0,0,0,0,0,0,0,0,0,0,0,0,0,0,0,0,0,0,0,0,0,0,0,0,0,0,0,0,0,0,0,0,0,0,0,0,0,0,0,0,0,0,0,0,0,0,0,0,0,0,0,0,0,0,0,0,0,0,0,0,0,0,0,0,0,0,0,0,0,0,0,0,0,0,0,0,0,0,0,0,0,0,0,0,0,0,0,0,0,0,0,0,0,0,0,0,0,0,0,0,0,0,0,0,0,0,0,0,0,0,0,0,0,0,0,0,0,0,0,0,0,0,0,0,0,0,0,0,0,0,0,0,0,0,0,0,0,0,0,0,0,0,0,0,0,0,0,0,0,0,0,0,0,0,0,0,0,0,0,0,0,0,0,0,0,0,0,0,0,0,0,0,0,0,0,0,0,0,0,0,0,0,0,0,0,0,0,0,0,0,0,0,0,0,0,0,0,0,0,0,0,0,0,0,0,0,0,0,0,0,0,0,0,0,0,0,0,0,0,0,0,0,0,0,0,0,0,0,0,0,0,0,0,0,0,0,0,0,0,0,0,0,0,0,0,0,0,0,0,0,0,0,0,0,0,0,0,0,0,0,0,0,0,0,0,0,0,0,0,0,0,0,0,0,0,0,0,0,0,0,0,0,0,0,0,0,0,0,0,0,0,0,0,0,0,0,0,0,0,0,0,0,0,0,0,0,0,0,0,0,0,0,0,0,0,0,0,0,0,0,0,0,0,0,0,0,0,0,0,0,0,0,0,0,0,0,0,0,0,0,0,0,0,0,0,0,0,0,0,0,0,0,0,0,0,0,0,0,0,0,0,0,0,0,0,0,0,0,0,0,0,0,0,0,0,0,0,0,0,0,0,0,0,22,0,0,0,0,0,0,0,0,0,0,0,0,0,0,0,0,0,0,0,0,0,0,0,0,0,0,0,0,0,0,0,1,0,0,0,0,0,0,0,0,0,0,0,0,0,0,0,0,0,0,0,0,0,0,0,0,0,0,0,0,0,0,0,0,0,0,0,0,0,0,0,0,0,0,0,0,0,0,0,0,0,0,0,0,0,0,0,0,0,0,0,0,0,0,0,0,0,0,0,0,0,0,0,0,0,0,0,0,0,0,0,0,0,0,0,0,0,0,0,0,0,0,0,0,0,0,0,0,0,0,0,0,0,0,0,0,0,0,0,0,0,0,0,0,0,0,0,0,0,0,0,0,0,0,0,0,0,0,0,0,0,0,0,0,0,0,0,0,0,0,0,0,0,0,0,0,0,0,0,0,0,0,0,0,0,0,0,0,0,0,0,0,0,0,0,0,0,0,0,0,0,0,0,0,0,0,0,0,0,0,0,0,0,0,0,0,0,0,0,0,0,0,0,0,0,0,0,0,0,0,0,0,0,0,0,0,0,0,0,0,0,0,0,0,0,0,0,0,0,0,0,0,0,0,0,0,0,0,0,0,0,0,0,0,0,0,0,0,0,0,0,0,0,0,0,0,0,0,0,0,0,0,0,0,0,0,0,0,0,0,0,0,0,0,0,0,0,0,0,0,0,0,0,0,0,0,0,0,0,0,0,0,0,0,0,0,0,0,0,0,0,0,0,0,0,0,0,0,0,0,0,0,0,0,0,0,0,0,0,0,0,0,0,0,0,0,0,0,0,0,0,0,0,0,0,0,0,0,0,0,0,0,0,0,0,0,0,0,0,0,0,0,0,0,0,0,0,0,0,0,0,0,0,0,0,0,0,0,0,0,0,0,0,0,0,0,0,0,0,0,0,0,0,0,0,0,0,0,0,0,0,0,0,0,0,0,0,0,0,0,0,0,0,0,0,0,0
,Sal Qty,0,0,0,0,0,0,0,0,0,0,0,0,0,5,23,0,7,0,14,6,0,0,3,0,0,0,2,0,0,0,0,0,0,0,0,0,62,0,0,0,0,0,0,0,0,0,0,0,0,0,0,0,0,1,0,0,7,0,1,0,1,0,0,0,0,0,0,0,0,0,0,0,0,0,0,0,0,0,0,0,0,4,0,0,0,0,0,0,0,0,0,0,0,0,0,0,0,0,0,0,0,0,0,0,0,0,0,0,0,0,0,0,0,0,0,0,0,0,0,0,0,0,0,0,0,0,0,1,0,0,0,0,0,0,0,0,0,0,0,0,0,0,0,0,0,0,0,0,0,0,0,0,0,0,0,0,1,0,0,0,0,0,0,0,0,0,0,0,0,0,0,0,0,0,0,0,0,0,0,0,0,0,0,0,0,0,0,0,0,0,0,0,0,0,0,0,0,0,4,0,0,0,0,0,0,0,0,0,0,0,0,0,0,0,0,0,0,0,0,0,0,0,0,0,0,0,0,0,0,0,0,0,0,0,0,0,0,0,0,0,0,0,0,6,0,0,0,0,0,0,0,0,0,2,0,0,0,0,0,0,0,0,0,0,0,0,0,0,0,0,0,0,0,0,0,0,0,0,0,0,0,0,0,0,0,0,0,0,0,0,0,2,2,1,0,0,0,4,0,0,0,0,0,0,0,6,0,0,0,0,0,0,0,0,0,0,0,0,0,0,0,0,0,0,0,0,0,0,0,0,0,0,0,0,0,0,0,0,0,0,0,0,0,0,0,0,0,2,0,2,0,0,0,0,0,0,0,10,0,0,0,3,0,0,1,0,0,0,0,0,0,0,0,32,0,16,0,18,6,2,6,0,2,0,8,0,4,2,0,0,2,0,0,4,0,0,0,0,0,0,0,0,0,0,1,0,0,0,0,0,0,4,0,0,0,1,0,0,0,0,0,2,0,0,0,0,6,0,0,8,1,0,6,6,0,0,0,0,8,0,0,0,0,0,0,0,0,0,0,1,0,0,0,0,0,0,0,0,0,1,0,0,0,0,0,0,3,0,0,0,0,0,0,0,0,0,32,0,0,14,0,0,0,0,0,1,0,0,0,0,0,0,0,0,0,0,3,0,0,6,0,0,0,2,0,0,0,13,0,0,0,4,4,0,0,9,0,0,0,77,0,0,0,0,0,0,2,2,0,0,0,19,0,0,0,0,0,0,0,0,0,0,0,0,0,0,0,0,0,1,0,0,2,0,0,0,0,0,0,0,0,0,0,0,0,0,0,0,0,0,0,27,6,0,0,5,0,0,1,0,0,0,0,0,0,0,182,0,0,0,2,0,0,0,2,0,0,11,17,4,0,2,0,0,0,0,0,2,3,4,0,2,4,0,4,0,0,8,0,5,0,0,0,0,0,0,0,0,176,0,6,0,0,0,0,0,0,0,0,0,0,0,0,0,0,0,0,0,0,0,0,0,0,0,0,0,0,0,0,0,0,0,0,0,0,0,0,0,0,0,0,0,0,0,0,0,0,0,0,0,0,0,0,0,0,0,0,0,0,0,0,0,0,0,0,0,0,0,4,0,0,2,0,0,1,0,0,4,4,0,0,0,0,0,0,0,0,0,0,0,0,0,0,0,0,0,0,0,0,4,0,0,0,0,0,0,0,0,0,0,0,0,0,0,0,2,2,0,0,0,0,2,0,9,0,0,0,0,0,0,0,0,0,0,0,0,1,0,0,0,0,0,0,0,0,0,0,0,0,0,0,0,0,0,0,0,0,0,0,0,0,0,0,0,0,0,0,0,0,0,0,0,0,0,0,0,0,0,0,0,0,0,0,0,0,0,0,0,0,0,0,0,0,0,0,0,0,0,3,0,0,0,0,0,0,0,0,0,0,0,0,0,0,0,0,2,0,0,0,0,0,0,0,0,0,0,0,0,1,1,0,0,0,0,0,0,0,0,0,0,0,1,0,0,0,0,0,4,0,0,0,0,0,7,0,8,0,0,0,0,1,1,0,0,0,0,0,0,0,0,0,0,6,0,0,2,0,0,0,0,1,0,0,0,0,0,0,0,0,0,0,0,1,0,0,0,0
,Bal Qty,0,0,0,0,0,0,0,0,0,0,9,25,0,34,0,0,6,16,56,31,6,2,128,0,8,0,121,13,2,21,4,2,0,0,0,0,43,0,2,1,0,0,0,0,4,0,0,0,0,0,1,0,1,0,0,1,17,0,0,0,1,0,0,0,0,0,0,0,0,0,0,6,0,0,0,0,0,0,0,1,0,5,0,0,0,0,0,0,0,3,0,0,3,0,0,2,0,0,0,0,0,0,0,0,3,0,0,3,0,0,2,0,0,0,0,0,0,0,0,1,1,0,0,0,0,1,0,6,0,6,2,0,1,0,0,0,0,0,1,0,0,0,0,3,2,0,0,4,2,1,2,2,0,0,3,4,4,0,3,0,0,0,0,1,4,2,30,3,20,0,0,7,0,0,0,0,0,2,1,1,4,4,0,0,0,0,1,0,0,1,1,0,0,0,0,1,1,1,19,0,0,0,0,2,0,0,0,0,0,0,0,0,0,0,0,0,0,0,0,0,1,0,0,2,1,0,0,0,0,1,1,2,0,0,0,0,2,0,0,1,0,0,0,2,0,0,0,0,1,5,1,0,0,0,0,1,8,0,0,0,8,0,0,11,1,0,0,0,0,0,1,1,0,0,0,0,0,0,0,0,0,0,0,0,0,0,0,1,0,4,4,2,4,8,0,2,2,11,0,13,9,0,0,3,4,18,0,4,5,0,1,7,0,0,0,0,0,0,0,0,0,0,0,0,0,0,8,10,2,4,0,6,1,0,0,0,22,13,0,1,0,2,6,1,0,0,0,39,4,50,3,0,0,2,0,0,0,18,24,0,0,35,0,23,11,59,3,2,6,11,6,20,40,84,41,55,0,122,54,3,99,68,7,0,2,0,6,10,2,5,4,2,1,25,0,0,1,0,5,0,25,1,4,2,9,13,2,0,8,10,4,10,10,1,4,2,4,10,3,4,84,5,4,0,3,4,1,0,4,22,6,0,33,32,0,0,0,0,2,0,9,0,6,19,2,0,0,0,0,11,0,0,0,1,0,2,10,0,1,12,1,3,10,2,11,4,16,0,0,2,0,0,0,0,0,0,-10,0,0,96,0,0,0,0,0,0,0,0,0,0,0,0,0,0,0,1,3,0,0,14,0,0,0,0,0,0,0,12,0,0,0,0,8,1,0,2,11,1,0,64,0,5,0,0,14,8,37,8,0,0,0,-2,0,0,0,0,0,1,0,0,0,0,0,0,0,0,0,0,3,0,0,0,0,0,1,0,1,0,0,0,40,5,2,37,0,2,0,0,2,92,0,130,31,2,0,25,3,2,5,3,31,2,0,0,0,0,698,0,0,0,20,0,0,0,1,0,0,6,57,0,2,15,1,0,1,0,0,42,1,23,0,36,3,0,4,0,0,16,3,5,0,3,2,1,1,0,0,0,127,1,7,0,0,0,13,0,2,21,1,0,9,0,0,0,0,13,0,1,0,0,10,0,0,0,0,4,13,0,0,0,0,0,0,21,4,0,0,0,0,0,0,0,0,4,0,0,4,0,0,10,0,0,0,0,0,0,9,0,0,0,0,0,0,4,0,0,2,23,19,0,2,4,1,1,10,18,6,11,17,0,4,10,21,0,0,0,0,0,0,29,1,0,6,0,0,7,0,4,0,9,0,0,0,0,0,4,0,2,0,0,2,11,4,0,0,1,2,0,0,0,0,1,0,43,0,1,0,0,0,0,0,0,0,0,0,0,9,0,12,6,0,1,0,0,6,0,0,8,0,4,0,1,3,0,1,0,5,0,5,0,2,1,0,0,6,2,1,22,14,0,0,0,0,1,18,8,6,0,0,9,0,7,0,14,0,0,3,0,0,0,0,0,0,0,0,0,2,4,15,0,1,10,0,0,8,0,0,0,0,2,0,3,0,4,6,30,0,0,1,0,0,0,0,0,284,0,0,0,3,3,0,0,0,7,6,2,2,1,1,0,0,3,2,5,4,4,6,16,0,0,2,2,0,14,0,15,0,0,0,0,0,1,0,2,7,8,0,0,0,0,0,2,14,0,16,8,0,10,2,2,3,0,6,2,0,0,6,1,0,0,0,0,0,3,4,0,0
Jan-25,Pur Qty,0,0,0,0,0,0,0,0,0,0,0,0,0,0,0,0,0,0,0,0,0,0,0,0,0,0,0,0,0,0,0,0,0,0,0,0,0,0,0,0,0,0,0,0,0,0,0,0,0,0,0,0,0,0,0,0,0,0,0,0,0,0,0,0,0,0,0,0,0,0,0,0,0,0,0,0,0,0,0,0,0,0,0,0,0,0,0,0,0,0,0,0,0,0,0,0,0,0,0,0,0,0,0,0,0,0,0,0,0,0,0,0,0,0,0,0,0,0,0,0,0,0,0,0,0,0,0,0,0,0,0,0,0,0,0,0,0,0,0,0,0,0,0,0,0,0,0,0,0,0,0,0,0,0,0,0,0,0,0,0,0,0,0,0,0,0,0,0,0,0,0,0,0,0,0,0,0,0,0,0,0,0,0,0,0,0,0,0,0,0,0,0,0,0,0,0,0,0,0,0,0,0,0,0,0,0,0,0,0,0,0,0,0,0,0,0,0,0,0,0,0,0,0,0,0,0,0,0,0,0,0,0,0,0,0,0,0,0,0,0,0,0,0,0,0,0,0,0,0,0,0,0,0,0,0,80,0,0,0,0,0,0,0,0,0,0,0,0,0,0,0,0,0,0,0,0,0,0,0,0,0,0,0,0,0,0,0,0,0,0,0,0,0,0,0,0,0,0,0,0,0,0,0,0,0,0,0,0,0,0,0,0,0,0,0,0,0,0,0,0,0,0,0,0,0,0,0,0,0,0,0,0,0,0,0,0,0,0,0,0,0,0,0,0,0,0,0,0,0,0,0,0,0,0,0,0,0,0,0,0,0,0,0,0,0,0,0,0,0,0,0,0,0,0,0,0,0,0,0,0,0,0,0,0,0,0,0,0,0,0,0,0,0,0,0,0,0,0,0,0,0,0,0,0,0,0,0,0,0,0,0,0,0,0,0,0,0,0,0,0,0,0,0,0,0,0,0,0,0,0,0,0,0,0,0,0,0,0,0,0,0,0,0,0,0,0,0,0,0,0,0,0,0,0,0,0,0,0,0,0,0,0,0,0,0,0,0,0,0,0,0,0,0,0,0,0,0,0,0,0,0,0,0,0,0,0,0,0,0,0,0,0,0,0,0,0,0,0,0,0,0,0,0,0,0,0,0,0,0,0,0,0,0,0,0,0,0,0,0,0,0,0,0,0,0,0,0,0,0,0,0,0,0,0,0,0,0,0,0,0,0,0,0,0,0,0,0,0,0,0,0,0,0,0,0,0,0,0,0,0,0,0,0,0,0,0,0,0,0,0,0,0,0,0,0,0,0,0,0,0,0,0,0,0,0,0,0,0,0,0,0,0,0,0,0,0,0,0,0,0,0,0,0,0,0,0,0,0,0,0,0,0,0,0,0,0,0,0,0,0,0,0,0,0,0,0,0,0,0,0,0,0,0,0,0,0,0,0,0,0,0,0,0,0,0,0,0,0,0,0,0,0,0,0,0,0,0,0,0,0,0,0,0,0,0,0,0,0,0,0,0,0,0,0,0,0,0,0,0,0,0,0,0,0,0,0,0,0,0,0,0,0,0,0,0,0,0,0,0,0,0,0,0,0,0,0,0,0,0,0,0,0,0,0,0,0,0,0,0,0,0,0,0,0,0,0,0,0,0,0,0,0,0,0,0,0,0,0,0,0,0,0,0,0,0,0,0,0,0,0,0,0,0,0,0,0,0,0,0,0,0,0,0,0,0,0,0,0,0,0,0,0,0,0,0,0,0,0,0,0,0,0,0,0,0,0,0,0,0,0,0,0,0,0,0,0,0,0,0,0,0,0,0,0,0,0,0,0,0,0,0,0,0,0,0,0,0,0,0,0,0,0,0,0,0,0,0,0,0,0,0,0,0,0,0,0,0,0,0,0,0,0,0,0,0,0,0,0,0,0,0,0,0,0,0,0,0,0,0,0,0,0,0,0,0,0,0,0,0,0,0,0,0,0,0,0,0,0,0,0,0,0,0,0,0,0,0,0,0,0,0,0,0,0,0,0,0,0,0,0,0,0,0,0,0,0,0,0,0,0,0,0,0,0,0,0,0,0,0,0,0,0,0,0,0,0,0
,Sal Qty,0,0,0,0,0,0,0,0,0,0,0,0,0,10,0,0,0,0,20,2,0,0,3,0,0,0,10,0,0,0,0,0,0,0,0,0,31,0,0,0,0,0,0,0,0,0,0,0,0,0,0,0,0,0,0,1,2,0,0,0,0,0,0,0,0,0,0,0,0,0,0,0,0,0,0,0,0,0,0,0,0,1,0,0,0,0,0,0,0,0,0,0,0,0,0,0,0,0,0,0,0,0,0,0,0,0,0,0,0,0,1,0,0,0,0,0,0,0,0,0,0,0,0,0,0,0,0,4,0,0,0,0,0,0,0,0,0,0,0,0,0,0,0,0,0,0,0,0,0,0,2,0,0,0,0,0,0,0,0,0,0,0,0,0,0,0,0,0,0,0,0,0,0,0,0,0,0,0,0,0,0,0,0,0,0,0,0,0,0,0,0,0,0,0,0,0,0,0,0,0,0,0,0,0,0,0,0,0,0,0,0,0,0,0,0,0,0,0,0,0,0,0,0,0,0,0,0,0,0,0,0,0,0,0,0,0,0,0,0,0,0,0,0,0,0,0,0,0,0,0,0,0,0,0,0,0,0,0,0,0,0,0,0,0,0,0,0,0,0,0,0,0,0,0,0,0,0,0,0,0,0,0,0,0,0,0,0,0,0,0,0,0,0,0,0,0,0,3,0,2,0,0,0,0,0,0,0,0,0,0,0,0,0,0,0,0,0,0,0,0,0,0,0,0,0,0,0,0,0,0,0,0,0,0,0,0,0,2,0,0,0,0,0,1,0,0,0,2,0,2,0,0,0,0,0,0,0,2,3,0,0,14,0,0,0,0,0,0,0,0,2,2,2,19,2,44,0,7,4,0,4,0,0,0,2,0,0,0,0,0,2,0,0,2,0,0,0,0,0,0,0,0,0,0,1,5,2,0,4,4,0,4,1,0,0,0,0,1,0,0,4,3,1,0,0,2,1,0,0,12,2,0,6,6,0,0,0,0,2,0,0,0,0,2,0,0,0,0,0,0,0,0,0,0,0,0,2,0,0,1,0,2,0,0,0,0,7,0,0,0,0,0,0,0,0,0,0,0,0,4,0,0,0,0,0,0,0,0,0,0,0,0,0,0,0,0,3,0,0,2,0,0,0,0,0,0,0,6,0,0,0,0,8,0,0,1,0,0,0,8,0,4,0,0,0,0,26,2,0,0,0,2,0,0,0,0,0,0,0,0,0,0,0,0,0,0,0,0,0,0,0,0,0,0,0,0,0,0,0,0,0,0,0,2,0,0,0,0,0,4,0,26,2,0,0,1,0,1,0,0,0,0,0,0,0,0,141,0,0,0,9,0,0,0,0,0,0,3,8,0,0,2,0,0,0,0,0,0,1,0,0,5,2,0,2,0,0,12,0,1,0,0,0,0,0,0,0,0,117,0,0,0,0,0,2,0,0,0,0,0,0,0,0,0,0,0,0,0,0,0,0,0,0,0,0,0,0,0,0,0,0,0,0,0,0,0,0,0,0,0,0,0,0,0,0,0,0,0,0,0,0,0,0,0,0,0,0,0,0,0,0,0,0,1,0,0,0,0,2,0,0,2,0,0,0,0,4,3,4,0,0,0,0,0,0,0,0,0,0,0,0,0,2,0,0,0,0,0,0,3,0,0,0,0,0,0,0,0,0,0,0,0,0,0,0,0,0,0,0,0,0,0,0,5,0,1,0,0,0,0,0,0,0,0,0,0,0,0,0,0,0,0,0,0,0,0,0,0,0,0,0,0,0,0,1,0,0,0,0,0,0,0,0,0,0,0,0,0,0,0,0,0,0,0,0,0,0,0,0,0,0,0,0,0,0,0,0,0,0,0,0,0,0,0,0,0,0,0,4,0,0,0,0,0,0,0,0,0,0,0,0,0,0,0,0,0,0,0,0,0,0,0,0,0,0,0,0,0,2,0,0,0,0,0,0,0,0,0,0,0,0,0,0,0,0,0,0,3,0,0,0,0,0,2,0,1,0,0,0,0,0,0,0,0,1,1,0,0,0,0,0,0,0,0,0,4,0,2,0,0,0,0,0,0,0,0,0,0,0,0,0,0,1,1,1,0,0
,Bal Qty,0,0,0,0,0,0,0,0,0,0,9,25,0,24,0,0,6,16,36,29,6,2,125,0,8,0,111,13,2,21,4,2,0,0,0,0,12,0,2,1,0,0,0,0,4,0,0,0,0,0,1,0,1,0,0,0,15,0,0,0,1,0,0,0,0,0,0,0,0,0,0,6,0,0,0,0,0,0,0,1,0,4,0,0,0,0,0,0,0,3,0,0,3,0,0,2,0,0,0,0,0,0,0,0,3,0,0,3,0,0,1,0,0,0,0,0,0,0,0,1,1,0,0,0,0,1,0,2,0,6,2,0,1,0,0,0,0,0,1,0,0,0,0,3,2,0,0,4,2,1,0,2,0,0,3,4,4,0,3,0,0,0,0,1,4,2,30,3,20,0,0,7,0,0,0,0,0,2,1,1,4,4,0,0,0,0,1,0,0,1,1,0,0,0,0,1,1,1,19,0,0,0,0,2,0,0,0,0,0,0,0,0,0,0,0,0,0,0,0,0,1,0,0,2,1,0,0,0,0,1,1,2,0,0,0,0,2,0,0,1,0,0,0,2,0,0,0,0,1,5,1,0,0,0,0,81,8,0,0,0,8,0,0,11,1,0,0,0,0,0,1,1,0,0,0,0,0,0,0,0,0,0,0,0,0,0,0,1,0,4,4,2,4,8,0,2,2,8,0,11,9,0,0,3,4,18,0,4,5,0,1,7,0,0,0,0,0,0,0,0,0,0,0,0,0,0,8,10,2,4,0,6,1,0,0,0,22,11,0,1,0,2,6,0,0,0,0,37,4,48,3,0,0,2,0,0,0,12,21,0,0,21,0,23,11,59,3,2,6,11,4,18,38,65,39,11,0,115,50,3,95,68,7,0,0,0,6,10,2,5,2,2,1,23,0,0,1,0,5,0,25,1,4,2,8,8,0,0,4,6,4,6,9,1,4,2,4,9,3,4,80,2,3,0,3,2,0,0,4,10,4,0,27,26,0,0,0,0,0,0,9,0,6,17,2,0,0,0,0,11,0,0,0,1,0,2,8,0,1,11,1,1,10,2,11,4,9,0,0,2,0,0,0,0,0,0,-10,0,0,92,0,0,0,0,0,0,0,0,0,0,0,0,0,0,0,1,0,0,0,12,0,0,0,0,0,0,0,6,0,0,0,0,0,1,0,1,11,1,0,56,0,1,0,0,14,8,11,6,0,0,0,-4,0,0,0,0,0,1,0,0,0,0,0,0,0,0,0,0,3,0,0,0,0,0,1,0,1,0,0,0,40,5,2,35,0,2,0,0,2,88,0,104,29,2,0,24,3,1,5,3,31,2,0,0,0,0,557,0,0,0,11,0,0,0,1,0,0,3,49,0,2,13,1,0,1,0,0,42,0,23,0,31,1,0,2,0,0,4,3,4,0,3,2,1,1,0,0,0,0,1,7,0,0,0,9,0,1,21,1,0,9,0,0,0,0,13,0,1,0,0,10,0,0,0,0,4,13,0,0,0,0,0,0,21,4,0,0,0,0,0,0,0,0,4,0,0,4,0,0,10,0,0,0,0,0,0,9,0,0,0,0,0,0,3,0,0,2,23,17,0,2,2,1,1,10,18,2,8,13,0,4,10,21,0,0,0,0,0,0,29,1,0,4,0,0,7,0,4,0,6,0,0,0,0,0,4,0,2,0,0,2,11,4,0,0,1,2,0,0,0,0,1,0,38,0,0,0,0,0,0,0,0,0,0,0,0,9,0,12,6,0,1,0,0,6,0,0,8,0,4,0,1,3,0,0,0,5,0,5,0,2,1,0,0,6,2,1,22,14,0,0,0,0,1,18,8,6,0,0,9,0,7,0,14,0,0,3,0,0,0,0,0,0,0,0,0,2,4,11,0,1,10,0,0,8,0,0,0,0,2,0,3,0,4,6,30,0,0,1,0,0,0,0,0,284,0,0,0,1,3,0,0,0,7,6,2,2,1,1,0,0,3,2,5,4,4,6,13,0,0,2,2,0,12,0,14,0,0,0,0,0,1,0,2,6,7,0,0,0,0,0,2,14,0,16,4,0,8,2,2,3,0,6,2,0,0,6,1,0,0,0,0,1,2,3,0,0
Feb-25,Pur Qty,0,0,0,0,0,0,0,0,0,0,0,0,0,96,100,0,20,0,106,0,0,0,100,0,0,0,0,0,0,0,0,0,0,0,0,0,44,0,0,0,0,0,0,0,0,0,0,0,0,0,0,0,0,0,0,0,0,0,0,0,6,4,0,0,0,9,7,0,0,0,0,0,0,10,0,0,0,0,0,0,0,40,0,0,0,0,0,0,0,0,0,0,0,0,0,0,0,0,0,0,0,0,0,0,0,0,0,0,0,0,0,0,0,0,0,0,0,0,0,0,0,0,0,0,0,0,0,0,0,0,0,0,0,0,6,0,0,0,0,0,0,8,4,0,0,0,0,0,0,0,20,6,0,0,0,0,6,12,0,0,0,0,0,0,0,0,0,0,0,0,0,0,0,0,0,0,0,0,0,0,0,0,0,0,0,0,0,0,0,0,0,0,0,0,0,0,0,0,0,0,0,0,0,0,0,0,0,0,0,0,0,0,0,0,0,0,0,0,0,0,0,0,0,0,0,0,0,0,0,0,0,0,0,0,0,0,0,0,0,0,0,0,0,30,0,0,0,0,0,0,0,0,0,0,0,0,0,2,0,0,0,0,0,0,0,0,0,0,4,4,0,0,0,0,20,20,0,0,0,0,0,3,0,0,0,0,0,24,4,0,0,0,0,0,0,0,0,0,0,0,0,0,0,0,0,1,0,0,0,0,0,0,0,0,0,0,0,0,0,2,0,0,0,0,0,0,0,0,0,0,0,0,4,0,0,4,0,0,0,4,4,4,0,0,0,0,0,0,0,0,0,0,0,0,0,0,0,0,0,0,0,80,6,0,20,0,0,0,0,0,0,0,0,0,0,0,0,0,0,60,0,0,0,0,10,0,0,0,0,0,0,30,4,0,0,4,0,0,0,0,0,0,0,0,30,0,0,0,0,0,0,0,0,5,0,0,0,0,0,0,0,0,0,0,0,0,0,0,10,0,0,12,0,0,10,10,0,0,0,0,0,0,0,0,0,0,0,0,0,0,0,0,0,0,0,0,12,0,0,0,80,0,0,0,0,0,0,34,4,0,20,20,0,0,0,0,120,0,0,0,0,0,0,0,0,0,0,0,0,0,0,0,0,0,0,0,0,0,0,300,33,0,0,0,30,0,0,0,0,10,0,0,0,20,0,60,80,0,0,0,0,30,0,0,0,0,0,10,0,0,0,102,0,0,0,0,0,0,0,0,0,0,0,0,0,0,0,0,0,0,0,0,20,0,0,0,0,0,0,0,0,0,0,0,0,0,0,0,0,0,0,0,0,0,0,0,0,0,20,0,0,0,0,0,0,0,0,0,0,0,0,0,0,0,0,0,0,0,0,10,0,0,3,0,0,4,0,0,0,0,0,0,0,0,0,0,0,0,0,0,0,0,0,0,0,0,0,0,0,5,0,0,0,50,0,0,0,0,0,0,16,0,0,0,10,0,0,0,0,0,0,0,0,30,0,0,0,0,0,0,0,0,0,0,0,0,0,0,0,0,0,0,0,0,0,0,0,0,0,0,0,0,0,0,0,0,0,0,0,0,0,0,0,0,0,4,8,0,0,0,0,20,0,0,0,0,0,0,0,20,0,0,0,0,0,0,0,0,0,0,24,0,0,0,0,0,0,0,0,0,0,0,0,0,0,4,0,10,0,0,0,0,0,0,0,0,0,0,0,0,0,0,0,0,0,0,0,0,0,0,0,0,0,0,0,0,0,0,0,0,0,0,0,0,0,0,0,0,0,0,0,0,4,0,0,0,0,0,0,0,0,0,0,0,0,0,0,0,0,0,0,0,0,0,0,0,0,0,0,0,0,0,0,0,0,0,0,0,0,0,0,0,0,0,0,0,0,0,0,0,0,0,0,0,0,0,0,6,0,0,0,0,0,0,0,0,0,0,0,0,0,0,0,0,0,6,0,0,0,0,0,0,0,0,0,0,0,0,0,0,0,0,0,0,0,0,0,0,0,0,0,0,0,0,0,0,0,0,0,0,0,0,0,0,0,0,0,0,0,0,0,10,0,0,0,0,0,0,0,0,2,0,0,0,0,0,0,0,0,0,0,0,4,0,0,10,10
,Sal Qty,0,0,0,0,0,0,0,0,0,0,0,0,0,8,20,0,1,1,25,5,0,0,27,0,0,0,2,0,0,0,0,0,0,0,0,0,17,0,0,0,0,0,0,0,0,0,0,0,0,0,0,0,0,0,0,0,3,0,0,0,0,0,0,0,0,9,0,0,0,0,0,0,0,10,0,0,0,0,0,0,0,2,0,0,0,0,0,0,0,0,0,0,0,0,0,0,0,0,0,0,0,0,0,0,0,0,0,0,0,0,0,0,0,0,0,0,0,0,0,0,0,0,0,0,0,0,0,1,0,0,0,0,0,0,2,0,0,0,0,0,0,7,1,0,0,0,0,0,0,0,14,2,0,0,0,0,2,2,0,0,0,0,0,0,0,0,0,0,0,0,0,0,0,0,0,0,0,0,0,0,0,0,0,0,0,0,0,0,0,0,0,0,0,0,0,0,0,0,0,0,0,0,0,0,0,0,0,0,0,0,0,0,0,0,0,0,0,0,0,0,0,0,0,0,0,0,0,0,0,0,0,0,0,0,0,0,0,0,0,0,0,0,0,6,0,0,0,0,0,0,0,0,0,0,0,4,1,0,0,0,0,0,0,0,0,0,0,0,0,0,0,0,0,0,10,10,0,0,0,0,0,2,1,0,0,0,0,4,0,0,0,0,0,0,0,0,0,2,0,2,0,0,0,0,0,0,0,0,0,0,0,0,0,0,0,0,0,0,0,0,0,0,0,0,0,0,0,2,0,0,0,0,0,0,0,0,3,0,0,0,0,0,0,0,0,0,0,0,0,4,0,0,0,0,0,0,0,0,0,0,0,8,0,1,2,0,0,0,0,0,0,0,0,12,0,5,0,6,0,4,4,0,0,0,0,0,0,0,0,0,0,2,0,4,0,0,0,0,0,0,0,0,0,0,0,2,0,0,0,0,0,0,0,0,0,0,0,0,0,0,12,0,0,0,0,0,0,0,2,2,1,12,2,0,0,4,0,0,0,0,0,0,0,2,0,0,0,0,0,0,0,0,0,0,0,0,2,0,0,2,32,0,0,0,4,0,0,10,0,0,4,10,0,0,0,0,8,0,0,4,0,0,0,0,0,0,0,0,0,0,0,0,0,0,0,0,0,0,0,162,0,0,0,0,10,0,0,0,0,0,0,0,0,0,0,21,84,0,0,46,0,6,0,0,0,0,2,4,0,0,0,8,0,0,0,0,0,0,0,0,0,0,0,0,0,0,0,0,0,0,0,0,5,0,0,0,0,0,0,0,0,0,0,2,0,0,0,0,0,6,0,30,4,0,0,2,0,0,2,0,0,0,0,0,0,0,117,0,0,0,1,0,0,0,0,0,0,0,12,2,0,3,2,0,0,0,0,0,0,0,0,2,1,0,1,0,0,2,0,0,0,0,0,0,0,0,0,0,0,0,4,0,0,4,0,0,0,0,0,0,0,0,0,0,0,0,0,0,0,0,0,0,0,28,0,0,0,0,0,0,0,0,0,0,0,0,0,0,0,0,0,0,0,0,0,0,0,0,0,0,0,0,0,0,0,0,0,0,0,0,0,0,0,0,0,0,2,3,2,0,0,0,0,0,0,4,0,1,1,0,0,0,3,0,0,0,0,0,0,0,2,0,0,0,0,0,0,0,0,0,0,0,0,0,0,0,0,0,0,0,0,0,0,0,0,0,0,0,0,0,0,0,0,6,0,0,0,0,0,0,0,0,0,0,0,0,0,0,0,0,0,0,0,0,0,0,0,0,0,0,0,0,2,0,0,0,0,0,0,0,0,0,0,0,0,0,0,0,0,0,0,0,0,0,0,0,0,0,0,0,0,0,0,0,0,0,1,0,0,0,0,0,0,0,0,0,0,0,2,0,0,0,0,0,0,0,0,4,0,0,0,0,0,0,0,3,0,0,0,0,0,0,0,0,0,4,0,0,0,0,0,0,0,0,0,0,0,0,0,0,0,0,0,1,0,0,0,2,0,0,0,0,0,4,0,3,0,0,0,0,0,0,0,0,0,0,0,0,0,0,0,0,0,0,0,4,0,1,0,0,1,0,0,0,0,0,0,0,0,0,0,0,0,0,0,2,4
,Bal Qty,0,0,0,0,0,0,0,0,0,0,9,25,0,112,80,0,25,15,117,24,6,2,198,0,8,0,109,13,2,21,4,2,0,0,0,0,39,0,2,1,0,0,0,0,4,0,0,0,0,0,1,0,1,0,0,0,12,0,0,0,7,4,0,0,0,0,7,0,0,0,0,6,0,0,0,0,0,0,0,1,0,42,0,0,0,0,0,0,0,3,0,0,3,0,0,2,0,0,0,0,0,0,0,0,3,0,0,3,0,0,1,0,0,0,0,0,0,0,0,1,1,0,0,0,0,1,0,1,0,6,2,0,1,0,4,0,0,0,1,0,0,1,3,3,2,0,0,4,2,1,6,6,0,0,3,4,8,10,3,0,0,0,0,1,4,2,30,3,20,0,0,7,0,0,0,0,0,2,1,1,4,4,0,0,0,0,1,0,0,1,1,0,0,0,0,1,1,1,19,0,0,0,0,2,0,0,0,0,0,0,0,0,0,0,0,0,0,0,0,0,1,0,0,2,1,0,0,0,0,1,1,2,0,0,0,0,2,0,0,1,0,0,0,26,0,0,0,0,1,5,1,0,0,0,0,77,7,2,0,0,8,0,0,11,1,0,0,0,4,4,1,1,0,0,10,10,0,0,0,0,0,1,1,0,0,0,0,19,4,4,4,2,4,8,0,2,2,6,0,9,9,0,0,3,4,19,0,4,5,0,1,7,0,0,0,0,0,0,0,2,0,0,0,0,0,0,8,8,2,4,0,6,5,0,0,4,19,9,0,5,4,6,6,0,0,0,0,37,4,44,3,0,0,2,0,0,0,12,21,0,0,93,6,22,29,59,3,2,6,11,4,17,38,53,39,6,0,109,50,59,91,68,7,0,10,0,6,10,2,5,2,30,5,19,0,4,1,0,5,0,25,1,4,2,38,6,0,0,4,6,4,6,9,6,4,2,4,9,3,4,68,2,3,0,3,2,0,0,12,8,3,0,25,26,10,6,0,0,0,0,9,0,6,15,2,0,0,0,0,11,0,0,0,1,0,2,18,0,1,9,49,1,10,2,7,4,9,24,4,2,14,10,0,0,0,0,102,0,0,88,0,0,0,0,0,0,0,0,0,0,0,0,0,0,0,1,0,0,0,150,33,0,0,0,20,0,0,6,0,10,0,0,0,21,0,40,7,1,0,10,0,25,0,0,14,8,8,12,0,0,0,90,0,0,0,0,0,1,0,0,0,0,0,0,0,0,0,0,3,0,0,0,15,0,1,0,1,0,0,0,40,5,2,33,0,2,0,0,2,82,0,74,25,2,0,22,3,1,23,3,31,2,0,0,0,0,439,0,0,0,10,0,0,0,1,0,0,2,37,8,2,10,2,0,1,4,0,42,0,23,0,29,0,0,1,0,0,2,3,1,0,3,2,1,1,0,0,0,0,6,3,0,0,46,2,0,1,21,1,0,25,0,0,0,10,13,0,1,0,0,10,0,0,2,0,4,13,0,0,0,0,0,0,21,4,0,0,0,0,0,0,0,0,4,0,0,4,0,0,10,0,0,0,0,0,0,9,0,0,0,0,0,0,3,0,4,8,20,19,0,2,22,1,1,10,14,2,7,12,20,4,10,18,0,0,0,0,0,0,29,23,0,4,0,0,7,0,4,0,6,0,0,0,0,0,8,0,12,0,0,2,11,4,0,0,1,2,0,0,0,0,1,0,32,0,0,0,0,0,0,0,0,0,0,0,0,9,0,12,6,0,1,0,0,6,0,0,8,0,4,0,1,5,0,0,0,5,0,5,0,2,1,0,0,6,2,1,22,14,0,0,0,0,1,18,8,6,0,0,9,0,7,0,14,0,0,2,0,0,0,0,0,0,0,0,0,2,4,9,0,1,10,0,0,8,0,0,2,0,2,0,3,0,4,6,27,0,0,1,0,0,0,0,0,284,2,0,0,1,3,0,0,0,7,6,2,2,1,1,0,0,3,2,4,4,4,6,11,0,0,2,2,0,8,0,11,0,0,0,0,0,1,0,2,6,7,0,0,0,0,0,12,14,0,16,0,0,7,2,2,4,0,6,2,0,0,6,1,0,0,0,0,5,2,3,8,6
Mar-25,Pur Qty,0,0,0,0,0,0,0,0,0,0,0,0,0,0,0,0,0,0,0,0,0,0,0,0,0,0,0,0,0,0,0,0,0,0,0,0,0,0,0,0,0,0,0,0,0,0,0,0,0,0,0,0,0,0,0,0,0,0,0,0,0,0,0,0,0,0,0,0,0,0,0,0,0,0,0,0,0,0,0,0,0,0,0,0,0,0,0,0,0,0,0,0,0,0,0,0,0,0,0,0,0,0,0,0,0,0,0,0,0,0,0,0,0,0,0,0,0,0,0,0,0,0,0,0,0,0,0,0,0,0,0,0,0,0,0,0,0,0,0,0,0,0,0,0,0,0,0,0,0,0,0,0,0,0,0,0,0,0,0,0,0,0,0,0,0,0,0,0,0,0,0,0,0,0,0,0,0,0,0,0,0,0,0,0,0,0,0,0,0,0,0,0,0,0,0,0,0,0,0,0,0,0,0,0,0,0,0,0,0,0,0,0,0,0,0,0,0,0,0,0,0,0,0,0,0,0,0,0,0,0,0,0,0,0,0,0,0,0,0,0,0,0,0,0,0,0,0,0,0,0,0,0,0,0,0,0,0,0,0,0,0,0,0,0,0,0,0,0,0,0,0,0,0,0,0,0,0,0,0,0,0,0,0,0,0,0,0,0,0,0,0,0,0,0,0,0,0,0,0,0,0,0,0,0,0,0,0,0,0,0,0,0,0,0,0,0,0,0,0,0,0,0,0,0,0,0,0,0,0,0,0,0,0,0,0,0,0,0,0,0,0,0,0,0,0,0,0,0,0,0,0,0,0,0,0,0,0,0,0,0,0,0,0,0,0,0,0,0,0,0,0,0,0,0,0,0,0,0,0,0,0,0,0,0,0,0,0,0,0,0,0,0,0,0,0,0,0,0,0,0,0,0,0,0,0,0,0,0,0,0,0,0,0,0,0,0,0,0,0,0,0,0,0,0,0,0,0,0,0,0,0,2,0,0,0,0,0,0,0,0,0,0,0,0,0,0,0,0,0,0,0,0,0,0,0,0,0,0,0,0,0,0,0,0,0,0,0,0,0,0,6,0,0,0,0,0,0,0,0,0,0,0,0,0,0,0,0,0,0,0,0,0,0,0,0,0,0,0,0,0,0,0,0,0,0,0,0,0,0,0,0,0,0,0,0,0,0,0,0,0,0,0,0,0,0,0,0,0,0,0,0,0,0,0,0,0,0,0,0,0,0,0,0,0,0,0,0,0,0,0,0,0,0,0,0,0,0,0,0,0,0,0,0,0,0,0,0,0,0,0,0,0,0,0,0,0,0,0,0,0,0,0,0,0,0,0,0,0,0,0,0,0,0,0,0,0,0,0,0,0,0,0,0,0,0,0,0,0,0,0,0,0,0,0,0,0,0,0,0,0,0,0,0,0,0,0,0,0,0,0,0,0,0,0,0,0,0,0,0,0,0,0,0,0,0,0,0,0,0,0,0,0,0,0,0,0,0,0,0,0,0,0,0,0,0,0,0,0,0,0,0,0,0,0,0,0,0,0,0,0,0,0,0,0,0,0,0,0,0,0,0,0,0,0,0,0,0,0,0,0,0,0,0,0,0,0,0,0,0,0,0,0,0,0,0,0,0,0,0,0,0,0,0,0,0,0,0,0,0,0,0,0,0,0,0,0,0,0,0,0,0,0,0,0,0,0,0,0,0,0,0,0,0,0,0,0,0,0,0,0,0,0,0,0,0,0,0,0,0,0,0,0,0,0,0,0,0,0,0,0,0,0,0,0,0,0,0,0,0,0,0,0,0,0,0,0,0,0,0,0,0,0,0,0,0,0,0,0,0,0,0,0,0,0,0,0,0,0,0,0,0,0,0,0,0,0,0,0,0,0,0,0,0,0,0,0,0,0,0,0,0,0,0,0,0,0,0,0,0,0,0,0,0,0,0,0,0,0,0,0,0,0,0,0,0,0,0,0,0,0,0,0,0,0,0,0,0,0,0,0,0,0,0,19,0,19,0,0,0,0,0,0,0,0,0,0,0,0,0,0,0,0,0,0,0,0,0,0,0,0,0,0,0,0,0,0,0,0,0,0,0,0,0,0,0,0,0
,Sal Qty,0,0,0,0,0,0,0,0,0,0,0,0,0,2,20,0,0,0,13,7,0,0,50,0,2,0,6,0,0,0,1,0,0,0,0,0,16,0,0,0,0,0,0,0,0,0,0,0,0,0,0,0,0,0,0,0,5,0,0,0,0,0,0,0,0,0,2,0,1,0,0,0,0,0,0,0,0,0,0,0,0,1,2,0,0,0,0,0,0,0,0,0,0,0,0,0,0,0,0,0,0,0,0,0,0,0,0,0,0,0,0,0,0,0,0,0,0,0,0,0,0,0,0,0,0,0,0,1,0,0,0,0,0,0,1,0,0,0,0,0,0,1,0,0,0,0,0,0,0,0,6,0,0,0,0,0,1,3,0,0,0,0,0,0,0,0,0,0,0,0,0,0,0,0,0,0,0,0,0,0,0,0,0,0,0,0,1,0,0,0,0,0,0,0,0,0,0,0,0,0,0,0,0,0,0,0,0,0,0,0,0,0,0,0,0,0,0,0,0,0,0,0,0,0,0,0,0,0,0,0,0,0,0,0,0,0,0,0,0,0,0,0,0,2,0,0,0,0,0,0,0,0,0,0,0,4,2,2,0,0,0,0,0,0,0,0,0,0,0,0,0,0,0,0,2,2,0,0,0,0,0,0,0,0,0,0,0,6,0,0,0,0,0,1,0,0,0,2,0,2,0,0,0,0,0,0,0,0,0,0,0,0,0,0,0,0,0,0,0,0,0,0,0,0,0,0,0,2,0,0,0,0,0,0,0,0,2,4,0,0,0,0,0,0,0,0,0,0,2,1,0,0,0,0,0,0,0,2,0,0,0,0,0,1,1,0,0,0,0,0,0,0,2,10,0,3,0,2,2,4,4,0,1,0,6,0,2,0,0,0,2,2,0,3,0,0,0,0,0,0,0,0,0,0,0,0,0,0,0,0,0,4,0,0,0,0,0,0,0,0,8,0,0,0,0,1,0,0,0,0,1,1,2,2,0,2,0,0,0,0,0,0,0,0,0,0,0,0,0,0,0,0,0,0,0,0,1,0,0,0,14,0,0,0,0,0,2,2,0,0,10,5,0,0,0,0,42,0,0,2,0,0,0,0,0,0,0,0,0,0,0,0,0,0,0,0,0,0,0,15,30,0,0,0,0,0,0,0,0,0,0,0,0,0,0,6,6,0,0,4,0,4,0,0,0,0,0,0,0,0,0,2,0,0,0,0,0,0,0,0,0,0,0,0,0,0,0,0,0,0,0,0,8,0,0,0,0,0,0,0,0,0,0,4,0,0,0,0,0,0,0,24,6,0,0,7,0,0,10,0,0,0,0,0,0,0,135,0,0,0,0,0,0,0,0,0,0,1,14,7,0,3,2,0,0,0,0,1,0,1,0,0,0,0,0,0,0,1,2,0,0,0,0,0,0,0,0,0,0,0,0,0,0,6,0,0,0,0,0,0,0,0,0,0,0,0,0,0,0,0,0,0,0,2,0,0,0,0,0,0,0,0,0,0,0,0,0,0,0,0,0,0,0,0,0,0,0,0,0,0,0,0,0,0,0,0,0,0,0,0,0,0,0,0,0,2,2,0,2,0,0,4,0,0,2,0,0,0,0,0,0,0,4,0,0,0,0,0,0,0,3,0,0,0,0,0,0,0,0,2,0,0,0,0,0,4,0,0,0,0,0,0,0,0,0,0,0,0,0,0,0,0,0,5,0,0,0,0,0,0,0,0,0,0,0,0,0,0,0,0,0,0,0,0,0,0,0,0,0,0,0,0,2,0,0,0,0,0,0,0,0,0,0,0,0,0,0,0,0,0,0,0,0,0,0,0,0,0,0,0,0,0,0,0,0,0,0,0,0,0,0,0,0,0,0,0,0,0,0,0,0,0,0,0,0,0,0,0,0,0,0,0,0,0,0,0,0,0,0,0,0,0,0,0,0,2,0,0,1,0,0,0,0,0,0,0,0,0,0,0,0,0,0,0,0,0,0,2,0,0,0,0,0,5,0,5,0,0,0,0,0,0,0,0,0,0,0,0,0,0,0,0,2,0,0,0,0,0,0,0,0,0,0,0,0,0,0,0,0,0,0,0,3,0,0,6,0
,Bal Qty,0,0,0,0,0,0,0,0,0,0,9,25,0,110,60,0,25,15,104,17,6,2,148,0,6,0,103,13,2,21,3,2,0,0,0,0,23,0,2,1,0,0,0,0,4,0,0,0,0,0,1,0,1,0,0,0,7,0,0,0,7,4,0,0,0,0,5,0,2,0,0,6,0,0,0,0,0,0,0,1,0,41,0,0,0,0,0,0,0,3,0,0,3,0,0,2,0,0,0,0,0,0,0,0,3,0,0,3,0,0,1,0,0,0,0,0,0,0,0,1,1,0,0,0,0,1,0,0,0,6,2,0,1,0,3,0,0,0,1,0,0,0,3,3,2,0,0,4,2,1,0,6,0,0,3,4,7,7,3,0,0,0,0,1,4,2,30,3,20,0,0,7,0,0,0,0,0,2,1,1,4,4,0,0,0,0,0,0,0,1,1,0,0,0,0,1,1,1,19,0,0,0,0,2,0,0,0,0,0,0,0,0,0,0,0,0,0,0,0,0,1,0,0,2,1,0,0,0,0,1,1,2,0,0,0,0,2,0,0,1,0,0,0,24,0,0,0,0,1,5,1,0,0,0,0,73,5,0,0,0,8,0,0,11,1,0,0,0,4,4,1,1,0,0,8,8,0,0,0,0,0,1,1,0,0,0,0,13,4,4,4,2,4,7,0,2,2,4,0,7,9,0,0,3,4,19,0,4,5,0,1,7,0,0,0,0,0,0,0,2,0,0,0,0,0,0,8,6,2,4,0,6,5,0,0,4,17,5,0,5,4,6,6,0,0,0,0,37,2,43,3,0,0,2,0,0,0,10,21,0,0,93,6,21,28,59,3,2,6,11,4,17,36,43,39,3,0,107,48,55,87,68,6,0,4,0,4,10,2,5,0,28,5,16,0,4,1,0,5,0,25,1,4,2,38,6,0,0,4,6,4,2,9,6,4,2,4,9,3,4,60,2,3,0,3,1,0,0,12,8,2,1,23,24,10,4,0,0,0,0,9,0,6,15,2,0,0,0,0,11,0,0,0,1,0,2,17,0,1,9,35,1,10,2,7,4,7,22,4,2,9,5,0,0,0,0,60,0,0,86,0,0,0,0,0,0,0,0,0,0,0,0,0,0,0,1,0,0,0,135,3,0,0,0,20,0,0,6,0,10,0,0,0,21,0,34,11,1,0,6,0,21,0,0,14,8,8,12,0,0,0,78,0,0,0,0,0,1,0,0,0,0,0,0,0,0,0,0,3,0,0,0,7,0,1,0,1,0,0,0,40,5,2,29,0,2,0,0,2,82,0,50,19,2,0,15,3,1,13,3,31,2,0,0,0,0,304,0,0,0,10,0,0,0,1,0,0,1,23,1,2,7,0,0,1,4,0,41,0,22,0,29,0,0,1,0,0,2,1,1,0,3,2,1,1,0,0,0,0,6,3,0,0,40,2,0,1,21,1,0,25,0,0,0,10,13,0,1,0,0,10,0,0,0,0,4,13,0,0,0,0,0,0,21,4,0,0,0,0,0,0,0,0,4,0,0,4,0,0,10,0,0,0,0,0,0,9,0,0,0,0,0,0,3,0,2,6,20,17,0,2,18,1,1,8,14,2,7,12,20,4,10,14,0,0,0,0,0,0,29,20,0,4,0,0,7,0,4,0,4,0,0,0,0,0,4,0,12,0,0,2,11,4,0,0,1,2,0,0,0,0,1,0,27,0,0,0,0,0,0,0,0,0,0,0,0,9,0,12,6,0,1,0,0,6,0,0,8,0,4,0,1,3,0,0,0,5,1,5,0,2,1,0,0,6,2,1,22,14,0,0,0,0,1,18,8,6,0,0,9,0,7,0,14,0,0,2,0,0,0,0,0,0,0,0,0,2,4,9,0,1,10,0,0,8,0,0,2,0,2,0,3,0,4,6,27,0,0,1,0,0,0,0,0,284,0,0,0,0,3,0,0,0,7,6,2,2,1,1,0,0,3,2,4,4,4,6,9,0,0,2,2,0,22,0,25,0,0,0,0,0,1,0,2,6,7,0,0,0,0,0,12,12,0,16,0,0,7,2,2,4,0,6,2,0,0,6,1,0,0,0,0,2,2,3,2,6
Apr-25,Pur Qty,0,0,0,0,0,0,0,0,0,0,0,0,0,0,0,0,0,0,0,0,0,0,0,0,0,0,0,0,0,0,0,0,0,0,0,0,0,0,0,0,0,0,0,0,0,0,0,0,0,0,0,0,0,0,0,0,0,0,0,0,0,0,0,0,0,0,0,0,0,0,0,0,0,0,0,0,0,0,0,0,0,0,0,0,0,0,0,0,0,0,0,0,0,0,0,0,0,0,0,0,0,0,0,0,0,0,0,0,0,0,0,0,0,0,0,0,0,0,0,0,0,0,0,0,0,0,0,0,0,0,0,0,0,0,0,0,0,0,0,0,0,0,0,0,0,0,0,0,0,0,0,0,0,0,0,0,0,0,0,0,0,0,0,0,0,0,0,0,0,0,0,0,0,0,0,0,0,0,0,0,0,0,0,0,0,0,0,0,0,0,0,0,0,0,0,0,0,0,0,0,0,0,0,0,0,0,0,0,0,0,0,0,0,0,0,0,0,0,0,0,0,0,0,0,0,0,0,0,0,0,0,0,0,0,0,0,0,0,0,0,0,0,0,0,0,0,0,0,0,0,0,0,0,0,0,0,0,0,0,0,0,0,0,0,0,0,0,0,0,0,0,0,0,0,0,0,0,0,0,0,0,0,0,0,0,0,0,0,0,0,0,0,0,0,0,0,0,0,0,0,0,0,0,0,0,0,0,0,0,0,0,0,0,0,0,0,0,0,0,0,0,0,0,0,0,0,0,0,0,0,0,0,0,0,0,0,0,0,0,0,0,0,0,0,0,0,0,0,0,0,0,0,0,0,0,0,0,0,0,0,0,0,0,0,0,0,0,0,0,0,0,0,0,0,0,0,0,0,0,0,0,0,0,0,0,0,0,0,0,0,0,0,0,0,0,0,0,0,0,0,0,0,0,0,0,0,0,0,0,0,0,0,0,0,0,0,0,0,0,0,0,0,0,0,0,0,0,0,0,0,0,0,0,0,0,0,0,0,0,0,0,0,0,0,0,0,0,0,0,0,0,0,0,0,0,0,0,0,0,0,0,0,0,0,0,0,0,0,0,0,0,0,0,0,0,0,0,0,0,0,0,0,0,0,0,0,0,0,0,0,0,0,0,0,0,0,0,0,0,0,0,0,0,0,0,0,0,0,0,0,0,0,0,0,0,0,0,0,0,0,0,0,0,0,0,0,0,0,0,0,0,0,0,0,0,0,0,0,0,0,0,0,0,0,0,0,0,0,0,0,0,0,0,0,0,0,0,0,0,0,0,0,0,0,0,0,0,0,0,0,0,0,0,0,0,0,0,0,0,0,0,0,0,0,0,0,0,0,0,0,0,0,0,0,0,0,0,0,0,0,0,0,0,0,0,0,0,0,0,0,0,0,0,0,0,0,0,0,0,0,0,0,0,0,0,0,0,0,14,0,0,0,0,0,0,0,0,0,0,0,0,0,0,0,0,0,0,0,0,0,0,0,0,0,0,0,0,0,0,0,0,0,0,0,0,0,0,0,0,0,0,0,0,0,0,0,0,0,0,0,0,0,0,0,0,0,0,0,0,0,0,0,0,0,0,0,0,0,0,0,0,0,0,0,0,0,0,0,0,0,0,0,0,0,0,0,0,0,0,0,0,0,0,0,0,0,0,0,0,0,0,0,0,0,0,0,0,0,0,0,0,0,0,0,0,0,0,0,0,0,0,0,0,0,0,0,0,0,0,0,0,0,0,0,0,0,0,0,0,0,0,0,0,0,0,0,0,0,0,0,0,0,0,0,0,0,0,0,0,0,0,0,0,0,0,0,0,0,0,0,0,0,0,0,0,0,0,0,0,0,0,0,0,0,0,0,0,0,0,0,0,0,0,0,0,0,0,0,0,0,0,0,0,0,0,0,0,0,0,0,0,0,0,0,0,0,0,0,0,0,0,0,0,0,0,0,0,0,0,0,0,0,0,0,0,0,0,0,0,0,0,0,0,0,0,0,0,0,0,0,0,0,0,0,0,0,0,0,0,0,0,0,0,0,0,0,0,0,0,0,0,0,0,0,0,0,0,0,0,0,0,0,0,0,0,0,0,0,0,0,0,0,0,0,0,0,0
,Sal Qty,0,0,0,0,0,0,0,0,0,0,0,0,0,8,38,0,4,0,16,6,0,0,13,0,0,0,2,0,0,0,0,0,0,0,0,0,10,0,0,0,0,0,0,0,0,0,0,0,0,0,0,0,0,0,0,0,4,0,0,0,1,1,0,0,0,0,2,0,0,0,0,1,0,0,0,0,0,0,0,0,0,3,0,0,0,0,0,0,0,0,0,0,0,0,0,0,0,0,0,0,0,0,0,0,0,0,0,0,0,0,0,0,0,0,0,0,0,0,0,0,0,0,0,0,0,0,0,0,0,2,0,0,0,0,3,0,0,0,0,0,0,0,0,0,0,0,0,0,0,0,0,0,0,0,0,0,1,1,0,0,0,0,0,0,0,0,0,0,0,0,0,0,0,0,0,0,0,0,0,0,0,0,0,0,0,0,0,0,0,0,0,0,0,0,0,0,0,0,0,0,0,0,0,0,0,0,0,0,0,0,0,0,0,0,0,0,0,0,0,0,0,0,0,0,0,0,0,0,0,0,0,0,0,0,0,0,0,0,0,0,0,0,0,2,0,0,0,0,0,0,0,0,0,0,0,3,0,0,0,0,0,0,0,0,0,0,0,0,0,0,0,0,0,0,6,6,0,0,0,0,0,0,0,0,0,0,0,2,0,0,0,0,0,0,0,0,0,2,0,0,0,0,0,0,0,2,0,0,0,0,0,0,0,0,0,0,0,0,0,0,0,0,0,0,0,0,0,0,0,0,0,0,1,0,0,0,2,0,0,0,0,0,0,0,0,0,0,0,0,0,0,0,0,0,0,0,0,4,0,0,0,4,0,0,5,0,0,0,0,0,0,0,2,21,0,1,0,6,6,11,11,6,1,0,0,0,4,0,0,0,0,4,0,1,0,1,0,0,0,0,0,0,0,0,3,3,0,0,0,0,0,0,1,0,0,0,0,0,0,1,21,0,0,0,0,0,0,0,2,8,0,0,0,0,0,4,0,0,0,0,1,0,0,2,0,0,0,0,0,0,0,0,0,0,0,0,2,0,0,3,12,0,0,0,0,0,2,2,0,0,0,2,0,0,0,0,2,0,0,6,0,0,0,0,0,0,0,0,0,0,0,0,0,0,0,0,1,0,0,34,2,0,0,0,10,0,0,3,0,4,0,0,0,0,0,6,10,0,0,2,0,3,0,0,0,0,0,0,0,0,0,12,0,0,0,0,0,0,0,0,0,0,0,0,0,0,0,0,0,0,0,0,5,0,0,0,0,0,0,0,0,0,0,0,0,0,0,0,0,2,0,26,0,0,0,3,0,0,0,0,0,0,0,0,0,0,118,0,0,0,9,0,0,0,0,0,0,0,0,1,0,1,0,0,0,0,0,1,0,0,0,2,0,0,0,0,0,1,1,0,0,0,0,0,0,0,0,0,6,0,0,0,0,2,0,0,0,0,0,0,1,0,0,0,0,0,0,0,0,0,0,0,0,0,0,0,0,0,0,0,0,0,0,0,0,0,0,0,0,0,0,0,0,0,0,0,0,0,0,0,0,0,0,0,0,0,0,0,0,0,0,0,0,0,0,1,0,0,4,0,0,0,0,0,0,2,0,0,0,0,0,0,0,0,0,0,0,0,0,0,0,0,0,0,0,0,0,0,0,4,0,0,0,0,0,3,0,0,0,0,0,0,0,0,0,0,0,0,0,0,0,0,0,1,0,0,0,0,0,0,0,0,0,0,0,0,0,0,0,0,0,0,0,0,2,0,0,2,0,0,0,0,0,0,0,0,0,0,0,0,0,0,0,0,0,0,0,0,0,0,0,0,0,0,0,0,0,0,0,0,0,0,0,0,0,0,0,0,0,0,0,0,0,0,0,0,0,0,2,0,0,0,0,0,0,0,0,0,0,0,0,0,0,1,0,0,0,0,0,0,0,0,0,0,0,0,0,0,0,0,0,0,0,0,0,0,0,0,0,0,0,0,0,0,0,0,0,2,0,0,0,0,0,3,0,4,0,0,0,0,0,0,0,0,0,0,0,0,0,0,0,0,0,0,0,0,0,2,0,0,0,0,0,0,0,0,0,0,0,0,0,0,0,0,0,2,2
,Bal Qty,0,0,0,0,0,0,0,0,0,0,9,25,0,102,22,0,21,15,88,11,6,2,135,0,6,0,101,13,2,21,3,2,0,0,0,0,13,0,2,1,0,0,0,0,4,0,0,0,0,0,1,0,1,0,0,0,3,0,0,0,6,3,0,0,0,0,3,0,2,0,0,5,0,0,0,0,0,0,0,1,0,38,0,0,0,0,0,0,0,3,0,0,3,0,0,2,0,0,0,0,0,0,0,0,3,0,0,3,0,0,1,0,0,0,0,0,0,0,0,1,1,0,0,0,0,1,0,0,0,4,2,0,1,0,0,0,0,0,1,0,0,0,3,3,2,0,0,4,2,1,0,6,0,0,3,4,6,6,3,0,0,0,0,1,4,2,30,3,20,0,0,7,0,0,0,0,0,2,1,1,4,4,0,0,0,0,0,0,0,1,1,0,0,0,0,1,1,1,19,0,0,0,0,2,0,0,0,0,0,0,0,0,0,0,0,0,0,0,0,0,1,0,0,2,1,0,0,0,0,1,1,2,0,0,0,0,2,0,0,1,0,0,0,22,0,0,0,0,1,5,1,0,0,0,0,70,5,0,0,0,8,0,0,11,1,0,0,0,4,4,1,1,0,0,2,2,0,0,0,0,0,1,1,0,0,0,0,11,4,4,4,2,4,7,0,2,2,2,0,7,9,0,0,3,4,17,0,4,5,0,1,7,0,0,0,0,0,0,0,2,0,0,0,0,0,0,8,6,2,4,0,6,4,0,0,4,15,5,0,5,4,6,6,0,0,0,0,37,2,43,3,0,0,2,0,0,0,6,21,0,0,89,6,21,23,59,3,2,6,11,4,17,34,17,39,2,0,101,42,44,76,62,5,0,4,0,0,10,2,5,0,24,5,15,0,3,1,0,5,0,25,1,4,2,35,3,0,0,4,6,4,2,8,6,4,2,4,9,3,3,39,2,3,0,3,1,0,0,10,0,2,1,23,24,10,0,0,0,0,0,8,0,6,13,2,0,0,0,0,11,0,0,0,1,0,2,15,0,1,6,23,1,10,2,7,4,5,20,4,2,7,3,0,0,0,0,58,0,0,80,0,0,0,0,0,0,0,0,0,0,0,0,0,0,0,1,1,0,0,101,1,0,0,0,10,0,0,3,0,6,0,0,0,21,0,28,1,1,0,4,0,18,0,0,14,8,8,12,0,0,0,66,0,0,0,0,0,1,0,0,0,0,0,0,0,0,0,0,3,0,0,0,2,0,1,0,1,0,0,0,40,5,2,29,0,2,0,0,2,80,0,22,19,2,0,12,3,1,13,3,31,2,0,0,0,0,186,0,0,0,1,0,0,0,1,0,0,1,23,0,2,6,0,0,1,4,0,40,0,22,0,27,0,0,1,0,0,1,0,1,0,3,2,1,1,0,0,0,8,6,3,0,0,38,2,0,1,21,1,0,24,0,0,0,10,13,0,1,0,0,10,0,0,0,0,4,13,0,0,0,0,0,0,21,4,0,0,0,0,0,0,0,0,4,0,0,4,0,0,10,0,0,0,0,0,0,9,0,0,0,0,0,0,3,0,1,6,20,13,0,2,18,1,1,8,12,2,7,12,20,4,10,14,0,0,0,0,0,0,29,20,0,4,0,0,7,0,4,0,0,0,0,0,0,0,1,0,12,0,0,2,11,4,0,0,1,2,0,0,0,0,1,0,26,0,0,0,0,0,0,0,0,0,0,0,0,9,0,12,6,0,1,0,0,4,0,0,6,0,4,0,1,3,0,0,0,5,1,5,0,2,1,0,0,6,2,1,22,14,0,0,0,0,1,18,8,6,0,0,9,0,7,0,14,0,0,2,0,0,0,0,0,0,0,0,0,2,4,7,0,1,10,0,0,8,0,0,2,0,2,0,3,0,3,6,27,0,0,1,0,0,0,0,0,284,0,0,0,0,3,0,0,0,7,6,2,2,1,1,0,0,3,2,4,4,4,6,7,0,0,2,2,0,19,0,21,0,0,0,0,0,1,0,2,6,7,0,0,0,0,0,12,12,0,16,0,0,5,2,2,4,0,6,2,0,0,6,1,0,0,0,0,2,2,3,0,4
May-25,Pur Qty,0,0,0,0,0,0,0,10,0,0,0,0,0,0,250,0,0,0,100,25,0,0,0,25,0,0,0,0,0,0,0,0,0,10,0,0,0,0,0,0,0,0,0,0,0,0,0,0,0,0,0,0,0,10,0,2,0,9,0,0,0,0,0,0,0,1,11,0,0,0,0,0,0,0,0,0,0,0,0,0,0,0,0,0,10,4,6,0,0,0,0,0,0,0,0,0,0,0,0,0,0,0,0,0,0,0,0,0,0,0,0,0,0,0,0,0,0,0,0,0,0,0,0,0,0,2,0,0,0,0,0,0,0,0,0,0,0,0,0,0,0,4,10,0,0,0,0,0,0,0,0,0,0,0,0,0,2,0,0,0,0,0,0,0,0,0,0,0,0,0,0,0,0,0,0,0,0,0,0,0,0,0,0,0,0,0,0,0,0,0,0,0,0,0,0,0,0,0,0,0,0,0,0,0,0,0,0,0,0,0,0,0,0,0,0,0,0,0,0,0,0,0,0,0,0,0,0,0,0,0,0,0,0,0,0,0,0,0,0,0,0,0,0,0,0,0,0,0,0,0,0,0,0,2,0,0,0,0,0,0,0,0,0,0,0,0,0,0,0,0,0,0,0,0,0,0,0,0,0,0,0,0,30,0,0,0,0,0,0,0,0,0,0,0,0,0,0,24,0,0,0,0,0,0,0,28,6,0,0,0,0,0,0,0,0,0,0,0,0,0,0,0,0,0,0,0,0,0,0,0,0,0,0,0,0,0,0,0,0,0,0,0,0,0,4,0,0,0,0,0,0,0,0,0,0,0,0,40,0,0,0,0,0,0,0,0,0,0,0,0,10,0,0,160,0,230,0,0,40,20,0,0,0,0,20,0,0,0,0,0,0,0,0,30,0,0,0,0,0,0,0,0,0,0,0,0,0,0,2,0,0,0,0,0,0,10,0,0,0,0,0,0,0,0,0,0,20,0,0,0,0,14,0,0,0,0,0,4,0,4,0,4,0,0,0,0,0,0,0,0,0,0,0,0,0,0,0,0,0,0,0,0,0,0,0,0,17,0,0,0,0,0,0,0,20,0,150,0,50,0,0,0,0,0,0,20,0,0,0,0,0,0,0,0,0,0,0,0,0,200,0,0,0,22,0,0,0,106,0,0,0,40,50,0,0,73,0,0,0,200,0,36,0,0,0,0,0,0,0,0,0,0,0,0,0,0,0,0,0,0,0,0,0,0,0,0,0,0,0,0,0,0,0,0,0,0,0,0,0,0,0,0,0,0,0,0,0,0,0,0,0,0,0,0,0,30,0,0,0,0,0,0,0,0,0,0,1200,0,0,0,50,0,0,0,0,0,0,50,0,0,0,0,0,0,0,0,0,0,16,0,0,0,60,0,10,0,0,0,0,923,0,0,0,0,0,0,0,0,544,0,40,0,0,0,0,0,2,0,4,0,0,0,0,0,0,0,0,0,0,0,0,0,0,20,0,0,0,0,0,0,0,0,0,0,0,0,0,0,0,0,0,0,0,0,0,0,0,0,0,0,0,0,0,0,0,0,0,0,0,0,0,0,0,0,0,0,0,0,0,0,0,0,0,0,0,0,0,0,0,0,0,0,0,0,0,0,0,0,0,0,0,0,0,0,0,0,0,0,0,0,0,0,0,0,0,0,0,0,0,0,0,0,0,0,0,6,0,0,0,0,0,10,0,0,0,0,0,0,0,0,0,0,0,0,0,0,0,0,0,0,0,0,0,0,0,0,0,0,0,0,0,0,0,0,0,0,0,0,0,0,0,0,0,0,0,0,0,0,0,0,0,0,0,0,0,0,0,0,0,0,0,0,0,0,0,0,0,0,0,0,0,0,0,0,0,0,0,0,0,0,0,0,0,0,0,0,0,0,0,0,0,0,0,0,0,0,0,0,0,0,0,0,0,0,0,0,0,0,0,0,0,0,0,0,0,0,0,0,0,0,0,4,6,0,0,0,0,0,0,0,0,0,0,0,0,0,0,0,0,0,3,0,0,0,0,0,0,0,1,1,2,0,12,0,0,0,2,0,0,0,0,0,0,0,0,0,0,0,0,0,0,0,0,0,0,0,0
,Sal Qty,0,0,0,0,0,0,0,0,0,0,0,0,0,4,21,0,3,0,2,0,0,0,47,0,0,0,0,1,0,0,0,0,0,10,0,0,4,0,0,0,0,0,0,0,0,0,0,0,0,0,0,0,0,0,0,0,1,2,0,0,0,2,0,0,0,1,3,0,0,0,0,0,0,0,0,0,0,0,0,0,0,1,0,0,0,0,0,0,0,0,0,0,0,0,0,0,0,0,0,0,0,0,0,0,0,0,0,0,0,0,0,0,0,0,0,0,0,0,0,0,0,0,0,0,0,1,0,0,0,0,0,0,0,0,0,0,0,0,0,0,0,0,6,0,0,0,0,0,0,0,0,6,0,0,0,0,6,6,0,0,0,0,0,0,0,0,0,0,0,0,0,0,0,0,0,0,0,0,0,0,0,0,0,0,0,0,0,0,0,0,0,0,0,0,0,0,0,0,0,0,0,0,0,0,0,0,0,0,0,0,0,0,0,0,0,0,0,0,0,0,0,0,0,0,0,0,0,0,0,0,0,0,0,0,0,0,0,0,0,0,0,0,0,4,0,0,0,0,0,0,0,0,0,0,0,2,0,1,0,0,0,0,0,0,0,0,0,0,0,0,0,0,0,0,2,2,0,0,0,0,0,0,30,0,0,0,0,5,0,0,0,0,0,0,0,0,0,1,0,0,2,0,0,0,0,0,0,0,0,0,0,0,0,0,0,0,0,0,0,0,0,0,0,0,0,0,0,5,0,0,0,0,0,0,0,0,0,0,0,0,0,0,2,0,0,0,0,0,0,0,0,0,0,0,0,0,0,4,2,0,0,11,0,1,0,0,0,0,0,0,0,0,2,0,0,8,0,3,2,4,4,2,0,0,8,0,0,0,0,0,0,8,0,3,0,2,0,0,2,0,0,0,0,0,1,2,0,0,2,0,0,0,0,0,0,2,0,0,1,0,2,0,0,0,0,0,0,0,2,0,0,2,2,2,0,0,0,0,0,0,0,0,1,1,0,0,0,0,0,0,0,0,0,0,0,0,0,0,0,1,11,0,0,0,0,0,3,4,0,0,0,2,0,0,0,0,8,0,0,6,0,0,0,0,0,12,0,0,0,0,0,0,0,0,0,0,1,0,0,39,0,0,0,4,10,0,0,5,0,4,0,6,8,4,0,5,0,0,0,0,0,8,0,0,0,0,6,0,0,0,0,10,0,0,0,0,0,0,0,0,0,0,0,0,0,0,0,0,0,0,0,0,1,0,0,0,0,0,0,0,0,0,0,0,0,0,0,0,0,0,0,13,4,1,0,7,0,0,6,0,0,0,0,0,0,0,102,0,0,0,4,0,0,0,0,0,0,5,7,0,0,4,0,0,0,2,0,1,0,2,0,0,1,0,0,0,0,0,0,221,0,0,0,0,0,0,0,0,42,2,8,0,0,10,0,0,0,2,0,0,1,0,0,0,0,0,0,0,0,0,0,0,0,11,0,0,0,0,0,0,0,0,0,0,0,0,0,0,0,0,0,0,0,0,0,0,0,0,0,0,0,0,0,0,0,0,0,0,0,0,0,0,0,0,0,0,0,0,2,0,0,0,0,0,0,2,0,3,3,0,0,0,0,0,0,0,0,0,0,0,0,0,0,0,0,1,0,0,0,0,0,0,0,0,0,0,0,0,0,0,0,0,0,0,0,0,0,0,0,0,0,0,0,3,0,0,0,0,0,0,0,0,0,0,0,0,2,0,0,0,0,0,0,0,0,0,0,0,0,0,0,0,0,0,0,0,0,0,0,0,0,0,0,0,0,0,0,0,0,0,0,0,0,0,0,0,0,0,0,0,0,0,0,0,0,0,0,0,0,0,0,0,0,0,0,0,0,0,0,0,0,0,0,0,0,0,0,0,0,0,0,0,0,0,0,2,0,0,0,0,0,0,0,0,0,0,0,0,0,0,0,0,0,2,2,0,0,0,0,0,0,0,0,0,0,0,0,3,0,0,1,1,0,4,0,4,0,0,0,0,0,1,0,0,0,0,0,0,0,0,0,0,2,0,0,0,0,0,0,0,2,0,0,0,0,0,0,0,0,0,0,0,0,1,1,0,2
,Bal Qty,0,0,0,0,0,0,0,10,0,0,9,25,0,98,251,0,18,15,186,36,6,2,88,25,6,0,101,12,2,21,3,2,0,0,0,0,9,0,2,1,0,0,0,0,4,0,0,0,0,0,1,0,1,10,0,2,2,7,0,0,6,1,0,0,0,0,11,0,2,0,0,5,0,0,0,0,0,0,0,1,0,37,0,0,10,4,6,0,0,3,0,0,3,0,0,2,0,0,0,0,0,0,0,0,3,0,0,3,0,0,1,0,0,0,0,0,0,0,0,1,1,0,0,0,0,2,0,0,0,4,2,0,1,0,0,0,0,0,1,0,0,4,7,3,2,0,0,4,2,1,0,0,0,0,3,4,2,0,3,0,0,0,0,1,4,2,30,3,20,0,0,7,0,0,0,0,0,2,1,1,4,4,0,0,0,0,0,0,0,1,1,0,0,0,0,1,1,1,19,0,0,0,0,2,0,0,0,0,0,0,0,0,0,0,0,0,0,0,0,0,1,0,0,2,1,0,0,0,0,1,1,2,0,0,0,0,2,0,0,1,0,0,0,18,0,0,0,0,1,5,1,0,0,2,0,68,5,1,0,0,8,0,0,11,1,0,0,0,4,4,1,1,0,0,0,0,0,0,0,0,0,1,1,0,0,0,0,6,4,4,4,2,4,7,0,2,2,25,0,7,7,0,0,3,4,45,6,4,5,0,1,7,0,0,0,0,0,0,0,2,0,0,0,0,0,0,8,1,2,4,0,6,4,0,0,4,15,5,0,5,4,6,4,0,4,0,0,37,2,43,3,0,0,2,0,0,0,42,19,0,0,78,6,20,23,59,3,2,6,11,14,17,32,177,39,224,0,98,80,60,72,60,5,0,16,0,0,10,2,5,0,16,5,42,0,1,1,0,3,0,25,1,4,2,34,1,0,0,4,6,4,2,8,6,4,10,4,9,2,3,37,2,3,0,3,1,20,0,8,0,2,13,21,22,10,0,0,4,0,4,8,4,5,12,2,0,0,0,0,11,0,0,0,1,0,2,15,0,1,5,12,1,10,2,7,4,19,16,4,2,7,1,0,0,20,0,200,0,50,74,0,0,0,0,0,8,0,0,0,0,0,0,0,0,0,1,0,0,0,262,1,0,0,18,0,0,0,104,0,2,0,34,42,17,0,96,0,1,0,204,0,46,0,0,14,8,2,12,0,0,0,56,0,0,0,0,0,1,0,0,0,0,0,0,0,0,0,0,3,0,0,0,1,0,1,0,1,0,0,0,40,5,2,29,0,2,0,0,2,80,0,9,15,1,0,35,3,1,7,3,31,2,0,0,0,0,1284,0,0,0,47,0,0,0,1,0,0,46,16,0,2,2,0,0,1,2,0,39,16,20,0,27,61,0,11,0,0,1,0,703,0,3,2,1,1,0,0,0,510,4,35,0,0,28,2,0,3,19,5,0,23,0,0,0,10,13,0,1,0,0,10,0,0,9,0,4,13,0,0,0,0,0,0,21,4,0,0,0,0,0,0,0,0,4,0,0,4,0,0,10,0,0,0,0,0,0,9,0,0,0,0,0,0,3,0,1,6,20,11,0,2,18,1,1,8,10,2,4,9,20,4,10,14,0,0,0,0,0,0,29,20,0,4,0,0,6,0,4,0,0,0,0,0,0,0,1,0,12,0,0,2,11,4,0,0,7,2,0,0,0,0,11,0,23,0,0,0,0,0,0,0,0,0,0,0,0,7,0,12,6,0,1,0,0,4,0,0,6,0,4,0,1,3,0,0,0,5,1,5,0,2,1,0,0,6,2,1,22,14,0,0,0,0,1,18,8,6,0,0,9,0,7,0,14,0,0,2,0,0,0,0,0,0,0,0,0,2,4,7,0,1,10,0,0,8,0,0,2,0,2,0,3,0,3,6,25,0,0,1,0,0,0,0,0,284,0,0,0,0,3,0,0,0,5,4,2,2,1,1,0,0,7,8,4,4,4,6,4,0,0,1,1,0,15,0,17,0,0,0,0,3,0,0,2,6,7,0,0,1,1,2,12,22,0,16,0,2,5,2,2,2,0,6,2,0,0,6,1,0,0,0,0,2,1,2,0,2
Jun-25,Pur Qty,0,0,0,0,0,0,0,0,0,0,0,0,0,0,0,0,0,0,0,0,0,0,0,0,0,0,0,0,0,0,0,0,0,0,0,0,0,0,0,0,0,0,0,0,0,0,0,0,0,0,0,0,0,0,0,0,0,0,0,0,0,0,0,0,0,0,0,0,0,0,0,0,0,0,0,0,0,0,0,0,0,0,0,0,0,0,0,0,0,0,0,0,0,0,0,0,0,0,0,0,0,0,0,0,0,0,0,0,0,0,0,0,0,0,0,0,0,0,0,0,0,0,0,0,0,0,0,0,0,0,0,0,0,0,0,0,0,0,0,0,0,0,0,0,0,0,0,0,0,0,0,0,0,0,0,0,0,0,0,0,0,0,0,0,0,0,0,0,0,0,0,0,0,0,0,0,0,0,0,0,0,0,0,0,0,0,0,0,0,0,0,0,0,0,0,0,0,0,0,0,0,0,0,0,0,0,0,0,0,0,0,0,0,0,0,0,0,0,0,0,0,0,0,0,0,0,0,0,0,0,0,0,0,0,0,0,0,0,0,0,0,0,0,0,0,0,0,0,0,0,0,0,0,0,0,0,0,0,0,0,0,0,0,0,0,0,0,0,0,0,0,0,0,0,0,0,0,0,0,0,0,0,0,0,0,0,0,0,0,0,0,0,0,0,0,0,0,0,0,0,0,0,0,0,0,0,0,0,0,0,0,0,0,0,0,0,0,0,0,0,0,0,0,0,0,0,0,0,0,0,0,0,0,0,0,0,0,0,0,0,0,0,0,0,0,0,0,0,0,0,0,0,0,0,0,0,0,0,0,0,0,0,0,0,0,0,0,0,0,0,0,0,0,0,0,0,0,0,0,0,0,0,0,0,0,0,0,0,0,0,0,0,0,0,0,0,0,0,0,0,0,0,0,0,0,0,0,0,0,2,0,0,0,0,0,0,0,0,0,0,0,0,0,0,0,0,0,0,0,0,0,0,0,0,0,0,0,0,0,0,0,0,0,0,0,0,0,0,0,0,0,0,0,0,0,0,0,0,0,0,0,0,0,0,0,0,0,0,0,0,0,0,0,0,0,0,0,0,0,0,0,0,0,0,0,0,0,0,0,0,0,0,0,0,0,0,0,0,0,0,0,0,0,0,0,0,0,0,0,0,0,0,0,0,0,0,0,0,0,0,0,0,0,0,0,0,0,0,0,0,0,0,0,0,0,0,0,0,0,0,0,0,0,0,0,0,0,0,0,0,0,0,0,0,0,0,0,0,0,0,0,0,0,0,0,0,0,0,0,0,0,0,0,0,0,0,0,0,0,0,0,0,0,0,0,0,0,0,0,0,0,0,0,0,0,0,0,0,0,0,0,0,0,0,0,0,0,0,0,0,0,0,0,0,0,0,0,0,0,0,0,0,0,0,0,0,0,0,0,0,0,0,0,0,0,0,0,0,0,0,0,0,0,0,0,0,0,0,0,0,0,0,0,0,0,0,0,0,0,0,0,0,0,0,0,0,0,0,0,0,0,0,0,0,0,0,0,0,0,0,0,0,0,0,0,0,0,0,0,0,0,0,0,0,0,0,0,0,0,0,0,0,0,0,0,0,0,0,0,0,0,0,0,0,0,0,0,0,0,0,0,0,0,0,0,0,0,0,0,0,0,0,0,0,0,0,0,0,0,0,0,0,0,0,0,0,0,0,0,0,0,0,0,0,0,0,0,0,0,0,0,0,0,0,0,0,0,0,0,0,0,0,0,0,0,0,0,0,0,0,0,0,0,0,0,0,0,0,0,0,0,0,0,0,0,0,0,0,0,0,0,0,0,0,0,0,0,0,0,0,0,0,0,0,0,0,0,0,0,0,0,0,0,0,0,0,0,0,0,0,0,0,0,0,0,0,0,0,0,0,0,0,0,0,0,0,0,0,0,0,0,0,0,0,0,0,0,0,0,0,0,0,0,0,0,0,0,0,0,0,0,0,0,0,0,0,0,0,0,0,0,0,0,0,0,0,0,0,0,0,0,0,0,0,0,0,0,0,0,0,0,0,0,0,0,0,0,0,0,0,0,0,0,0,0,0,0,0,0,0,0,0,0,0,0,0,0
,Sal Qty,0,0,0,0,0,0,0,0,0,0,0,0,0,8,157,0,1,0,11,5,0,0,48,0,0,0,2,0,0,0,0,0,0,0,0,0,2,0,0,0,0,0,0,0,0,0,0,0,0,0,0,0,0,1,0,0,0,1,0,0,0,1,0,0,0,0,0,0,0,0,0,0,0,0,0,0,0,0,0,0,0,2,0,0,0,0,2,0,0,0,0,0,0,0,0,0,0,0,0,0,0,0,0,0,0,0,0,0,0,0,0,0,0,0,0,0,0,0,0,0,0,0,0,0,0,0,0,0,0,0,0,0,0,0,0,0,0,0,0,0,0,0,0,0,0,0,0,0,0,0,0,0,0,0,0,0,0,0,0,0,0,0,0,0,0,0,0,0,0,0,0,0,0,0,0,0,0,0,0,0,0,0,0,0,0,0,0,0,0,0,0,0,0,0,0,0,0,0,0,0,0,0,0,0,0,0,0,0,0,0,0,0,0,0,0,0,0,0,0,0,0,0,0,0,0,0,0,0,0,0,1,1,0,0,0,0,0,0,0,0,0,0,0,4,0,0,0,0,0,0,0,0,0,0,0,6,0,0,0,0,0,0,0,0,0,0,0,0,0,0,0,0,0,0,0,0,0,0,0,0,0,1,0,0,0,0,0,4,0,0,0,0,0,0,0,0,0,0,0,0,0,0,0,0,0,0,0,0,0,0,0,0,0,0,0,0,0,0,0,0,0,0,0,0,0,0,0,0,0,0,0,0,0,0,0,0,0,0,0,0,0,0,0,0,0,0,0,0,0,0,0,0,0,0,0,0,0,0,0,0,0,0,0,0,1,0,0,0,0,0,0,0,0,12,2,31,0,5,0,0,1,2,0,0,0,0,0,0,0,0,0,4,0,2,0,0,0,0,0,0,0,0,0,0,0,0,0,0,0,4,0,0,0,0,0,0,0,0,0,0,0,0,0,0,0,0,1,0,0,0,0,1,0,0,0,0,0,0,0,0,0,0,0,0,0,0,0,0,0,0,0,0,0,0,0,0,0,0,0,0,6,0,0,0,2,0,0,0,0,0,0,0,0,0,0,0,2,0,3,4,0,0,0,0,0,0,0,0,0,0,0,0,0,0,0,0,0,0,0,0,0,0,0,1,0,0,0,2,0,0,0,2,2,0,0,4,0,0,0,2,0,0,0,0,0,0,0,0,0,0,0,2,0,0,0,0,0,0,0,0,0,0,0,0,0,0,0,0,0,0,0,0,0,0,0,0,0,0,0,0,0,0,0,0,0,0,0,0,0,0,0,2,2,1,0,1,0,0,1,0,0,0,0,0,0,0,76,0,0,0,0,0,0,0,0,0,0,4,0,0,0,0,0,0,0,2,0,0,2,0,0,0,6,0,1,0,0,1,0,48,0,0,0,0,0,0,0,0,30,0,0,0,0,6,0,0,2,0,0,0,0,0,0,0,0,2,0,0,0,0,0,0,0,4,0,0,0,0,0,0,0,0,0,0,0,0,0,0,0,0,0,0,0,0,0,0,0,0,0,0,0,0,0,0,0,0,0,0,0,0,0,0,0,0,0,0,0,0,2,0,0,2,0,0,0,0,0,0,0,2,0,0,0,0,0,0,0,0,0,0,0,0,0,0,0,1,0,0,0,0,0,0,0,0,0,0,0,0,0,0,0,0,0,0,0,2,0,0,0,0,0,1,0,0,0,0,0,0,0,0,0,0,0,0,0,0,1,0,0,0,0,0,0,0,0,0,0,0,0,0,0,0,0,0,0,0,0,0,0,0,0,0,0,0,0,0,0,0,0,0,0,0,0,0,0,0,0,0,0,0,0,0,0,0,0,0,0,0,0,0,0,0,0,0,0,0,0,0,0,0,0,0,0,0,0,0,0,2,0,0,0,0,0,0,0,2,0,0,0,0,0,0,0,0,0,0,0,0,0,0,0,0,0,1,1,0,0,0,0,0,0,0,0,0,0,0,0,0,0,0,0,0,0,0,0,0,0,0,0,0,0,0,0,0,0,0,0,0,0,0,0,0,0,0,0,0,0,1,0,0,0,0,0,0,0,0,0,0,0,0,0,0,0,0,0,0,2
,Bal Qty,0,0,0,0,0,0,0,10,0,0,9,25,0,90,94,0,17,15,175,31,6,2,45,25,6,0,99,12,2,21,3,2,0,0,0,0,7,0,2,1,0,0,0,0,4,0,0,0,0,0,1,0,1,9,0,2,2,6,0,0,6,0,0,0,0,0,11,0,2,0,0,5,0,0,0,0,0,0,0,1,0,35,0,0,10,4,4,0,0,3,0,0,3,0,0,2,0,0,0,0,0,0,0,0,3,0,0,3,0,0,1,0,0,0,0,0,0,0,0,1,1,0,0,0,0,2,0,0,0,4,2,0,1,0,0,0,0,0,1,0,0,4,7,3,2,0,0,4,2,1,0,0,0,0,3,4,2,0,3,0,0,0,0,1,4,2,30,3,20,0,0,7,0,0,0,0,0,2,1,1,4,4,0,0,0,0,0,0,0,1,1,0,0,0,0,1,1,1,19,0,0,0,0,2,0,0,0,0,0,0,0,0,0,0,0,0,0,0,0,0,1,0,0,2,1,0,0,0,0,1,0,1,0,0,0,0,2,0,0,1,0,0,0,14,0,0,0,0,1,5,1,0,0,2,0,62,5,1,0,0,8,0,0,11,1,0,0,0,4,4,1,1,0,0,0,0,0,0,0,0,0,0,1,0,0,0,0,2,4,4,4,2,4,7,0,2,2,25,0,7,7,0,0,3,4,45,6,4,5,0,1,7,0,0,0,0,0,0,0,2,0,0,0,0,0,0,8,1,2,4,0,6,4,0,0,4,15,3,0,5,4,6,4,0,4,0,0,37,2,43,3,0,0,2,0,0,0,42,19,0,0,78,6,20,22,59,3,2,6,11,14,17,32,165,37,191,0,93,80,60,71,58,5,0,16,0,0,10,2,5,0,12,5,40,0,1,1,0,3,0,25,1,4,2,34,1,0,0,4,4,4,2,8,6,4,10,4,9,2,3,37,2,3,0,3,1,19,0,8,0,2,12,21,22,10,0,0,4,0,4,8,4,5,12,2,0,0,0,0,11,0,0,0,1,0,2,15,0,1,5,6,1,10,2,5,4,19,16,4,2,1,1,0,0,20,0,198,0,47,70,0,0,0,0,0,8,0,0,0,0,0,0,0,0,0,1,0,0,0,262,1,0,0,17,0,0,0,102,0,2,0,32,40,17,0,92,0,1,0,202,0,46,0,0,14,8,2,12,0,0,0,54,0,0,0,0,0,1,0,0,0,0,0,0,0,0,0,0,3,0,0,0,1,0,1,0,1,0,0,0,40,5,2,29,0,2,0,0,2,80,0,7,13,0,0,34,3,1,6,3,31,2,0,0,0,0,1208,0,0,0,44,0,0,0,1,0,0,42,16,0,2,2,0,0,1,0,0,39,14,20,0,27,55,0,10,0,0,0,0,655,0,3,2,1,1,0,0,0,480,4,35,0,0,22,0,0,1,19,5,0,23,0,0,0,10,11,0,1,0,0,10,0,0,5,0,4,13,0,0,0,0,0,0,21,4,0,0,0,0,0,0,0,0,4,0,0,4,0,0,10,0,0,0,0,0,0,9,0,0,0,0,0,0,3,0,1,6,20,9,0,2,16,1,1,8,10,2,4,9,18,4,10,14,0,0,0,0,0,0,29,20,0,4,0,0,5,0,4,0,0,0,0,0,0,0,1,0,12,0,0,2,11,4,0,0,5,2,0,0,0,0,10,0,23,0,0,0,0,0,0,0,0,0,0,0,0,6,0,12,6,0,1,0,0,4,0,0,6,0,4,0,1,3,0,0,0,5,1,5,0,2,1,0,0,6,2,1,22,14,0,0,0,0,1,18,8,6,0,0,9,0,7,0,14,0,0,2,0,0,0,0,0,0,0,0,0,2,4,7,0,1,10,0,0,8,0,0,0,0,2,0,3,0,3,6,23,0,0,1,0,0,0,0,0,284,0,0,0,0,3,0,0,0,4,3,2,2,1,1,0,0,7,8,4,4,4,6,4,0,0,1,1,0,15,0,17,0,0,0,0,3,0,0,2,6,7,0,0,1,1,2,12,22,0,16,0,2,4,2,2,2,0,6,2,0,0,6,1,0,0,0,0,2,1,2,0,0