Month,Itm Code,FM 10158-020 ,FM 10158-030 ,FM 1020-100 ,FM 1020-25 ,FM 1020-50 ,FM 1020-75 ,FM 1020-STD ,FM 10234-STD ,FM 1035-010 ,FM 1035-020 ,FM 1035-STD ,FM 10426-75 ,FM 1094-STD ,FM 1123-020 ,FM 1123-50 ,FM 1127-020 ,FM 1127-50 ,FM 1128-50 ,FM 1128-75 ,FM 1128-STD ,FM 1132-50 ,FM 1132-75 ,FM 1132-STD ,FM 1138-75 ,FM 1204-STD ,FM 1216M-STD ,FM 1218-STD ,FM 1220-25 ,FM 1220M-STD ,FM 1220-STD ,FM 1235-STD ,FM 1244-STD ,FM 12552296 ,FM 1-274 ,FM 1404-STD ,FM 1461-STD ,FM 1463-STD ,FM 1466-STD ,FM 1467-STD ,FM 1473-STD ,FM 1484-STD ,FM 1492-STD ,FM 1494-STD ,FM 1524-25 ,FM 1524-50 ,FM 1524-STD ,FM 1525-25 ,FM 1525-50 ,FM 1525-STD ,FM 1555-010 ,FM 1555-020 ,FM 1555-030 ,FM 1555-040 ,FM 1557-STD ,FM 16202 ,FM 1735-25 ,FM 1735-50 ,FM 1735-STD ,FM 1755-STD ,FM 1757-STD ,FM 1844-STD ,FM 1886-STD ,FM 1888-STD ,FM 1889-STD ,FM 1898M ,FM 1898-STD ,FM 1920-100 ,FM 1920-25 ,FM 1920-50 ,FM 1920-75 ,FM 1920M-STD ,FM 1920-STD ,FM 1923M ,FM 1985-25 ,FM 1985-50 ,FM 1985-75 ,FM 1985-STD ,FM 1989Y ,FM 2020-010 ,FM 2020-020 ,FM 2020-030 ,FM 2020-040 ,FM 2020-060 ,FM 2020-STD ,FM 2130-010 ,FM 2130-020 ,FM 2130-030 ,FM 2130-STD ,FM 222-168 ,FM 222-337GP ,FM 222-372 ,FM 222-390 ,FM 222-4154 ,FM 222-4194 ,FM 222-498SB ,FM 222-499 ,FM 222-499SB ,FM 222-4SR50 ,FM 222-501SB ,FM 223-355 ,FM 223-390 ,FM 223-392 ,FM 223-394 ,FM 223-732T ,FM 224-41118 ,FM 224-41198 ,FM 224-41203 ,FM 224-41239 ,FM 224-4146 ,FM 224-4147 ,FM 224-4166 ,FM 224-43364S ,FM 224-43469 ,FM 224-43498 ,FM 224-43645 ,FM 224-43669 ,FM 224-43678 ,FM 224-43682 ,FM 224-51285 ,FM 224-53572 ,FM 224-53582 ,FM 2375-030 ,FM 2410-010 ,FM 2410-040 ,FM 2500-010 ,FM 2500-020 ,FM 2500-030 ,FM 2500-040 ,FM 2500-STD ,FM 2555-010 ,FM 2555-020 ,FM 2555-030 ,FM 2555-040 ,FM 2555-060 ,FM 2555-STD ,FM 2600-010 ,FM 2600-020 ,FM 2600-030 ,FM 2600-040 ,FM 2600-STD ,FM 260-1025 ,FM 260-1673 ,FM 273-020 ,FM 273-030 ,FM 273-040 ,FM 273-STD ,FM 28304500 ,FM 2M-4719-020 ,FM 2M-4719-STD ,FM 2M-5097 ,FM 2M-5170-020 ,FM 3045-010 ,FM 3045-020 ,FM 3045-030 ,FM 3045-040 ,FM 3045-STD ,FM 3055-010 ,FM 3055-020 ,FM 3055-STD ,FM 3190-010 ,FM 3190-020 ,FM 3190-030 ,FM 3190-040 ,FM 3190-STD ,FM 3310-010 ,FM 3310-020 ,FM 3310-030 ,FM 3310-040 ,FM 3310-STD ,FM 332-020 ,FM 332-030 ,FM 332-040 ,FM 332-STD ,FM 3345-030 ,FM 3345-STD ,FM 3360-010 ,FM 3380-010 ,FM 3380-020 ,FM 3380-030 ,FM 3380-STD ,FM 345-020 ,FM 345-030 ,FM 345-040 ,FM 345-060 ,FM 345-STD ,FM 362-020 ,FM 362-030 ,FM 362-STD ,FM 3695-020 ,FM 3695-030 ,FM 3695-STD ,FM 371-040 ,FM 371-STD ,FM 3755-010 ,FM 3755-020 ,FM 3755-030 ,FM 3755-STD ,FM 3785-25 ,FM 3810-010 ,FM 3810-020 ,FM 3810-030 ,FM 3810-STD ,FM 3830-100 ,FM 3830-25 ,FM 3830-50 ,FM 3830-75 ,FM 3830-STD ,FM 3870-25 ,FM 3870-STD ,FM 4020-100 ,FM 4020-25 ,FM 4020-50 ,FM 4020-75 ,FM 4020-STD ,FM 403-020 ,FM 403-030 ,FM 403-040 ,FM 403-STD ,FM 4040-010 ,FM 4040-020 ,FM 4040-030 ,FM 4040-040 ,FM 409-020 ,FM 409-030 ,FM 4092-STD ,FM 409-STD ,FM 410-020 ,FM 411-020 ,FM 411-030 ,FM 411-040 ,FM 411-STD ,FM 4124-010 ,FM 4124-020 ,FM 4124-030 ,FM 4124-040 ,FM 4124-060 ,FM 4124-STD ,FM 4125-010 ,FM 4125-020 ,FM 4125-030 ,FM 4125-040 ,FM 4125-STD ,FM 4135-25 ,FM 4135-STD ,FM 423-020 ,FM 423-030 ,FM 423-040 ,FM 423-060 ,FM 423-STD ,FM 426-020 ,FM 4263-010 ,FM 4281-010 ,FM 4281-020 ,FM 4281-030 ,FM 4281-040 ,FM 4289-010 ,FM 4289-020 ,FM 4289-030 ,FM 4289-040 ,FM 4400-010 ,FM 4400-020 ,FM 4400-030 ,FM 4400-040 ,FM 4400-STD ,FM 4418-030 ,FM 4418-STD ,FM 450-020 ,FM 450-030 ,FM 454-020 ,FM 454-030 ,FM 454-040 ,FM 454-060 ,FM 454-STD ,FM 463-020 ,FM 463-030 ,FM 463-040 ,FM 4663-010 ,FM 4663-020 ,FM 4663-030 ,FM 4663-040 ,FM 4663-STD ,FM 470-020 ,FM 470-040 ,FM 4835-25 ,FM 4835-STD ,FM 4840-25 ,FM 4840-50 ,FM 4840-STD ,FM 489-020 ,FM 4925-020 ,FM 4926-020 ,FM 4926-030 ,FM 4926-040 ,FM 4960-25 ,FM 4960-50 ,FM 4960-75 ,FM 4960-STD ,FM 4961F ,FM 497-50 ,FM 4999-010 ,FM 4999-030 ,FM 4999-STD ,FM 5024-030 ,FM 5024-STD ,FM 5037-010 ,FM 5037-020 ,FM 5037-030 ,FM 5037-STD ,FM 506-020 ,FM 506-STD ,FM 5070-010 ,FM 5070-020 ,FM 5070-030 ,FM 5070A-25 ,FM 5070A-STD ,FM 5070-STD ,FM 5078-010 ,FM 5078-020 ,FM 5078-030 ,FM 5078-STD ,FM 5080-25 ,FM 5080-STD ,FM 5085-010 ,FM 5085-STD ,FM 5090-25 ,FM 5095-010 ,FM 5095-030 ,FM 5095-STD ,FM 5099-25 ,FM 5110-010 ,FM 5110-020 ,FM 5110-030 ,FM 5110-STD ,FM 512004 ,FM 5130-010 ,FM 513013 ,FM 513014 ,FM 513016K ,FM 513017K ,FM 513044 ,FM 513061 ,FM 513084 ,FM 513087 ,FM 513089 ,FM 513099 ,FM 5130-STD ,FM 513104 ,FM 513115 ,FM 513117 ,FM 513121 ,FM 513124 ,FM 513137 ,FM 513156 ,FM 513158 ,FM 513159 ,FM 513188 ,FM 513241 ,FM 515001 ,FM 515003 ,FM 515019 ,FM 515036 ,FM 515041 ,FM 515043 ,FM 515054 ,FM 515058 ,FM 515059 ,FM 515078 ,FM 515088 ,FM 515143 ,FM 515159-X ,FM 515160 ,FM 515160-X ,FM 518-020 ,FM 518-030 ,FM 518-040 ,FM 523-50 ,FM 523-75 ,FM 525-020 ,FM 525-030 ,FM 525-040 ,FM 525-STD ,FM 526-020 ,FM 526-040 ,FM 5516-030 ,FM 5516-040 ,FM 561-50 ,FM 574-75 ,FM 5819-020 ,FM 5819-030 ,FM 5819-040 ,FM 5819-060 ,FM 5819-STD ,FM 582-020 ,FM 591-020 ,FM 591-100 ,FM 591-50 ,FM 591-75 ,FM 591-STD ,FM 597-020 ,FM 599-020 ,FM 599-030 ,FM 599-040 ,FM 599-STD ,FM 6000-25 ,FM 6000-STD ,FM 6010-STD ,FM 604-020 ,FM 614014 ,FM 614-50 ,FM 651-020 ,FM 651-STD ,FM 653-020 ,FM 655-020 ,FM 661-020 ,FM 661-030 ,FM 661-040 ,FM 661-STD ,FM 6674-100 ,FM 6689-010 ,FM 6689-020 ,FM 6689-030 ,FM 6689-040 ,FM 672-50 ,FM 672-STD ,FM 677-020 ,FM 677-030 ,FM 677-040 ,FM 677P020 ,FM 677PSTD ,FM 677-STD ,FM 697-010 ,FM 697M-020 ,FM 697-STD ,FM 699-020 ,FM 7011-25 ,FM 7011-STD ,FM 7046-25 ,FM 7046-STD ,FM 7047-25 ,FM 7047-STD ,FM 7090-STD ,FM 7141-25 ,FM 7141-50 ,FM 7141-STD ,FM 7144-010 ,FM 7193-25 ,FM 7193-STD ,FM 721-020 ,FM 721-030 ,FM 721-040 ,FM 7211-010 ,FM 7211-020 ,FM 7211-030 ,FM 7211-STD ,FM 721-STD ,FM 7242-25 ,FM 7242-50 ,FM 7242-75 ,FM 7242-STD ,FM 7245-010 ,FM 7245-STD ,FM 7250CH-STD ,FM 727-020 ,FM 727-030 ,FM 727-040 ,FM 7278-25 ,FM 7278-50 ,FM 7278-STD ,FM 7288-010 ,FM 7288-020 ,FM 7288-STD ,FM 7289-25 ,FM 7289-50 ,FM 7289-STD ,FM 7295-25 ,FM 7295-50 ,FM 7295-STD ,FM 7296-25 ,FM 7296-50 ,FM 7296-STD ,FM 7297-25 ,FM 7297-STD ,FM 7298-010 ,FM 7298-020 ,FM 7298-030 ,FM 7298-STD ,FM 7325-010 ,FM 7352-STD ,FM 7385-010 ,FM 7385-020 ,FM 7385-STD ,FM 7386-25 ,FM 7386-STD ,FM 7388-010 ,FM 7388-020 ,FM 7388-030 ,FM 7388M-010 ,FM 7388M-020 ,FM 7388-STD ,FM 7409-010 ,FM 7409-020 ,FM 7409-030 ,FM 7409-STD ,FM 7419-010 ,FM 7419-020 ,FM 7419M-STD ,FM 7419-STD ,FM 7445-25 ,FM 7445-STD ,FM 749-020 ,FM 749-030 ,FM 749-STD ,FM 802-020 ,FM 802-STD ,FM 811-020 ,FM 811-030 ,FM 811-040 ,FM 811-STD ,FM 815-020 ,FM 815-030 ,FM 815-040 ,FM 815-STD ,FM 829-50 ,FM 829-STD ,FM 834-50 ,FM 840-020 ,FM 840-030 ,FM 840-040 ,FM 840-100 ,FM 840-50 ,FM 840-75 ,FM 840-STD ,FM 842-020 ,FM 843-50 ,FM 843-STD ,FM 847-020 ,FM 847-030 ,FM 847-STD ,FM 855-020 ,FM 855-50 ,FM 855-STD ,FM 856-020 ,FM 856-030 ,FM 856-50 ,FM 856-STD ,FM 857-100 ,FM 857-50 ,FM 857-75 ,FM 857-STD ,FM 864-020 ,FM 864-50 ,FM 864-STD ,FM 868-020 ,FM 868-030 ,FM 868-040 ,FM 868-50 ,FM 868-75 ,FM 868-STD ,FM 878-50 ,FM 878-75 ,FM 878-STD ,FM 880-020 ,FM 880-030 ,FM 880-040 ,FM 880-STD ,FM 8818-030 ,FM 883-50 ,FM 883-STD ,FM 889-020 ,FM 889-050 ,FM 889-50 ,FM 889-STD ,FM 899-50 ,FM 899-75 ,FM 899-STD ,FM 9019-020 ,FM 9026-030 ,FM 9026-040 ,FM 9026-060 ,FM 909-020 ,FM 909-030 ,FM 909-040 ,FM 909-060 ,FM 909-STD ,FM 9188-020 ,FM 9188-030 ,FM 9188-040 ,FM 9192-020 ,FM 9192-030 ,FM 9290-020 ,FM 9290-030 ,FM 958-020 ,FM 958-030 ,FM 958-040 ,FM 958-STD ,FM 9671-020 ,FM 9671-030 ,FM 9671-040 ,FM 9671-060 ,FM 9756-020 ,FM 9756-030 ,FM 9757-030 ,FM 9757-STD ,FM 9824KX-STD ,FM 9845-010 ,FM 9845-020 ,FM 9845-030 ,FM 9845-STD ,FM 992-030 ,FM B-35 ,FM C-3 ,FM CAT-5 ,FM CR-1227-020 ,FM CR-1227-STD ,FM CS-1522 ,FM CS-1539 ,FM CS-1573 ,FM CS-1583 ,FM CS-1589 ,FM CS-1620 ,FM CS-274 ,FM CS-551 ,FM CS-633 ,FM CS-636 ,FM CS-641 ,FM CS-652 ,FM CS--652 ,FM CS-690 ,FM CS-707 ,FM CS-763 ,FM CS-782 ,FM E-1001-STD ,FM E-1004-STD ,FM E-1005K-STD ,FM E-1015-25 ,FM E-1015-50 ,FM E-1015-STD ,FM E-1023K-50 ,FM E-1023K-STD ,FM E-1034K-020 ,FM E-1034K-50 ,FM E-1034K-STD ,FM E-178-020 ,FM E-222-020 ,FM E-222-040 ,FM E-233-020 ,FM E-233-030 ,FM E-233-040 ,FM E-233-STD ,FM E-234-020 ,FM E-234-030 ,FM E-234-040 ,FM E-234-STD ,FM E-251-020 ,FM E-251-030 ,FM E-251-040 ,FM E-251-060 ,FM E-251-STD ,FM E-259-020 ,FM E-259-030 ,FM E-259-040 ,FM E-259-STD ,FM E-288-020 ,FM E-292-020 ,FM E-297-030 ,FM E-297-STD ,FM E-299-020 ,FM E-356-020 ,FM E-356-030 ,FM E-356-040 ,FM E-356-060 ,FM E-356-STD ,FM E-377-020 ,FM E-377-030 ,FM E-377-STD ,FM E-42102-020 ,FM E-446-50 ,FM E-458-020 ,FM E-471-50 ,FM E-471-75 ,FM E-471-STD ,FM E-509-020 ,FM E-509-STD ,FM E-530-020 ,FM E-530-STD ,FM E-531-STD ,FM E-538-50 ,FM E-538-75 ,FM E-553-030 ,FM E-553-040 ,FM E-553-STD ,FM E-605-50 ,FM E-613-50 ,FM E-613-STD ,FM E-624K-0STD ,FM E-624K-STD ,FM E-625-020 ,FM E-625-030 ,FM E-625-040 ,FM E-625-STD ,FM E-638-STD ,FM E-906-50 ,FM E-906-STD ,FM E-907-50 ,FM E-907-75 ,FM E-907-STD ,FM E-910-50 ,FM E-910-STD ,FM E-914-50 ,FM E-914-STD ,FM E-916-100 ,FM E-916-50 ,FM E-916-75 ,FM E-916-STD ,FM E-918-010 ,FM E-918-STD ,FM E-919-020 ,FM E-919-030 ,FM E-919-040 ,FM E-9199-STD ,FM E-919-STD ,FM E-920-020 ,FM E-920-STD ,FM E-921-020 ,FM E-921-030 ,FM E-921-040 ,FM E-921-STD ,FM E-922-020 ,FM E-922-STD ,FM E-925-020 ,FM E-925-STD ,FM E-937-020 ,FM E-937-030 ,FM E-937-50 ,FM E-937-75 ,FM E-937-STD ,FM E-938-020 ,FM E-938-030 ,FM E-938-75 ,FM E-938-STD ,FM E-942-020 ,FM E-942-030 ,FM E-942-STD ,FM E-968-25 ,FM E-968-STD ,FM E-969-020 ,FM E-969-50 ,FM E-969-STD ,FM E-975-50 ,FM E-975-STD ,FM E-979-020 ,FM E-979-STD ,FM E-986-STD ,FM E-989-030 ,FM E-991-020 ,FM E-991-STD ,FM E-997-STD ,FM H1127CT-STD ,FM H1129CT-100 ,FM H1129CT-50 ,FM H1129CT-STD ,FM H1132CT-STD ,FM H1134CP-020 ,FM H1134CP-030 ,FM H1134CP-040 ,FM H1134CP-STD ,FM H1138CM-020 ,FM H1505CPA-50 ,FM H1506-020 ,FM H1506-050 ,FM H1506-50 ,FM H1506-75 ,FM H1506-STD ,FM H1508-050 ,FM H1508-50 ,FM H1508-STD ,FM H1515CP-020 ,FM H1515CP-STD ,FM H1527-50 ,FM H1527CP-020 ,FM H1527CP-STD ,FM H1546CPALR-050 ,FM H1546CPALR-STD ,FM H535-STD ,FM H886CP-020 ,FM H899CT-50 ,FM HB88508AA ,FM HL-119 ,FM HT-2011 ,FM HT-2011-FM ,FM HT-2079 ,FM HT-2095 ,FM HT-2104 ,FM HT-2148 ,FM HT-2205 ,FM HT-2269 ,FM HT-2270 ,FM HT-2271 ,FM HT-2279 ,FM HT-2281 ,FM HT-2303 ,FM HT-2305 ,FM HT-2307 ,FM HT-2320 ,FM HT-817 ,FM HT-855 ,FM HT-900 ,FM HT-945 ,FM HT-951 ,FM HT-969 ,FM I-1926-003 ,FM KT3-350S ,FM KT-4002S ,FM KT-4056S ,FM MIA-5 ,FM MR-1493-030 ,FM N-9 ,FM OHK-6.0L ,FM P74629H ,FM PD-28 ,FM R-18AC ,FM R-18AM ,FM R-41GG ,FM R47Q ,FM RP-3332 ,FM RP-3343 ,FM RP-3344 ,FM RP-6408 ,FM SA-1573 ,FM V-1199 ,FM V-1199-003 ,FM V-1199-015 ,FM V-1199-030 ,FM V-1200-003 ,FM V-1200-015 ,FM V-1200-030 ,FM V-1542 ,FM V-1612-015 ,FM V-1753X ,FM V-1874 ,FM V-1911 ,FM V-1912 ,FM V-1926 ,FM V-1926-003 ,FM V-1926-015 ,FM V-1988X ,FM V-1988X-015 ,FM V-1989X ,FM V-2045 ,FM V-2143 ,FM V-2143-003 ,FM V-2143-015 ,FM V-2205 ,FM V-2206 ,FM V-2280 ,FM V-2281 ,FM V-2302 ,FM V-2303 ,FM V-2429 ,FM V-2430 ,FM V-2448 ,FM V-2526 ,FM V-2527 ,FM V-2529 ,FM V-2530 ,FM V-2654 ,FM V-2656 ,FM V-3077AL ,FM V-3954 ,FM V-3956 ,FM V-3957 ,FM V-4344 ,FM V-4345 ,FM V-4497 ,FM V-4557 ,FM V-4570 ,FM V-4571 ,FM V-4585 ,FM V-4586 ,FM V-4592 ,FM V-4593 ,FM V-4602 ,FM V-4603 ,FM V-4644 ,FM V-4675 ,FM V-4676 ,FM V-4677 ,FM V-4678 ,FM V-4682 ,FM V-4709 ,FM V-4723 ,FM V-4724 ,FM V-4741 ,FM V-4761 ,FM V-809 ,FM V-9016 ,FM VG-1322 ,FM VG-1387T ,FM VG-689 ,FM VG-804 ,FM VK-138 ,FM VS-1733-2N ,FM VS-1962E-1N ,FM X-4177-003 
,Function Description,PISTON RING SET,PISTON RING SET,CONNECT ROD BRG,CONNECT ROD BRG,CONNECT ROD BRG,CONNECT ROD BRG,CONNECT ROD BRG,PISTON RING SET,CONNECT ROD BRG,CONNECT ROD BRG,CONNECT ROD BRG,PISTON RING SET,BUSH CAMSHAFT,PISTON SET,PISTON SET,PISTON SET,PISTON SET,PISTON SET,PISTON SET,PISTON SET,PISTON SET,PISTON SET,PISTON SET,PISTON SET,BUSH CAMSHAFT,BUSH CAMSHAFT,BUSH CAMSHAFT,CONNECT ROD BRG,BUSH CAMSHAFT,CONNECT ROD BRG,BUSH CAMSHAFT,BUSH CAMSHAFT,CAMSHAFT,CAMSHAFT,BUSH CAMSHAFT,BUSH CAMSHAFT,BUSH CAMSHAFT,BUSH CAMSHAFT,BUSH CAMSHAFT,BUSH CAMSHAFT,BUSH CAMSHAFT,BUSH CAMSHAFT,BUSH CAMSHAFT,PISTON SET,PISTON SET,PISTON SET,PISTON,PISTON,PISTON,CONNECT ROD BRG,CONNECT ROD BRG,CONNECT ROD BRG,CONNECT ROD BRG,BUSH CAMSHAFT,BUSH CRANK PULLEY,CONNECT ROD BRG,CONNECT ROD BRG,CONNECT ROD BRG,BUSH CAMSHAFT,BUSH CAMSHAFT,BUSH CAMSHAFT,BUSH CAMSHAFT,BUSH CAMSHAFT,BUSH CAMSHAFT,BUSH CAMSHAFT,BUSH CAMSHAFT,CONNECT ROD BRG,CONNECT ROD BRG,CONNECT ROD BRG,CONNECT ROD BRG,BUSH CAMSHAFT,CONNECT ROD BRG,BUSH CAMSHAFT,CONNECT ROD BRG,CONNECT ROD BRG,CONNECT ROD BRG,CONNECT ROD BRG,BUSH CONNECTING ROD,CONNECT ROD BRG,CONNECT ROD BRG,CONNECT ROD BRG,CONNECT ROD BRG,CONNECT ROD BRG,CONNECT ROD BRG,CONNECT ROD BRG,CONNECT ROD BRG,CONNECT ROD BRG,CONNECT ROD BRG,TIMING CHAIN,GUIDE,TIMING CHAIN,SPROCKET CAM,OIL PUMP,TIMING CHAIN,TIMING CHAIN,TIMIMG CHAIN,TIMING CHAIN,TIMING CHAIN,TIMING CHAIN,SPROCKET,SPROCKET CAM,SPROCKET CAM,SPROCKET CAM,SPROCKET CAM,OIL PUMP,OIL PUMP,OIL PUMP,OIL PUMP,OIL PUMP,OIL PUMP,OIL PUMP,OIL PUMP,OIL PUMP,OIL PUMP,OIL PUMP,OIL PUMP,OIL PUMP,OIL PUMP,OIL PUMP KIT,OIL PUMP KIT,OIL PUMP KIT,CONNECT ROD BRG,CONNECT ROD BRG,CONNECT ROD BRG,CONNECT ROD BRG,CONNECT ROD BRG,CONNECT ROD BRG,CONNECT ROD BRG,CONNECT ROD BRG,CONNECT ROD BRG,CONNECT ROD BRG,CONNECT ROD BRG,CONNECT ROD BRG,CONNECT ROD BRG,CONNECT ROD BRG,CONNECT ROD BRG,CONNECT ROD BRG,CONNECT ROD BRG,CONNECT ROD BRG,CONNECT ROD BRG,GASKET F.S.,GASKET F.S.,PISTON SET,PISTON SET,PISTON SET,PISTON SET,TAPPET,PISTON RING SET,PISTON RING SET,PISTON RING SET,PISTON RING SET,CONNECT ROD BRG,CONNECT ROD BRG,CONNECT ROD BRG,CONNECT ROD BRG,CONNECT ROD BRG,CONNECT ROD BRG,CONNECT ROD BRG,CONNECT ROD BRG,CONNECT ROD BRG,CONNECT ROD BRG,CONNECT ROD BRG,CONNECT ROD BRG,CONNECT ROD BRG,CONNECT ROD BRG,CONNECT ROD BRG,CONNECT ROD BRG,CONNECT ROD BRG,CONNECT ROD BRG,PISTON SET,PISTON SET,PISTON SET,PISTON SET,CONNECT ROD BRG,CONNECT ROD BRG,CONNECT ROD BRG,CONNECT ROD BRG,CONNECT ROD BRG,CONNECT ROD BRG,CONNECT ROD BRG,PISTON SET,PISTON SET,PISTON SET,PISTON SET,PISTON SET,PISTON SET,PISTON SET,PISTON SET,CONNECT ROD BRG,CONNECT ROD BRG,CONNECT ROD BRG,PISTON SET,PISTON SET,CONNECT ROD BRG,CONNECT ROD BRG,CONNECT ROD BRG,CONNECT ROD BRG,CONNECT ROD BRG,CONNECT ROD BRG,CONNECT ROD BRG,CONNECT ROD BRG,CONNECT ROD BRG,CONNECT ROD BRG,CONNECT ROD BRG,CONNECT ROD BRG,CONNECT ROD BRG,CONNECT ROD BRG,CONNECT ROD BRG,CONNECT ROD BRG,CONNECT ROD BRG,CONNECT ROD BRG,CONNECT ROD BRG,CONNECT ROD BRG,CONNECT ROD BRG,PISTON SET,PISTON SET,PISTON SET,PISTON SET,MAIN BEARING SET,MAIN BRG SET,MAIN BRG SET,MAIN BEARING SET,PISTON SET,PISTON SET,MAIN BRG SET,PISTON SET,PISTON SET,PISTON SET,PISTON SET,PISTON SET,PISTON SET,MAIN BRG SET,MAIN BRG SET,MAIN BRG SET,MAIN BRG SET,MAIN BRG SET,MAIN BRG SET,MAIN BRG SET,MAIN BRG SET,MAIN BRG SET,MAIN BRG SET,MAIN BRG SET,CONNECT ROD BRG,CONNECT ROD BRG,PISTON SET,PISTON SET,PISTON SET,PISTON SET,PISTON SET,PISTON SET,MAIN BRG SET,MAIN BRG SET,MAIN BRG SET,MAIN BRG SET,MAIN BRG SET,MAIN BRG SET,MAIN BRG SET,MAIN BRG SET,MAIN BRG SET,MAIN BRG SET,MAIN BRG SET,MAIN BRG SET,MAIN BRG SET,MAIN BRG SET,MAIN BRG SET,MAIN BRG SET,PISTON SET,PISTON SET,PISTON SET,PISTON SET,PISTON SET,PISTON SET,PISTON SET,PISTON SET,PISTON SET,PISTON SET,MAIN BRG SET,MAIN BRG SET,MAIN BRG SET,MAIN BRG SET,MAIN BRG SET,PISTON SET,PISTON SET,CON BEARING,CON BEARING,CONNECT ROD BRG,CONNECT ROD BRG,CONNECT ROD BRG,PISTON SET,CONNECT ROD BRG,MAIN BEARING SET,MAIN BEARING SET,MAIN BRG SET,CONNECT ROD BRG,CONNECT ROD BRG,CONNECT ROD BRG,CONNECT ROD BRG,THRUST WASHER,PISTON SET,MAIN BRG SET,MAIN BRG SET,MAIN BRG SET,MAIN BRG SET,MAIN BRG SET,MAIN BRG SET,MAIN BRG SET,MAIN BRG SET,MAIN BRG SET,PISTON SET,PISTON SET,MAIN BRG SET,MAIN BRG SET,MAIN BRG SET,CONNECTING ROD BEARING,CONNECTING ROD BEARING,MAIN BRG SET,MAIN BRG SET,MAIN BRG SET,MAIN BRG SET,MAIN BRG SET,CONNECT ROD BRG,CONNECT ROD BRG,MAIN BRG SET,MAIN BRG SET,MAIN BRG SET,MAIN BRG SET,MAIN BRG SET,MAIN BRG SET,MAIN BRG SET,MAIN BRG SET,MAIN BRG SET,MAIN BRG SET,MAIN BRG SET,BEARING W/HUB,MAIN BRG SET,BEARING W/HUB,BEARING W/HUB,BEARING W/HUB,BEARING W/HUB,BEARING W/HUB,BEARING W/HUB,BEARING W/HUB,BEARING W/HUB,BEARING W/HUB,BEARING W/HUB,MAIN BRG SET,BEARING W/HUB,BEARING W/HUB,BEARING W/HUB,BEARING W/HUB,BEARING W/HUB,BEARING W/HUB,BEARING W/HUB,BEARING W/HUB,BEARING W/HUB,BEARING W/HUB,BEARING,BEARING W/HUB,BEARING W/HUB,BEARING W/HUB,BEARING W/HUB,BEARING W/HUB,BEARING W/HUB,BEARING W/HUB,BEARING W/HUB,HUB BEARING,BEARING W/HUB,BEARING W/HUB,BEARING W/HUB,BEARING W/HUB,BEARING W/HUB,BEARING W/HUB,PISTON SET,PISTON SET,PISTON SET,PISTON SET,PISTON SET,PISTON SET,PISTON SET,PISTON SET,PISTON SET,PISTON SET,PISTON SET,PISTON RING SET,PISTON RING SET,PISTON SET,PISTON SET,PISTON RING SET,PISTON RING SET,PISTON RING SET,PISTON RING SET,PISTON RING SET,PISTON SET,PISTON SET,PISTON SET,PISTON SET,PISTON SET,PISTON SET,PISTON SET,PISTON SET,PISTON SET,PISTON SET,PISTON SET,CONNECTING ROD BRG,CONNECTING ROD BRG,CONNECT ROD BRG,PISTON SET,BEARING,PISTON SET,PISTON SET,PISTON SET,PISTON SET,PISTON SET,PISTON SET,PISTON SET,PISTON SET,PISTON SET,MAIN BRG SET,MAIN BRG SET,MAIN BRG SET,MAIN BRG SET,MAIN BRG SET,PISTON SET,PISTON SET,PISTON SET,PISTON SET,PISTON SET,PISTON SET,PISTON SET,PISTON SET,MAIN BRG SET,MAIN BRG SET,MAIN BRG SET,PISTON SET,MAIN BRG SET,MAIN BRG SET,MAIN BRG SET,MAIN BRG SET,MAIN BRG SET,MAIN BRG SET,MAIN BRG SET,MAIN BRG SET,MAIN BRG SET,MAIN BRG SET,MAIN BRG SET,MAIN BRG SET,MAIN BRG SET,PISTON SET,PISTON SET,PISTON SET,MAIN BRG SET,MAIN BRG SET,MAIN BRG SET,MAIN BRG SET,PISTON SET,MAIN BRG SET,MAIN BRG SET,MAIN BRG SET,MAIN BRG SET,MAIN BRG SET,MAIN BRG SET,CONNECT ROD BRG,PISTON SET,PISTON SET,PISTON SET,MAIN BRG SET,MAIN BRG SET,MAIN BRG SET,MAIN BRG SET,MAIN BRG SET,MAIN BRG SET,MAIN BRG SET,MAIN BRG SET,MAIN BRG SET,MAIN BRG SET,MAIN BRG SET,MAIN BRG SET,MAIN BRG SET,MAIN BRG SET,MAIN BRG SET,MAIN BRG SET,MAIN BRG SET,MAIN BRG SET,MAIN BRG SET,MAIN BRG SET,MAIN BRG SET,MAIN BRG SET,MAIN BRG SET,MAIN BRG SET,MAIN BRG SET,MAIN BRG SET,MAIN BRG SET,MAIN BRG SET,MAIN BRG SET,MAIN BRG SET,MAIN BRG SET,MAIN BRG SET,MAIN BRG SET,MAIN BRG SET,MAIN BRG SET,MAIN BRG SET,MAIN BRG SET,MAIN BRG SET,MAIN BRG SET,MAIN BRG SET,MAIN BRG SET,MAIN BEARING SET,MAIN BRG SET,MAIN BRG SET,PISTON SET,PISTON SET,PISTON SET,PISTON SET,PISTON SET,PISTON SET,PISTON SET,PISTON SET,PISTON SET,PISTON SET,PISTON SET,PISTON SET,PISTON SET,PISTON SET,PISTON SET,PISTON SET,PISTON SET,PISTON SET,PISTON SET,PISTON SET,PISTON SET,PISTON SET,PISTON SET,PISTON SET,PISTON SET,PISTON SET,PISTON SET,PISTON SET,PISTON SET,PISTON SET,PISTON SET,PISTON SET,PISTON SET,PISTON SET,PISTON SET,PISTON SET,PISTON SET,PISTON SET,PISTON SET,PISTON SET,PISTON SET,PISTON SET,PISTON SET,PISTON SET,PISTON SET,PISTON SET,PISTON SET,PISTON SET,PISTON SET,PISTON SET,PISTON SET,PISTON SET,PISTON SET,PISTON SET,PISTON SET,PISTON SET,PISTON SET,PISTON SET,PISTON SET,PISTON SET,PISTON SET,PISTON SET,PISTON SET,PISTON SET,PISTON SET,PISTON SET,PISTON RING SET,PISTON RING SET,PISTON RING SET,PISTON RING SET,PISTON SET,PISTON SET,PISTON SET,PISTON SET,PISTON SET,PISTON RING SET,PISTON RING SET,PISTON RING SET,PISTON RING SET,PISTON RING SET,PISTON RING SET,PISTON RING SET,PISTON SET,PISTON SET,PISTON SET,PISTON SET,PISTON RING SET,PISTON RING SET,PISTON RING SET,PISTON RING SET,PISTON RING SET,PISTON RING SET,PISTON RING SET,PISTON RING SET,PISTON RING SET,CONNECT ROD BRG,CONNECT ROD BRG,CONNECT ROD BRG,CONNECT ROD BRG,PISTON SET,BEARING W/HUB,BUSH CAMSHAFT,BUSH CAMSHAFT,PISTON RING SET,PISTON RING SET,CAMSHAFT,CAMSHAFT,CAMSHAFT,CAMSHAFT,CAMSHAFT,CAMSHAFT,CAMSHAFT,CAMSHAFT,CAMSHAFT,CAMSHAFT,CAMSHAFT,CAMSHAFT,CAMSHAFT,CAMSHAFT,CAMSHAFT,CAMSHAFT,CAMSHAFT,PISTON RING SET,PISTON RING SET,PISTON RING SET,PISTON RING SET,PISTON RING SET,PISTON RING SET,PISTON RING SET,PISTON RING SET,PISTON RING SET,PISTON RING SET,PISTON RING SET,PISTON RING SET,PISTON RING SET,PISTON RING SET,PISTON RING SET,PISTON RING SET,PISTON RING SET,PISTON RING SET,PISTON RING SET,PISTON RING SET,PISTON RING SET,PISTON RING SET,PISTON RING SET,PISTON RING SET,PISTON RING SET,PISTON RING SET,PISTON RING SET,PISTON RING SET,PISTON RING SET,PISTON RING SET,PISTON RING SET,PISTON RING SET,PISTON RING SET,PISTON RING SET,PISTON RING SET,PISTON RING SET,PISTON RING SET,PISTON RING SET,PISTON RING SET,PISTON RING SET,PISTON RING SET,PISTON RING SET,PISTON RING SET,PISTON RING SET,RING PISTON,PISTON RING SET,PISTON RING SET,PISTON RING SET,PISTON RING SET,PISTON RING SET,PISTON RING SET,PISTON RING SET,PISTON RING SET,PISTON RING SET,PISTON RING SET,PISTON RING SET,PISTON RING SET,PISTON RING SET,PISTON RING SET,PISTON RING SET,PISTON RING SET,PISTON RING SET,PISTON RING SET,PISTON RING SET,PISTON RING SET,PISTON RING SET,PISTON RING SET,PISTON RING SET,PISTON RING SET,PISTON RING SET,PISTON RING SET,PISTON RING SET,PISTON RING SET,PISTON RING SET,PISTON RING SET,PISTON RING SET,PISTON RING SET,PISTON RING SET,PISTON RING SET,PISTON RING SET,PISTON RING SET,PISTON RING SET,PISTON RING SET,PISTON RING SET,PISTON RING SET,PISTON RING SET,PISTON RING SET,PISTON RING SET,PISTON RING SET,PISTON RING SET,PISTON RING SET,PISTON RING SET,PISTON RING SET,PISTON RING SET,PISTON RING SET,PISTON RING SET,PISTON RING SET,PISTON RING SET,PISTON RING SET,PISTON RING SET,PISTON RING SET,PISTON RING SET,PISTON RING SET,PISTON RING SET,PISTON RING SET,PISTON RING SET,PISTON RING SET,PISTON RING SET,PISTON RING SET,PISTON RING SET,PISTON RING SET,PISTON RING SET,PISTON RING SET,PISTON RING SET,PISTON RING SET,PISTON RING SET,PISTON RING SET,PISTON RING SET,PISTON RING SET,PISTON RING SET,PISTON RING SET,PISTON RING SET,PISTON RING SET,PISTON RING SET,PISTON RING SET,PISTON RING SET,PISTON SET,PISTON SET,PISTON SET,PISTON SET,PISTON SET,PISTON SET,PISTON SET,PISTON SET,PISTON SET,PISTON SET,PISTON SET,PISTON SET,PISTON SET,PISTON SET,PISTON SET,PISTON SET,PISTON SET,PISTON SET,PISTON SET,PISTON SET,PISTON SET,PISTON SET,PISTON SET,PISTON SET,PISTON SET,PISTON SET,PISTON SET,PISTON SET,PISTON SET,CENTER SUPPORT,TAPPET,TAPPET,TAPPET,TAPPET,TAPPET,TAPPET,TAPPET,TAPPET,TAPPET,TAPPET,TAPPET,TAPPET,TAPPET,TAPPET,TAPPET,TAPPET,TAPPET,TAPPET,TAPPET,TAPPET,TAPPET,TAPPET,TAPPET,VALVE INTAKE,TIMING SET,CHAIN KIT,TIMING SET,BUSH CAMSHAFT,PISTON RING SET,BUSH CAMSHAFT,ENGINE O/H KIT,FUEL PUMP TANK UNIT,BUSH CAMSHAFT,CONNECTING ROD,CONNECTING ROD,CONNECTING ROD,CONNECTING ROD,PUSH ROD,PUSH ROD,PUSH ROD,BEARING,CAMSHAFT,VALVE EXHAUST,VALVE EXHAUST,VALVE EXHAUST,VALVE EXHAUST,VALVE INTAKE,VALVE INTAKE,VALVE INTAKE,VALVE EXHAUST,VALVE INTAKE,VALVE EXHAUST,VALVE INTAKE,VALVE EXHAUST,VALVE INTAKE,VALVE INTAKE,VALVE INTAKE,VALVE INTAKE,VALVE EXHAUST,VALVE EXHAUST,VALVE EXHAUST,VALVE INTAKE,VALVE INTAKE,VALVE INTAKE,VALVE INTAKE,VALVE EXHAUST,VALVE INLET,VALVE EXHAUST,VALVE INLET,VALVE EXHAUST,VALVE INTAKE,VALVE EXHAUST,VALVE INTAKE,VALVE INTAKE,VALVE EXHAUST,VALVE INTAKE,VALVE EXHAUST,VALVE INTAKE,VALVE EXHAUST,VALVE EXHAUST,VALVE INTAKE,VALVE INTAKE,VALVE INTAKE,VALVE EXHAUST,VALVE INTAKE,VALVE EXHAUST,VALVE EXHAUST,VALVE EXHAUST,VALVE INTAKE,VALVE INLET,VALVE INTAKE,VALVE EXHAUST,VALVE INTAKE,VALVE EXHAUST,VALVE INTAKE,VALVE EXHAUST,VALVE INTAKE,VALVE INTAKE,VALVE EXHAUST,VALVE INTAKE,VALVE EXHAUST,VALVE EXHAUST,VALVE INTAKE,VALVE EXHAUST,VALVE INTAKE,VALVE EXHAUST,VALVE INT,CLUTCH FORK,RETAINER,VALVE GUIDE,VALVE GUID,VALVE GUIDE,VALVE GUIDE,VALVE KEY,VALVE SEAT,VALVE SEAT,VALVE EXHAUST
Jun-24,Opn Qty,1,4,0,0,0,0,19,1,0,0,1,1,5,0,0,0,0,5,0,0,4,2,1,0,0,0,1,1,0,0,0,0,0,0,33,0,0,0,0,0,0,0,0,0,0,0,0,0,0,0,0,0,0,1,1,2,0,0,0,0,2,0,0,0,0,0,0,0,1,1,0,0,44,38,53,5,2,0,25,35,51,12,1,20,4,1,0,0,0,5,0,0,0,0,0,0,0,0,0,0,0,0,0,0,0,0,0,0,101,10,4,0,0,0,0,0,0,0,0,4,0,1,1,0,0,0,0,0,0,149,120,15,30,2,142,7,6,1,0,1,0,0,0,0,0,0,1,0,0,1,0,0,0,0,0,5,2,4,1,30,8,0,7,23,53,31,32,5,30,0,0,0,0,0,0,0,0,0,1,1,5,6,11,0,6,0,0,0,0,0,2,0,0,37,18,13,3,0,4,1,2,0,2,4,4,2,0,1,0,1,10,3,0,15,0,0,0,0,0,0,0,0,0,0,1,0,0,0,0,0,0,29,37,31,13,0,18,6,1,4,2,4,0,0,4,3,3,2,2,0,0,0,0,0,0,0,0,0,0,15,17,12,4,13,0,0,0,0,5,5,5,0,5,0,0,1,34,81,2,9,50,0,1,0,0,0,0,0,2,0,0,0,0,7,7,0,3,0,0,0,0,0,6,0,0,0,0,0,0,0,0,0,0,12,0,0,0,0,0,1,0,0,11,0,1,1,0,0,2,0,0,0,0,3,0,0,2,0,0,0,0,6,4,1,0,0,0,0,0,0,0,0,0,0,0,0,3,0,0,0,0,0,0,0,0,0,0,0,2,0,0,0,0,0,0,0,4,0,0,0,1,0,0,5,4,0,0,0,1,0,1,0,0,0,1,2,3,5,0,0,0,0,0,2,0,2,0,0,0,1,1,1,0,0,0,0,0,0,0,0,0,0,0,1,2,2,2,0,0,1,2,2,0,0,1,1,0,7,1,3,0,32,19,0,3,0,0,0,1,0,4,9,3,4,0,0,0,0,5,3,0,0,0,0,1,0,0,4,16,15,9,24,0,19,6,4,2,9,13,15,2,3,132,26,0,31,0,2,11,9,9,0,2,17,11,2,0,0,3,1,3,4,5,0,0,0,0,0,0,0,0,0,0,0,0,4,8,6,3,3,1,2,1,0,0,0,1,1,1,1,3,7,6,0,0,2,1,0,0,1,0,1,1,1,1,1,0,0,2,0,0,0,0,0,0,5,0,2,0,0,0,0,0,2,6,0,2,1,0,0,1,4,3,1,2,1,1,1,2,4,5,3,0,4,0,0,1,1,5,2,4,14,6,12,0,1,0,1,1,1,1,14,1,0,0,0,5,0,0,4,0,0,5,3,0,0,0,0,0,0,0,5,0,0,0,0,0,0,0,0,0,0,2,1,0,0,0,3,6,0,2,0,0,0,1,9,9,8,0,2,3,1,1,9,5,0,0,16,0,5,1,5,0,0,0,0,0,1,0,0,0,0,0,0,2,0,0,0,0,0,3,2,0,0,2,1,1,1,0,0,0,3,1,2,0,0,0,0,0,0,0,1,6,2,2,0,0,0,3,3,6,5,6,0,0,10,4,3,3,0,8,0,0,7,2,0,39,2,7,0,10,2,0,9,5,44,1,0,0,32,9,12,4,1,2,0,0,0,4,2,0,0,1,0,0,0,0,0,1,1,0,0,0,0,0,6,0,0,0,0,0,1,2,0,1,1,0,0,1,0,0,0,0,0,0,0,0,0,1,0,0,32,27,390,6,19,23,23,138,0,263,48,0,0,369,16,17,80,0,6,0,0,0,0,0,0,0,0,4,0,8,0,2,0,52,13,15,0,0,89,7,0,0,3,0,1,0,0,0,8,0,0,7,3,0,1,0,0,0,12,10,4,12,6,16,18,28,6,0,6,4,8,12,24,24,0,33,18,0,10,0,2,16,6,12,10,6,0,0,12,52,2,1,42,16,14,8,8,8,8,12,12,41,14,0,0,0,0,1,16,936,6,6,0
,Pur Qty,0,0,0,0,0,0,0,0,0,0,0,0,0,0,0,0,0,0,0,0,0,0,0,0,0,0,0,0,0,0,0,0,0,0,0,0,0,0,0,0,0,0,0,0,0,0,0,0,0,0,0,0,0,0,0,0,0,0,0,0,0,0,0,0,0,0,0,0,0,0,0,0,0,0,0,0,0,0,0,0,0,0,0,0,0,0,0,0,0,0,0,0,0,0,0,0,0,0,0,0,0,0,0,0,0,0,0,0,0,0,0,0,0,0,0,0,0,0,0,0,0,0,0,0,0,0,0,0,0,0,0,0,0,0,0,0,0,0,0,0,0,0,0,0,0,0,0,0,0,0,0,0,0,0,0,0,0,0,0,0,0,0,0,0,0,0,0,0,0,0,0,0,0,0,0,0,0,0,0,0,0,0,0,0,0,0,0,0,0,0,0,0,0,0,0,0,0,0,0,0,0,0,0,0,0,0,0,0,0,0,0,0,0,0,0,0,0,0,0,0,0,0,0,0,0,0,0,0,0,0,0,0,0,0,0,0,0,0,0,0,0,0,0,0,0,0,0,0,0,0,0,0,0,0,0,0,0,0,0,0,0,0,0,0,0,0,0,0,0,0,0,0,0,0,0,0,0,0,0,0,0,0,0,0,0,0,0,0,0,0,0,0,0,0,0,0,0,0,0,0,0,0,0,0,0,0,0,0,0,0,0,0,0,0,0,0,0,0,0,0,0,0,0,0,0,0,0,0,0,0,0,0,0,0,0,0,0,0,0,0,0,0,0,0,0,0,0,0,0,0,0,0,0,0,0,0,0,0,0,0,0,0,0,0,0,0,0,0,0,0,0,0,0,0,0,0,0,0,0,0,0,0,0,0,0,0,0,0,0,0,0,0,0,0,0,0,0,0,0,0,0,0,0,0,0,0,0,0,0,0,0,0,0,0,0,0,0,0,0,0,0,0,0,0,0,0,0,0,0,0,0,0,0,0,0,0,0,0,0,0,0,0,0,0,0,0,0,0,0,0,0,0,0,0,0,0,0,0,0,0,0,0,0,0,0,0,0,0,0,0,0,0,0,0,0,0,0,0,0,0,0,0,0,0,0,0,0,0,0,0,0,0,0,0,0,0,0,0,0,0,0,0,0,0,0,0,0,0,0,0,0,0,0,0,0,0,0,0,0,0,0,0,0,0,0,0,0,0,0,0,0,0,0,0,0,0,0,0,0,0,0,0,0,0,0,0,0,1,0,0,0,0,0,0,0,0,0,0,0,0,0,0,0,0,0,0,0,0,0,0,0,0,0,0,0,0,0,0,0,0,0,0,0,0,0,0,0,0,0,0,0,0,0,0,0,0,0,0,0,0,0,0,0,0,0,0,0,0,0,0,0,0,0,0,0,0,0,0,0,0,0,0,0,0,0,0,0,0,0,0,0,0,0,0,0,0,0,0,0,0,0,0,0,0,0,0,0,0,0,0,0,0,0,0,0,0,0,0,0,0,0,0,0,0,0,0,0,0,0,0,0,0,0,0,0,0,0,0,0,0,0,0,0,0,0,0,0,0,0,0,0,0,0,0,0,0,0,0,0,0,0,0,0,0,0,0,0,0,0,0,0,0,0,0,0,0,0,0,0,0,0,0,0,0,0,0,0,0,0,0,0,0,0,0,0,0,0,0,0,0,0,0,0,0,0,0,0,0,0,0,0,0,0,0,0,0,0,0,0,0,0,0,0,0,0,0,0,0,0,0,0,0,0,0,0,0,0,0,0,0,0,0,0,0,0,0,0,0,0,0,0,0,0,0,0,0,0,0,0,0,0,0,0,0,0,0,0,0,0,0,0,0,0,0,0,0,0,0,0,0,0,0,0,0,0,0,0,0,0,0,0,0,0,0,0,0,0,0,0,0,0,0,0,0,0,0,0,0,0,0,0,0,0,0,0,0,0,0,0,0,0,0,0,0,0,0,0,0,0,0,0,0,0,0,0,0,0,0,0,0,0,0,0,0,0,0,0,0,0,0,0,0,0,0,0,0,0,0,0,0,0,0,0,0
,Sal Qty,0,0,0,0,0,0,0,0,0,0,0,0,0,0,0,0,0,0,0,0,1,0,0,0,0,0,0,0,0,0,0,0,0,0,0,0,0,0,0,0,0,0,0,0,0,0,0,0,0,0,0,0,0,0,0,0,0,0,0,0,0,0,0,0,0,0,0,0,0,0,0,0,16,9,0,0,0,0,0,0,0,0,0,0,0,0,0,0,0,0,0,0,0,0,0,0,0,0,0,0,0,0,0,0,0,0,0,0,0,0,0,0,0,0,0,0,0,0,0,0,0,0,0,0,0,0,0,0,0,19,19,0,0,0,16,0,0,0,0,0,0,0,0,0,0,0,0,0,0,0,0,0,0,0,0,0,0,0,0,1,0,0,0,0,1,0,0,0,1,0,0,0,0,0,0,0,0,0,0,0,5,0,0,0,6,0,0,0,0,0,0,0,0,0,0,0,0,0,0,0,0,0,0,0,0,0,0,0,0,0,0,0,0,0,0,0,0,0,0,0,0,0,0,0,0,0,0,0,0,0,0,0,0,0,0,0,0,0,0,0,0,0,0,0,0,0,0,0,0,0,0,0,0,0,0,0,0,0,0,1,0,0,0,0,0,0,0,0,0,0,3,0,0,0,0,0,1,2,0,0,1,0,0,0,0,0,0,0,0,0,0,0,0,1,0,0,0,0,0,0,0,0,0,0,0,0,0,0,0,0,0,0,0,0,0,0,0,0,0,0,0,0,0,0,0,0,0,0,0,0,0,0,0,0,0,0,0,0,0,0,0,0,0,0,0,0,0,0,0,0,0,0,0,0,0,0,0,0,0,0,0,0,0,0,0,0,0,0,0,0,0,0,0,0,0,0,0,0,0,0,0,0,0,0,0,0,0,0,0,0,0,0,0,0,0,0,0,0,0,0,0,0,0,0,0,0,0,0,0,0,0,0,0,0,0,0,0,0,0,0,0,0,0,0,0,0,0,0,0,0,0,0,0,0,0,0,0,0,0,0,0,4,0,0,0,0,0,0,0,0,0,0,0,0,0,0,0,0,0,0,0,0,0,0,0,0,0,0,0,0,0,0,0,0,0,0,0,0,1,1,0,0,20,3,0,16,0,0,0,0,0,0,0,0,0,0,0,0,0,0,0,0,0,0,0,0,0,0,0,0,0,0,0,0,0,0,1,0,0,0,0,0,0,0,0,0,0,0,0,0,0,0,0,0,0,0,0,0,0,0,0,0,0,0,0,0,0,1,0,0,0,0,0,0,0,0,0,0,0,0,0,0,0,0,0,0,0,0,0,0,0,0,0,0,0,0,0,0,0,0,0,0,0,0,0,0,0,0,0,0,0,0,0,0,0,0,0,0,0,0,0,0,0,0,0,0,0,0,0,0,0,0,0,0,0,0,0,0,0,0,0,0,0,0,0,0,0,0,0,0,0,0,0,0,0,0,0,0,5,0,0,0,0,0,0,0,0,0,0,0,0,0,0,1,0,0,0,0,0,0,0,0,0,0,0,0,0,0,0,0,0,0,0,0,0,0,0,0,0,0,0,0,0,0,0,0,0,0,0,0,0,0,0,0,0,0,0,0,0,0,0,0,0,0,0,0,0,0,0,0,0,0,0,0,0,0,0,0,0,0,0,0,0,1,1,0,3,0,0,0,0,0,0,0,0,8,0,0,0,0,0,0,1,0,0,0,0,0,0,0,0,0,0,0,0,0,0,0,0,0,0,0,0,0,0,0,0,0,0,0,0,0,0,0,0,0,0,0,0,0,0,0,0,0,0,0,0,0,0,0,0,0,0,28,0,0,0,0,0,0,24,0,0,0,16,0,0,0,0,0,0,0,0,0,0,0,0,0,0,0,0,0,0,0,0,0,0,0,0,0,0,0,0,0,0,0,0,0,0,0,0,0,0,0,0,0,0,0,0,0,0,0,0,0,0,0,0,0,0,0,0,0,0,0,0,0,0,0,0,0,0,0,0,0,0,0,0,0,0,0,0,0,0,1,0,0,0,0,0,0,0,0,0,0,0,0,0,0,0,0,0,0,0,0
,Bal Qty,0,0,0,0,0,0,19,0,0,0,1,0,5,0,0,0,0,5,0,0,3,2,1,0,0,0,0,0,0,0,0,0,0,0,33,0,0,0,0,0,0,0,0,0,0,0,0,0,0,0,0,0,0,1,0,2,0,0,0,0,2,0,0,0,0,0,0,0,1,0,0,0,28,16,53,5,2,0,25,35,51,12,0,20,4,0,0,0,0,0,0,0,0,0,0,0,0,0,0,0,0,0,0,0,0,0,0,0,101,10,0,0,0,0,0,0,0,0,0,4,0,0,0,0,0,0,0,0,0,130,101,15,30,2,126,7,6,1,0,1,0,0,0,0,0,0,1,0,0,0,0,0,0,0,0,5,2,4,1,29,8,0,7,23,52,31,32,5,29,0,0,0,0,0,0,0,0,0,1,1,0,6,11,0,0,0,0,0,0,0,0,0,0,37,0,13,3,0,0,0,0,0,0,0,4,0,0,0,0,0,10,3,0,15,0,0,0,0,0,0,0,0,0,0,0,0,0,0,0,0,0,29,37,31,13,0,18,6,1,4,0,4,0,0,4,3,3,2,2,0,0,0,0,0,0,0,0,0,0,14,17,12,4,13,0,0,0,0,5,5,2,0,5,0,0,0,33,79,2,9,49,0,1,0,0,0,0,0,2,0,0,0,0,6,7,0,3,0,0,0,0,0,0,0,0,0,0,0,0,0,0,0,0,12,0,0,0,0,0,1,0,0,11,0,0,1,0,0,0,0,0,0,0,0,0,0,2,0,0,0,0,6,0,0,0,0,0,0,0,0,0,0,0,0,0,0,3,0,0,0,0,0,0,0,0,0,0,0,2,0,0,0,0,0,0,0,4,0,0,0,1,0,0,5,4,0,0,0,1,0,0,0,0,0,0,2,3,5,0,0,0,0,0,2,0,2,0,0,0,0,0,0,0,0,0,0,0,0,0,0,0,0,0,0,2,2,2,0,0,1,0,0,0,0,0,0,0,7,0,0,0,28,19,0,0,0,0,0,1,0,4,9,3,4,0,0,0,0,5,3,0,0,0,0,1,0,0,4,16,0,9,24,0,18,6,0,0,2,12,14,0,0,110,9,0,15,0,2,11,9,9,0,2,17,11,2,0,0,3,0,3,4,5,0,0,0,0,0,0,0,0,0,0,0,0,4,7,6,3,3,1,2,1,0,0,0,0,0,0,1,0,0,0,0,0,0,0,0,0,0,0,1,1,1,1,1,0,0,2,0,0,0,0,0,0,5,0,2,0,0,0,0,0,0,6,0,0,0,0,0,1,4,3,1,2,0,0,0,2,4,5,3,0,4,0,0,0,0,5,2,4,14,6,12,0,1,0,0,1,0,0,14,0,0,0,0,0,0,0,4,0,0,0,0,0,0,0,0,0,0,0,5,0,0,0,0,0,0,0,0,0,0,2,1,0,0,0,3,1,0,2,0,0,0,1,9,9,8,0,2,3,1,1,8,5,0,0,16,0,5,1,5,0,0,0,0,0,1,0,0,0,0,0,0,2,0,0,0,0,0,0,0,0,0,2,0,0,0,0,0,0,0,1,0,0,0,0,0,0,0,0,0,6,0,0,0,0,0,3,3,6,5,6,0,0,10,4,3,3,0,8,0,0,6,1,0,36,0,0,0,10,2,0,9,5,36,1,0,0,32,9,12,3,0,2,0,0,0,0,0,0,0,1,0,0,0,0,0,1,1,0,0,0,0,0,6,0,0,0,0,0,1,2,0,1,1,0,0,1,0,0,0,0,0,0,0,0,0,1,0,0,0,0,362,6,0,23,23,138,0,239,48,0,0,353,0,17,0,0,6,0,0,0,0,0,0,0,0,0,0,0,0,0,0,52,13,15,0,0,89,7,0,0,3,0,1,0,0,0,8,0,0,7,3,0,1,0,0,0,12,10,0,0,0,0,18,28,6,0,0,4,8,12,0,0,0,33,18,0,10,0,2,16,0,0,0,0,0,0,12,52,0,1,41,16,0,0,0,0,0,0,0,41,14,0,0,0,0,1,0,0,0,0,0
Jul-24,Pur Qty,0,0,0,0,0,0,0,0,0,0,0,0,0,0,0,0,0,0,0,0,0,0,0,0,0,0,0,0,0,0,0,0,0,0,0,0,0,0,0,0,0,0,0,0,0,0,0,0,0,0,0,0,0,0,0,0,0,0,0,0,0,0,0,0,0,0,0,0,0,0,0,0,0,100,0,0,180,0,0,0,0,0,0,0,0,0,0,0,0,0,0,0,0,0,0,0,0,0,0,0,0,0,0,0,0,0,0,0,0,0,0,0,0,0,0,0,0,0,0,0,0,0,0,0,0,0,0,0,0,0,0,100,0,0,0,0,0,0,0,0,0,0,0,0,0,0,0,0,0,0,0,0,0,0,0,0,0,0,10,0,0,20,0,0,0,0,0,0,0,0,0,0,0,0,0,0,0,0,0,0,0,0,0,0,0,0,0,0,0,0,0,0,0,0,0,0,0,0,0,0,0,0,0,0,0,0,0,0,0,0,0,0,0,0,0,0,0,0,0,0,0,0,0,0,0,0,0,0,0,0,0,0,0,0,0,0,0,0,0,0,0,0,0,0,0,0,0,0,0,0,0,0,0,0,0,0,0,0,0,0,0,0,0,0,0,0,0,0,0,0,0,0,0,0,0,0,0,0,30,0,0,0,0,0,0,0,0,0,0,0,0,0,0,0,0,0,0,0,0,0,0,0,0,0,0,0,0,0,0,0,0,0,0,0,0,0,0,0,0,0,7,12,0,0,0,0,0,0,0,0,0,0,0,0,0,0,0,0,0,0,0,0,0,0,0,0,0,0,0,0,0,0,0,0,0,0,0,0,0,0,0,0,0,0,0,0,0,0,0,0,0,0,0,0,0,0,0,0,0,0,0,0,0,0,0,0,0,0,0,0,0,0,0,0,0,0,0,0,0,0,0,0,0,0,0,0,0,0,0,0,0,0,0,2,0,0,0,0,0,0,0,0,0,0,0,0,0,0,0,0,0,0,0,0,0,0,0,0,0,0,0,30,0,80,0,0,0,0,0,0,0,0,0,0,0,0,0,0,0,0,6,0,0,0,0,0,0,0,0,0,0,0,0,10,0,0,0,0,0,0,0,0,0,79,0,50,0,0,0,0,0,0,0,0,0,0,0,0,0,0,0,0,0,0,0,0,0,0,10,0,0,0,0,0,0,0,4,0,0,0,0,0,0,0,0,0,0,0,0,0,0,0,0,0,0,0,0,0,0,0,0,0,0,0,0,0,0,0,0,0,0,0,0,0,0,0,0,0,0,0,0,0,0,0,0,0,0,0,0,0,0,0,0,0,0,0,0,0,0,0,0,0,0,0,0,0,0,0,0,0,0,0,0,0,0,0,0,0,0,0,0,0,0,0,0,0,0,0,0,0,0,0,0,0,0,0,0,0,0,0,0,0,0,0,0,0,0,0,0,0,0,0,0,0,0,0,0,0,0,0,0,10,0,0,0,0,0,0,0,0,0,0,0,20,0,20,0,20,0,0,0,0,0,0,10,10,0,0,0,0,0,0,0,0,5,0,0,0,0,0,0,0,0,0,0,0,0,0,0,0,0,0,0,0,0,0,0,0,0,0,0,0,0,0,0,0,0,0,0,0,0,0,0,70,0,0,0,0,0,0,0,0,0,0,0,0,0,0,0,0,0,0,0,0,0,0,0,0,0,0,0,0,0,0,0,0,0,0,0,0,0,0,0,0,0,0,0,0,0,0,0,0,0,0,0,0,0,0,0,0,0,0,0,0,2,0,0,0,0,0,0,0,0,0,0,0,0,0,0,0,0,0,0,0,0,0,0,0,0,0,0,0,0,0,480,0,0,0,0,0,0,0,0,0,0,0,0,0,0,0,0,0,0,0,0,0,0,0,0,0,0,0,0,0,0,0,0,0,0,0,0,0,0,0,0,0,0,0,0,0,0,0,0,0,0,0,0,0,0,0,0,0,0,0,0,0,0,0,0,0,0,0,0,0,0,0,0,0,0,0,0,0,0,0,0,0,0,0,0,0,0,0,0,0,0,0,0,0,0,0,0,0,0,0
,Sal Qty,0,0,0,0,0,0,0,0,0,0,0,0,0,0,0,0,0,0,0,0,0,0,0,0,0,0,0,0,0,0,0,0,0,0,0,0,0,0,0,0,0,0,0,0,0,0,0,0,0,0,0,0,0,0,0,0,0,0,0,0,0,0,0,0,0,0,0,0,0,0,0,0,17,4,2,0,12,0,0,0,0,0,0,20,0,0,0,0,0,0,0,0,0,0,0,0,0,0,0,0,0,0,0,0,0,0,0,0,0,0,0,0,0,0,0,0,0,0,0,0,0,0,0,0,0,0,0,0,0,22,6,1,1,0,28,0,0,0,0,0,0,0,0,0,0,0,0,0,0,0,0,0,0,0,0,0,0,0,0,0,0,0,0,0,0,0,0,0,1,0,0,0,0,0,0,0,0,0,0,0,0,0,0,0,0,0,0,0,0,0,0,0,0,0,0,0,0,0,0,0,0,0,0,0,0,0,0,0,0,0,0,0,0,0,0,0,0,0,0,0,0,0,0,0,0,0,0,0,0,0,0,0,0,0,0,0,18,0,0,0,0,0,0,0,0,0,2,0,0,0,0,0,0,0,0,0,0,0,0,0,0,0,0,0,0,0,0,0,1,0,0,0,0,0,0,0,2,1,0,1,0,0,0,0,0,0,0,0,0,0,0,0,0,0,0,0,0,0,0,0,0,0,0,0,0,0,0,0,0,0,0,0,0,0,0,0,0,0,0,0,0,0,0,0,0,0,0,0,0,0,0,0,0,0,0,0,0,0,0,0,0,0,0,0,0,0,0,0,0,0,0,0,0,0,0,0,0,0,0,0,0,0,0,0,0,0,0,0,0,0,0,0,0,0,0,0,0,0,0,0,0,0,0,0,0,0,0,0,0,0,0,0,0,0,0,0,0,0,0,0,0,0,0,0,0,0,0,0,0,0,0,0,0,0,0,0,0,0,0,0,0,0,0,0,0,0,0,0,0,0,0,0,0,0,0,0,0,0,0,0,0,4,0,0,0,0,0,0,0,0,0,0,0,0,0,0,0,0,0,0,0,0,0,0,0,0,0,0,0,0,0,0,0,0,0,0,0,0,0,3,0,0,18,4,0,4,0,0,0,0,0,0,0,0,0,0,0,0,0,0,0,0,0,0,0,0,0,0,0,0,0,0,0,0,0,0,0,0,0,0,0,0,0,0,0,0,0,0,0,0,0,0,0,0,0,0,0,0,0,0,0,0,0,0,0,0,0,0,0,0,0,0,0,0,0,0,0,0,0,0,0,0,0,0,0,0,0,0,0,0,0,0,0,0,0,0,0,0,0,0,0,0,0,0,0,0,0,0,0,0,0,0,0,0,0,0,0,0,0,0,0,0,0,0,0,0,0,0,0,0,0,0,0,0,0,0,0,0,0,0,0,0,0,0,0,0,0,0,0,0,0,0,0,0,0,0,0,1,0,0,0,0,0,0,0,0,0,0,0,0,0,0,0,1,0,0,0,0,0,0,0,0,0,0,10,10,0,0,0,0,0,0,0,0,0,0,0,0,0,0,0,0,0,0,0,0,0,0,0,0,0,0,0,0,0,0,0,0,0,0,0,0,0,0,0,0,0,0,0,0,0,0,0,0,0,0,0,0,0,0,0,0,0,1,0,0,3,0,0,0,0,0,0,1,0,10,0,0,0,1,0,0,1,0,0,0,0,0,0,0,0,0,0,0,0,0,0,0,0,0,0,0,0,0,0,0,0,0,0,0,0,0,0,0,0,0,0,0,0,0,0,0,0,0,0,0,0,0,0,0,0,0,0,1,0,0,0,0,0,0,16,24,0,0,161,0,0,0,0,0,0,0,0,0,0,0,0,0,0,0,0,0,0,0,0,0,0,0,0,0,0,0,0,0,0,0,0,0,0,0,0,0,0,0,0,0,0,0,0,0,0,0,0,0,0,0,0,0,0,0,0,0,0,0,0,0,0,0,0,0,0,0,0,0,0,0,0,0,0,0,0,0,0,0,0,0,0,0,0,0,0,0,0,0,0,0,0,0,0,0,0,0,0,0
,Bal Qty,0,0,0,0,0,0,19,0,0,0,1,0,5,0,0,0,0,5,0,0,3,2,1,0,0,0,0,0,0,0,0,0,0,0,33,0,0,0,0,0,0,0,0,0,0,0,0,0,0,0,0,0,0,1,0,2,0,0,0,0,2,0,0,0,0,0,0,0,1,0,0,0,11,112,51,5,170,0,25,35,51,12,0,0,4,0,0,0,0,0,0,0,0,0,0,0,0,0,0,0,0,0,0,0,0,0,0,0,101,10,0,0,0,0,0,0,0,0,0,4,0,0,0,0,0,0,0,0,0,108,95,114,29,2,98,7,6,1,0,1,0,0,0,0,0,0,1,0,0,0,0,0,0,0,0,5,2,4,11,29,8,20,7,23,52,31,32,5,28,0,0,0,0,0,0,0,0,0,1,1,0,6,11,0,0,0,0,0,0,0,0,0,0,37,0,13,3,0,0,0,0,0,0,0,4,0,0,0,0,0,10,3,0,15,0,0,0,0,0,0,0,0,0,0,0,0,0,0,0,0,0,29,37,31,13,0,0,6,1,4,0,4,0,0,4,3,1,2,2,0,0,0,0,0,0,0,0,0,0,14,17,12,4,13,0,0,0,0,4,5,2,0,5,0,0,0,31,78,32,8,49,0,1,0,0,0,0,0,2,0,0,0,0,6,7,0,3,0,0,0,0,0,0,0,0,0,0,0,0,0,0,0,0,12,0,0,0,0,0,1,7,12,11,0,0,1,0,0,0,0,0,0,0,0,0,0,2,0,0,0,0,6,0,0,0,0,0,0,0,0,0,0,0,0,0,0,3,0,0,0,0,0,0,0,0,0,0,0,2,0,0,0,0,0,0,0,4,0,0,0,1,0,0,5,4,0,0,0,1,0,0,0,0,0,0,2,3,5,0,0,0,0,0,2,0,2,0,0,0,0,0,0,0,2,0,0,0,0,0,0,0,0,0,0,2,2,2,0,0,1,0,0,0,0,0,0,0,7,0,0,0,54,19,80,0,0,0,0,1,0,4,9,3,4,0,0,0,0,5,3,6,0,0,0,1,0,0,4,16,0,9,24,0,28,6,0,0,2,12,11,0,0,92,84,0,61,0,2,11,9,9,0,2,17,11,2,0,0,3,0,3,4,5,0,0,0,0,0,10,0,0,0,0,0,0,4,11,6,3,3,1,2,1,0,0,0,0,0,0,1,0,0,0,0,0,0,0,0,0,0,0,1,1,1,1,1,0,0,2,0,0,0,0,0,0,5,0,2,0,0,0,0,0,0,6,0,0,0,0,0,1,4,3,1,2,0,0,0,2,4,5,3,0,4,0,0,0,0,5,2,4,14,6,12,0,1,0,0,1,0,0,14,0,0,0,0,0,0,0,4,0,0,0,0,0,0,0,0,0,0,0,5,0,0,0,0,0,0,0,0,0,0,2,1,0,0,0,2,1,0,2,10,0,0,1,9,9,8,0,2,3,1,1,27,5,20,0,36,0,5,1,5,0,0,0,0,0,1,0,0,0,0,0,0,7,0,0,0,0,0,0,0,0,0,2,0,0,0,0,0,0,0,1,0,0,0,0,0,0,0,0,0,6,0,0,0,0,0,3,3,6,5,6,70,0,10,4,3,3,0,8,0,0,5,1,0,33,0,0,0,10,2,0,8,5,26,1,0,0,31,9,12,2,0,2,0,0,0,0,0,0,0,1,0,0,0,0,0,1,1,0,0,0,0,0,6,0,0,0,0,0,1,2,0,3,1,0,0,1,0,0,0,0,0,0,0,0,0,1,0,0,0,0,361,6,0,23,23,138,0,223,24,0,0,672,0,17,0,0,6,0,0,0,0,0,0,0,0,0,0,0,0,0,0,52,13,15,0,0,89,7,0,0,3,0,1,0,0,0,8,0,0,7,3,0,1,0,0,0,12,10,0,0,0,0,18,28,6,0,0,4,8,12,0,0,0,33,18,0,10,0,2,16,0,0,0,0,0,0,12,52,0,1,41,16,0,0,0,0,0,0,0,41,14,0,0,0,0,1,0,0,0,0,0
Aug-24,Pur Qty,0,0,0,0,0,0,0,0,0,0,0,0,0,0,0,0,0,0,0,0,0,0,0,0,0,0,0,0,0,0,0,0,0,0,0,0,0,0,0,0,0,0,0,0,0,0,0,0,0,0,0,0,0,0,0,0,0,0,0,0,0,0,0,0,0,0,0,0,0,0,0,0,0,0,0,0,0,0,0,0,0,0,0,0,0,0,0,0,0,0,0,0,0,0,0,0,0,0,0,0,0,0,0,0,0,0,0,0,0,0,0,0,0,0,0,0,0,0,0,0,0,0,0,0,0,0,0,0,0,0,0,0,0,0,0,0,0,0,0,0,0,0,0,0,0,0,0,0,0,0,0,0,0,0,0,0,0,0,0,0,0,0,0,0,0,0,0,0,0,0,0,0,0,0,0,0,0,0,0,0,0,0,0,0,0,0,0,0,0,0,0,0,0,0,0,0,0,0,0,0,0,0,0,0,0,0,0,0,0,0,0,0,0,0,0,0,0,0,0,0,0,0,0,0,0,0,0,0,0,0,0,0,0,0,0,0,0,0,0,0,0,0,0,0,0,0,0,0,0,0,0,0,0,0,0,0,0,0,0,0,0,0,0,0,0,0,0,0,0,0,0,0,0,0,0,0,0,0,0,0,0,0,0,0,0,0,0,0,0,0,0,0,0,0,0,0,0,0,0,0,0,0,0,0,0,0,0,0,0,0,0,0,0,0,0,0,0,0,0,0,0,0,0,0,0,0,0,0,0,0,0,0,0,0,0,0,0,0,0,0,0,0,0,0,0,0,0,0,0,0,0,0,0,0,0,0,0,0,0,0,0,0,0,0,0,0,0,0,0,0,0,0,0,0,0,0,0,0,0,0,0,0,0,0,0,0,0,0,0,0,0,0,0,0,0,0,0,0,0,0,0,0,0,0,0,0,0,0,0,0,0,0,0,0,0,0,0,0,0,0,0,0,0,0,0,0,0,0,0,0,0,0,0,0,0,0,0,0,0,0,0,0,0,0,0,0,0,0,0,0,0,0,0,0,0,0,0,0,0,0,0,0,0,0,0,0,0,0,0,0,0,0,0,0,0,0,0,0,0,0,0,0,0,0,0,0,0,0,0,0,0,0,0,0,0,0,0,0,0,0,0,0,0,0,0,0,0,0,0,0,0,0,0,0,0,0,0,0,0,0,0,0,0,0,0,0,0,0,0,0,0,0,0,0,0,0,0,0,0,0,0,0,0,0,0,0,0,0,0,0,0,0,0,0,0,0,0,0,0,0,0,0,0,0,0,0,0,0,0,0,0,0,0,0,0,0,0,0,0,0,0,0,0,0,0,0,0,0,0,0,0,0,0,0,0,0,0,0,0,0,0,0,0,0,0,0,0,0,0,0,0,0,0,0,0,0,0,0,0,0,0,0,0,0,0,0,0,0,0,0,0,0,0,0,0,0,0,0,0,0,0,0,0,0,0,0,0,0,0,0,0,0,0,0,0,0,0,0,0,0,0,0,0,0,0,0,0,0,0,0,0,0,0,0,0,0,0,0,0,0,0,0,0,0,0,0,0,0,0,0,0,0,0,0,0,0,0,0,0,0,0,0,0,0,0,0,0,0,0,0,0,0,0,0,0,0,0,0,0,0,0,0,0,0,0,0,0,0,0,0,0,0,0,0,0,0,0,0,0,0,0,0,0,0,0,0,0,0,0,0,0,0,0,0,0,0,0,0,0,0,0,0,1,0,0,0,0,0,0,0,0,0,0,0,0,0,0,0,0,0,0,0,0,0,0,0,0,0,0,0,0,0,0,0,0,0,0,0,0,0,0,0,0,0,0,0,0,0,0,0,0,0,0,0,0,0,0,0,0,0,0,0,0,0,0,0,0,0,0,0,0,0,0,0,0,0,0,0,0,0,0,0,0,0,0,0,0,0,0,0,0,0,0,0,0,0,0,0,0,0,0,0,0,0,0,0,0,0,0,0,0,0,0,0,0,0,0,0,0,0,0,0,0,0,0,0,0,0,0,0,0,0,0,0,0,0,0,0,0,0,0,0,0,0
,Sal Qty,0,0,0,0,0,0,0,0,0,0,0,0,0,0,0,0,0,0,0,0,0,0,0,0,0,0,0,0,0,0,0,0,0,0,1,0,0,0,0,0,0,0,0,0,0,0,0,0,0,0,0,0,0,0,0,0,0,0,0,0,0,0,0,0,0,0,0,0,0,0,0,0,4,5,0,0,21,0,0,0,0,0,0,0,0,0,0,0,0,0,0,0,0,0,0,0,0,0,0,0,0,0,0,0,0,0,0,0,2,0,0,0,0,0,0,0,0,0,0,0,0,0,0,0,0,0,0,0,0,36,7,3,0,0,43,0,0,0,0,0,0,0,0,0,0,0,0,0,0,0,0,0,0,0,0,0,0,0,0,2,0,0,0,1,1,0,0,0,0,0,0,0,0,0,0,0,0,0,0,0,0,0,0,0,0,0,0,0,0,0,0,0,0,0,0,0,0,0,0,0,0,0,0,0,0,0,0,0,0,0,0,0,0,0,0,0,0,0,0,0,0,0,0,0,0,0,0,0,0,0,0,0,0,0,0,0,0,0,1,0,0,0,0,0,3,1,0,0,0,0,0,0,0,0,0,0,0,0,0,1,0,0,0,1,0,0,0,0,0,0,0,0,0,0,0,0,13,2,10,0,21,0,0,0,0,0,0,0,0,0,0,0,0,0,0,0,0,0,0,0,0,0,0,0,0,0,0,0,0,0,0,0,0,0,0,0,0,0,0,0,2,0,0,0,0,0,0,0,0,0,0,0,0,0,0,0,0,0,0,0,0,0,0,0,0,0,0,0,0,0,0,0,0,0,0,0,0,0,0,0,0,0,0,0,0,0,0,0,0,0,0,0,0,0,0,0,0,0,0,0,0,0,0,0,0,0,0,0,0,0,0,0,0,0,0,0,0,0,0,0,0,0,0,0,0,0,0,0,0,0,0,0,0,0,0,0,0,0,0,0,0,0,0,0,0,0,0,0,0,0,0,0,0,0,0,0,0,0,0,0,0,2,0,13,0,0,0,0,0,0,1,0,0,0,0,0,0,0,0,0,0,0,0,0,0,0,0,0,0,0,0,0,0,0,0,0,0,1,0,0,0,0,26,2,0,9,0,0,1,0,0,0,0,1,0,0,0,0,0,0,0,0,0,0,0,0,0,0,0,0,0,0,0,0,0,1,0,0,0,0,0,0,0,0,0,0,0,0,0,0,0,0,0,0,0,0,0,0,0,0,0,0,0,0,0,0,0,0,0,0,0,0,0,0,0,0,0,0,0,0,0,0,0,0,0,0,0,0,0,0,0,0,0,0,0,0,0,0,0,0,0,0,0,0,0,0,0,0,0,0,0,0,0,0,0,0,0,0,0,0,0,0,0,0,0,0,0,0,0,0,0,0,0,0,0,0,0,0,0,0,0,0,0,0,0,0,0,0,0,0,0,0,0,0,0,0,0,0,1,0,0,1,0,0,0,0,0,0,0,0,0,0,0,2,1,0,0,0,0,0,0,0,0,0,0,0,0,0,0,0,0,0,0,0,1,0,0,0,0,0,0,0,0,0,0,0,0,0,0,0,0,0,0,0,0,0,0,0,0,0,0,0,0,0,0,0,0,0,0,0,0,0,0,2,0,0,0,0,0,0,0,0,0,3,0,0,5,0,0,0,0,0,0,1,0,1,0,0,0,0,1,0,0,0,0,0,0,0,0,0,0,0,0,0,0,0,0,0,0,0,0,0,1,0,0,0,0,0,0,0,0,0,0,0,0,0,0,0,0,0,0,0,0,0,0,0,0,0,0,0,0,0,0,25,0,0,0,16,17,0,16,0,0,0,64,0,0,0,0,0,0,0,0,0,0,0,0,0,0,0,0,0,0,0,0,0,0,0,0,0,0,0,0,0,0,0,0,0,0,0,0,0,0,0,0,0,0,0,0,0,0,0,0,0,0,0,0,0,0,0,0,0,0,0,0,0,0,0,0,0,0,0,0,0,0,0,0,0,0,0,0,0,0,0,0,0,0,0,0,0,0,0,0,0,0,0,0,0,0,0,0,0,0,0
,Bal Qty,0,0,0,0,0,0,19,0,0,0,1,0,5,0,0,0,0,5,0,0,3,2,1,0,0,0,0,0,0,0,0,0,0,0,32,0,0,0,0,0,0,0,0,0,0,0,0,0,0,0,0,0,0,1,0,2,0,0,0,0,2,0,0,0,0,0,0,0,1,0,0,0,7,107,51,5,149,0,25,35,51,12,0,0,4,0,0,0,0,0,0,0,0,0,0,0,0,0,0,0,0,0,0,0,0,0,0,0,99,10,0,0,0,0,0,0,0,0,0,4,0,0,0,0,0,0,0,0,0,72,88,111,29,2,55,7,6,1,0,1,0,0,0,0,0,0,1,0,0,0,0,0,0,0,0,5,2,4,11,27,8,20,7,22,51,31,32,5,28,0,0,0,0,0,0,0,0,0,1,1,0,6,11,0,0,0,0,0,0,0,0,0,0,37,0,13,3,0,0,0,0,0,0,0,4,0,0,0,0,0,10,3,0,15,0,0,0,0,0,0,0,0,0,0,0,0,0,0,0,0,0,29,37,31,13,0,0,6,0,4,0,4,0,0,1,2,1,2,2,0,0,0,0,0,0,0,0,0,0,13,17,12,4,12,0,0,0,0,4,5,2,0,5,0,0,0,18,76,22,8,28,0,1,0,0,0,0,0,2,0,0,0,0,6,7,0,3,0,0,0,0,0,0,0,0,0,0,0,0,0,0,0,0,12,0,0,0,0,0,1,5,12,11,0,0,1,0,0,0,0,0,0,0,0,0,0,2,0,0,0,0,6,0,0,0,0,0,0,0,0,0,0,0,0,0,0,3,0,0,0,0,0,0,0,0,0,0,0,2,0,0,0,0,0,0,0,4,0,0,0,1,0,0,5,4,0,0,0,1,0,0,0,0,0,0,2,3,5,0,0,0,0,0,2,0,2,0,0,0,0,0,0,0,2,0,0,0,0,0,0,0,0,0,0,2,2,2,0,0,1,0,0,0,0,0,0,0,7,0,0,0,52,19,67,0,0,0,0,1,0,3,9,3,4,0,0,0,0,5,3,6,0,0,0,1,0,0,4,16,0,9,24,0,28,6,0,0,1,12,11,0,0,66,82,0,52,0,2,10,9,9,0,2,16,11,2,0,0,3,0,3,4,5,0,0,0,0,0,10,0,0,0,0,0,0,3,11,6,3,3,1,2,1,0,0,0,0,0,0,1,0,0,0,0,0,0,0,0,0,0,0,1,1,1,1,1,0,0,2,0,0,0,0,0,0,5,0,2,0,0,0,0,0,0,6,0,0,0,0,0,1,4,3,1,2,0,0,0,2,4,5,3,0,4,0,0,0,0,5,2,4,14,6,12,0,1,0,0,1,0,0,14,0,0,0,0,0,0,0,4,0,0,0,0,0,0,0,0,0,0,0,5,0,0,0,0,0,0,0,0,0,0,2,1,0,0,0,2,0,0,2,9,0,0,1,9,9,8,0,2,3,1,1,25,4,20,0,36,0,5,1,5,0,0,0,0,0,1,0,0,0,0,0,0,6,0,0,0,0,0,0,0,0,0,2,0,0,0,0,0,0,0,1,0,0,0,0,0,0,0,0,0,6,0,0,0,0,0,3,3,6,5,6,68,0,10,4,3,3,0,8,0,0,2,1,0,28,0,0,0,10,2,0,7,5,25,1,0,0,31,8,12,2,0,2,0,0,0,0,0,0,0,1,0,0,0,0,0,1,1,0,0,0,0,0,6,0,0,0,0,0,1,2,0,3,1,0,0,1,0,0,0,0,0,0,0,0,0,1,0,0,0,0,336,6,0,23,7,121,0,207,24,0,0,608,0,17,0,0,6,0,0,0,0,0,0,0,0,0,0,0,0,0,0,52,13,15,0,0,89,7,0,0,3,0,1,0,0,0,8,0,0,7,3,0,1,0,0,0,12,10,0,0,0,0,18,28,6,0,0,4,8,12,0,0,0,33,18,0,10,0,2,16,0,0,0,0,0,0,12,52,0,1,41,16,0,0,0,0,0,0,0,41,14,0,0,0,0,1,0,0,0,0,0
Sep-24,Pur Qty,0,0,0,0,0,0,0,0,0,0,0,0,0,0,0,0,0,0,0,0,0,0,0,0,0,0,0,0,0,0,0,0,0,0,0,0,0,0,0,0,0,0,0,0,0,0,0,0,0,0,0,0,0,0,0,0,0,0,0,0,0,0,0,0,0,0,0,0,0,0,0,0,0,0,0,0,0,0,0,0,0,0,0,0,0,0,0,0,0,0,0,0,0,0,0,0,0,0,0,0,0,0,0,0,0,0,0,0,0,0,0,0,0,0,0,0,0,0,0,0,0,0,0,0,0,0,0,0,0,0,0,0,0,0,0,0,0,0,0,0,0,0,0,0,0,0,0,0,0,0,0,0,0,0,0,0,0,0,0,0,0,0,0,0,0,0,0,0,0,0,0,0,0,0,0,0,0,0,0,0,0,0,0,0,0,0,0,0,0,0,0,0,0,0,0,0,0,0,0,0,0,0,0,0,0,0,0,0,0,0,0,0,0,0,0,0,0,0,0,0,0,0,0,0,0,0,0,0,0,0,0,0,0,0,0,0,0,0,0,0,0,0,0,0,0,0,0,0,0,0,0,0,0,0,0,0,0,0,0,0,0,0,0,0,0,0,0,0,0,0,0,0,0,0,0,0,0,0,0,0,0,0,0,0,0,0,0,0,0,0,0,0,0,0,0,0,0,0,0,0,0,0,0,0,0,0,0,0,0,0,0,0,0,0,0,0,0,0,0,0,0,0,0,0,0,0,0,0,0,0,0,0,0,0,0,0,0,0,0,0,0,0,0,0,0,0,0,0,0,0,0,0,0,0,0,0,0,0,0,0,0,0,0,0,0,0,0,0,0,0,0,0,0,0,0,0,0,0,0,0,0,0,0,0,0,0,0,0,0,0,0,0,0,0,0,0,0,0,0,0,0,0,0,0,0,0,0,0,0,0,0,0,0,0,0,0,0,0,0,0,0,0,0,0,0,0,0,0,0,0,0,0,0,0,0,0,0,0,0,0,0,0,0,0,0,0,0,0,0,0,0,0,0,0,0,0,0,0,0,0,0,0,0,0,0,0,0,0,0,0,0,0,0,0,0,0,0,0,0,0,0,0,0,0,0,0,0,0,0,0,0,0,0,0,0,0,0,0,0,0,0,0,0,0,0,0,0,0,0,0,0,0,0,0,0,0,0,0,0,0,0,0,0,0,0,0,0,0,0,0,0,0,0,0,0,0,0,0,0,0,0,0,0,0,0,0,0,0,0,0,0,0,0,0,0,0,0,0,0,0,0,0,0,0,0,0,0,0,0,0,0,0,0,0,0,0,0,0,0,0,0,0,0,0,0,0,0,0,0,0,0,0,0,0,0,0,0,0,0,0,0,0,0,0,0,0,0,0,0,0,0,0,0,0,0,0,0,0,0,0,0,0,0,0,0,0,0,0,0,0,0,0,0,0,0,0,0,0,3,0,0,0,0,0,0,0,0,0,0,0,0,0,0,0,0,0,0,0,0,0,0,0,0,0,0,0,0,0,0,0,0,0,0,0,0,0,0,0,0,0,0,0,0,0,0,0,0,0,0,0,0,0,0,0,0,0,0,0,0,0,0,0,0,0,0,0,0,0,0,0,0,0,0,0,0,0,0,0,0,0,0,0,0,0,0,0,0,0,0,0,0,0,0,0,0,0,0,0,0,0,0,0,0,0,0,0,0,0,0,0,0,0,0,0,0,0,0,0,0,0,0,0,1,0,0,0,0,0,0,0,0,0,0,0,0,0,0,0,0,0,0,0,0,0,0,0,0,0,0,0,0,0,0,0,0,0,0,0,0,0,0,0,0,0,0,0,0,0,0,0,0,0,0,0,0,0,0,0,0,0,0,0,0,0,0,0,0,0,0,0,0,0,0,0,0,0,0,0,0,0,0,0,0,0,0,0,0,0,0,0,0,0,0,0,0,0,0,0,0,0,0,0,0,0,0,0,0,0,0,0,0,0,0,0,0,0,0,0,0,0,0,0,0,0,0,0,0,0,0,0,0,0,0,0,0,0,0,0,0,0,0,0,0,0
,Sal Qty,0,0,0,0,0,0,0,0,0,0,0,0,0,0,0,0,0,0,0,0,0,0,0,0,0,0,0,0,0,0,0,0,0,0,0,0,0,0,0,0,0,0,0,0,0,0,0,0,0,0,0,0,0,0,0,0,0,0,0,0,0,0,0,0,0,0,0,0,0,0,0,0,6,5,1,0,19,0,9,5,5,2,0,0,0,0,0,0,0,0,0,0,0,0,0,0,0,0,0,0,0,0,0,0,0,0,0,0,2,0,0,0,0,0,0,0,0,0,0,0,0,0,0,0,0,0,0,0,0,25,3,1,0,0,13,0,0,0,0,0,0,0,0,0,0,0,0,0,0,0,0,0,0,0,0,0,0,0,0,1,1,0,0,3,0,0,0,0,1,0,0,0,0,0,0,0,0,0,0,0,0,0,0,0,0,0,0,0,0,0,0,0,0,0,0,0,0,0,0,0,0,0,0,0,0,0,0,0,0,0,0,0,0,0,0,0,0,0,0,0,0,0,0,0,0,0,0,0,0,0,0,5,10,0,10,0,0,0,0,0,0,0,0,0,1,0,1,0,0,0,0,0,0,0,0,0,0,0,0,1,1,0,0,0,0,0,0,0,0,0,0,0,0,0,0,0,2,12,2,0,1,0,0,0,0,0,0,0,0,0,0,0,0,0,0,0,0,0,0,0,0,0,0,0,0,0,0,0,0,0,0,0,0,0,0,0,0,0,0,0,2,4,0,0,0,0,0,0,0,0,0,0,0,0,0,0,0,0,0,0,0,0,0,0,0,0,0,0,0,0,0,0,0,0,0,0,0,0,0,0,0,0,0,0,0,0,0,0,0,0,0,0,0,0,0,0,0,0,0,0,0,0,0,0,0,0,0,0,0,0,0,0,0,0,0,0,0,0,0,0,0,0,0,0,0,0,0,0,0,0,0,0,0,0,0,0,0,0,0,0,0,0,0,0,0,0,0,0,0,0,0,0,0,0,0,0,0,0,0,0,0,4,1,13,0,0,0,0,0,0,0,0,0,0,0,0,0,0,0,0,0,0,0,0,0,0,0,0,0,0,0,0,0,0,0,0,0,0,0,2,0,0,21,3,0,6,0,0,0,0,0,0,0,0,0,0,0,0,2,0,0,0,0,0,0,0,0,0,5,0,0,0,0,0,0,1,0,0,0,0,0,0,1,0,0,0,0,0,0,0,0,0,0,0,0,0,0,0,0,0,0,0,0,0,0,0,0,0,0,0,0,0,0,0,0,0,0,1,0,0,0,0,0,0,0,0,0,0,0,0,0,0,0,0,0,0,0,0,0,0,0,0,0,0,0,0,0,0,0,0,0,0,0,0,0,0,0,0,0,0,0,0,0,0,0,0,0,0,0,0,0,0,0,0,0,0,0,0,0,0,0,0,0,0,0,0,0,0,0,0,0,0,0,0,0,0,0,0,2,0,0,0,0,0,0,0,0,0,0,0,0,0,0,1,0,2,0,0,0,0,0,0,0,0,0,0,0,0,0,0,0,0,0,0,0,0,0,0,0,0,0,0,0,0,0,0,0,0,0,0,0,0,0,0,0,0,0,0,0,0,0,0,0,0,0,0,0,0,0,0,0,0,0,4,0,0,0,0,0,0,0,0,0,0,0,0,3,0,0,0,0,0,0,0,0,6,0,0,0,3,1,0,1,0,0,0,0,0,0,0,0,0,0,0,0,0,0,0,0,0,0,0,1,0,0,0,0,0,0,0,0,0,0,0,0,0,0,0,0,0,0,0,0,0,0,0,0,0,0,0,0,0,0,24,0,0,0,0,32,0,18,12,0,0,364,0,0,0,0,0,0,0,0,0,0,0,0,0,0,0,0,0,0,0,0,0,0,0,0,0,0,0,0,0,0,0,0,0,0,0,0,0,0,0,0,0,0,8,0,0,0,0,0,0,0,0,0,0,0,0,0,0,0,0,0,0,0,0,0,0,0,0,0,0,0,0,0,0,0,0,0,0,0,0,0,0,0,0,0,0,0,0,1,0,0,0,0,0,0,0,0,0,0,0
,Bal Qty,0,0,0,0,0,0,19,0,0,0,1,0,5,0,0,0,0,5,0,0,3,2,1,0,0,0,0,0,0,0,0,0,0,0,32,0,0,0,0,0,0,0,0,0,0,0,0,0,0,0,0,0,0,1,0,2,0,0,0,0,2,0,0,0,0,0,0,0,1,0,0,0,1,102,50,5,130,0,16,30,46,10,0,0,4,0,0,0,0,0,0,0,0,0,0,0,0,0,0,0,0,0,0,0,0,0,0,0,101,10,0,0,0,0,0,0,0,0,0,4,0,0,0,0,0,0,0,0,0,47,85,110,29,2,42,7,6,1,0,1,0,0,0,0,0,0,1,0,0,0,0,0,0,0,0,5,2,4,11,26,7,20,7,19,51,31,32,5,27,0,0,0,0,0,0,0,0,0,1,1,0,6,11,0,0,0,0,0,0,0,0,0,0,37,0,13,3,0,0,0,0,0,0,0,4,0,0,0,0,0,10,3,0,15,0,0,0,0,0,0,0,0,0,0,0,0,0,0,0,0,0,24,27,31,3,0,0,6,0,4,0,4,0,0,0,2,0,2,2,0,0,0,0,0,0,0,0,0,0,12,16,12,4,12,0,0,0,0,4,5,2,0,5,0,0,0,16,64,20,8,27,0,1,0,0,0,0,0,2,0,0,0,0,6,7,0,3,0,0,0,0,0,0,0,0,0,0,0,0,0,0,0,0,12,0,0,0,0,0,1,3,8,11,0,0,1,0,0,0,0,0,0,0,0,0,0,2,0,0,0,0,6,0,0,0,0,0,0,0,0,0,0,0,0,0,0,3,0,0,0,0,0,0,0,0,0,0,0,2,0,0,0,0,0,0,0,4,0,0,0,1,0,0,5,4,0,0,0,1,0,0,0,0,0,0,2,3,5,0,0,0,0,0,2,0,2,0,0,0,0,0,0,0,2,0,0,0,0,0,0,0,0,0,0,2,2,2,0,0,1,0,0,0,0,0,0,0,7,0,0,0,48,18,54,0,0,0,0,1,0,3,9,3,4,0,0,0,0,5,3,6,0,0,0,1,0,0,4,16,15,9,24,0,28,6,0,0,1,12,9,0,0,45,79,0,46,0,2,10,9,9,0,2,16,11,2,0,0,1,0,3,4,5,0,0,0,0,0,5,0,0,0,0,0,0,2,11,6,3,3,1,2,0,0,0,0,0,0,0,1,0,0,0,0,0,0,0,0,0,0,0,1,1,1,1,1,0,0,2,0,0,0,0,0,0,5,0,1,0,0,0,0,0,0,6,0,0,0,0,0,1,4,3,1,2,0,0,0,2,4,5,3,0,4,0,0,0,0,5,2,4,14,6,12,0,1,0,0,1,0,0,14,0,0,0,0,0,0,0,4,0,0,0,0,0,0,0,0,0,0,0,5,0,0,0,0,0,0,0,0,0,0,2,1,0,0,0,2,1,0,2,9,0,0,1,9,9,8,0,2,3,1,1,24,4,18,0,36,0,5,1,5,0,0,0,0,0,1,0,0,0,0,0,0,6,0,0,0,0,0,0,0,0,0,2,0,0,0,0,0,0,0,1,0,0,0,0,0,0,0,0,0,6,0,0,0,0,0,3,3,6,5,6,64,0,10,4,3,3,0,8,0,0,2,1,0,25,0,0,0,10,2,0,7,5,19,1,0,0,28,7,12,1,0,2,0,0,0,0,0,0,0,1,0,0,0,0,0,1,1,0,0,0,0,0,6,0,0,0,0,0,1,2,0,3,1,0,0,1,0,0,0,0,0,0,0,0,0,1,0,0,0,0,312,6,0,23,7,89,0,189,12,0,0,244,0,17,0,0,6,0,0,0,0,0,0,0,0,0,0,0,0,0,0,52,13,15,0,0,89,7,0,0,3,0,1,0,0,0,8,0,0,7,3,0,1,0,-8,0,12,10,0,0,0,0,18,28,6,0,0,4,8,12,0,0,0,33,18,0,10,0,2,16,0,0,0,0,0,0,12,52,0,1,41,16,0,0,0,0,0,0,0,40,14,0,0,0,0,1,0,0,0,0,0
Oct-24,Pur Qty,0,0,0,0,0,0,0,0,0,0,0,0,0,0,0,0,0,0,0,0,0,0,0,0,0,0,0,0,0,0,0,0,0,0,0,0,0,0,0,0,0,0,0,0,0,0,0,0,0,0,0,0,0,2,0,0,0,0,0,0,0,0,0,0,0,0,0,0,0,0,0,0,208,0,0,0,0,0,0,0,0,0,0,0,0,0,0,0,0,0,0,0,0,0,0,0,0,0,0,0,0,0,0,0,0,0,0,0,0,0,0,0,0,0,0,0,0,0,0,0,0,0,0,0,0,0,0,0,0,60,0,0,0,0,0,0,0,0,0,0,0,0,0,0,0,0,0,0,0,0,0,0,0,0,0,0,0,0,0,0,25,0,0,0,0,0,0,0,0,0,0,0,0,0,0,0,0,0,0,0,0,0,0,0,0,0,0,0,0,0,0,0,0,0,0,0,0,0,0,0,0,0,0,0,0,0,0,0,0,0,0,0,0,0,0,0,0,0,0,0,0,0,0,0,0,0,0,0,0,0,0,0,0,0,0,0,0,0,0,0,0,0,0,0,0,0,0,0,0,0,0,0,0,0,0,0,0,0,0,0,0,0,0,0,0,0,0,0,0,0,0,0,0,0,0,0,25,0,0,19,0,0,0,0,0,0,0,0,0,0,0,0,0,0,0,0,0,0,0,0,0,0,0,0,0,0,0,0,0,0,0,0,0,0,0,0,0,0,0,0,0,0,0,0,0,0,0,0,0,0,0,0,0,0,0,0,0,0,0,0,0,0,0,0,0,0,0,0,0,0,0,0,0,0,0,0,0,0,0,0,0,0,0,0,0,0,0,0,0,0,0,0,0,0,0,0,0,0,0,0,0,0,0,0,0,0,0,5,0,0,0,0,0,0,0,0,0,0,0,0,0,0,0,0,0,0,0,0,0,0,0,0,0,2,2,2,2,0,0,0,0,0,0,0,0,0,0,0,0,0,0,0,0,0,0,1,0,0,0,0,0,0,0,0,0,0,0,0,0,0,0,0,0,0,0,0,0,0,0,0,0,0,0,0,0,0,0,0,0,0,0,0,0,0,0,0,0,25,0,40,0,0,0,0,0,0,0,0,0,0,0,0,0,0,0,0,0,0,0,0,0,0,0,0,0,0,0,0,0,0,0,0,0,0,0,0,0,0,0,0,0,0,0,0,0,0,0,0,0,0,0,0,0,0,0,0,0,0,0,0,0,0,0,1,0,0,0,0,0,0,0,0,0,0,0,0,0,0,0,0,0,0,0,0,0,0,0,0,0,0,0,0,0,0,0,0,0,0,0,1,0,0,0,0,0,0,0,0,0,0,0,0,0,0,0,0,0,0,0,0,0,0,0,0,0,0,0,0,0,0,0,0,0,0,0,0,0,0,0,0,0,0,0,0,0,0,0,0,0,0,0,0,0,0,0,0,0,0,0,0,0,0,0,0,0,0,0,0,0,0,0,0,0,0,5,0,4,0,0,0,0,0,0,0,0,0,0,0,0,0,0,0,0,0,0,0,0,0,0,0,0,0,0,0,0,0,0,0,0,0,0,0,0,0,0,0,0,0,0,0,0,0,0,0,0,0,0,0,0,0,0,0,0,50,0,0,0,0,0,0,0,0,0,0,0,0,0,0,0,0,0,0,0,0,0,0,0,0,0,0,0,0,0,0,0,0,0,10,0,0,0,0,0,0,0,0,0,0,0,0,0,0,0,0,0,0,0,2,0,0,0,0,0,0,0,0,0,0,0,0,0,0,0,0,0,0,0,0,0,0,0,0,0,0,0,0,0,0,0,0,0,0,0,0,480,0,0,0,0,0,0,0,0,0,0,0,0,0,0,0,0,0,0,0,0,0,0,0,0,0,0,0,0,0,0,0,0,0,0,0,0,0,0,0,0,0,0,8,0,0,0,0,0,0,0,0,0,0,0,0,0,0,0,0,0,0,0,0,0,0,0,0,0,0,0,0,0,0,0,0,0,0,0,0,0,0,0,0,0,0,0,0,0,0,0,0,0,0,0,0,0,0,0,0
,Sal Qty,0,0,0,0,0,0,3,0,0,0,0,0,0,0,0,0,0,0,0,0,0,0,0,0,0,0,0,0,0,0,0,0,0,0,0,0,0,0,0,0,0,0,0,0,0,0,0,0,0,0,0,0,0,0,0,0,0,0,0,0,0,0,0,0,0,0,0,0,0,0,0,0,4,4,0,0,15,0,0,0,0,4,0,0,0,0,0,0,0,0,0,0,0,0,0,0,0,0,0,0,0,0,0,0,0,0,0,0,0,0,0,0,0,0,0,0,0,0,0,0,0,0,0,0,0,0,0,0,0,25,35,7,0,0,27,0,0,0,0,0,0,0,0,0,0,0,0,0,0,0,0,0,0,0,0,0,0,0,0,2,0,0,0,0,0,0,1,0,0,0,0,0,0,0,0,0,0,0,0,0,0,0,0,0,0,0,0,0,0,0,0,0,0,0,0,0,0,0,0,0,0,0,0,0,0,0,0,0,0,0,0,0,0,0,0,0,0,0,0,0,0,0,0,0,0,0,0,0,0,0,0,0,0,0,0,0,0,0,0,0,0,0,0,0,0,0,0,0,0,0,0,0,0,0,0,0,0,0,0,0,1,0,0,0,0,0,0,0,0,0,0,0,0,0,0,0,3,25,5,0,12,0,0,0,0,0,0,0,0,0,0,0,0,0,0,0,0,0,0,0,0,0,0,0,0,0,0,0,0,0,0,0,0,0,0,0,0,0,0,0,3,4,0,0,0,0,0,0,0,0,0,0,0,0,0,0,0,0,0,0,0,0,0,0,0,0,0,0,0,0,0,0,0,0,0,0,0,0,0,0,0,0,0,0,0,0,0,0,0,0,0,0,0,0,0,0,0,0,0,0,0,0,0,0,0,0,0,0,0,0,0,0,0,0,0,0,0,0,0,0,0,0,0,0,0,0,0,0,0,0,0,0,0,4,2,2,0,0,0,0,0,0,0,0,0,0,0,0,0,0,0,0,0,0,0,0,0,0,0,0,0,2,0,7,0,0,0,0,0,0,0,0,0,0,0,0,0,0,0,0,0,0,0,0,0,0,0,0,0,0,0,0,0,1,0,0,0,0,0,2,0,0,24,5,0,14,0,0,0,0,0,0,0,0,0,0,0,0,0,0,0,0,0,0,0,0,0,0,4,0,0,0,0,0,0,0,0,0,0,0,0,0,0,0,0,0,0,0,0,0,0,0,0,0,0,0,0,0,0,0,0,0,0,0,0,0,0,0,0,0,0,0,0,0,0,0,0,0,0,0,0,0,0,0,0,0,0,0,0,0,0,0,0,0,0,0,0,0,0,1,0,0,0,0,0,0,0,0,0,0,0,0,0,0,0,0,0,0,0,0,0,0,0,0,0,0,0,0,0,0,0,0,0,0,0,0,0,0,0,0,0,0,0,0,0,0,0,0,0,0,0,0,0,0,0,0,0,0,1,0,0,0,0,0,0,5,2,2,0,0,0,0,0,1,0,0,0,0,0,0,0,0,0,0,0,0,0,0,0,0,0,0,0,0,1,0,0,0,0,0,0,0,0,0,0,0,0,0,0,0,0,0,0,0,0,0,0,0,0,0,0,0,0,0,0,0,0,0,0,0,0,0,1,3,0,0,0,0,0,0,0,0,0,0,0,0,2,0,0,0,0,0,0,1,0,7,0,0,0,0,0,0,0,0,0,0,0,0,0,0,0,0,0,0,0,0,0,0,0,0,0,0,0,0,0,0,0,1,0,0,0,0,0,0,1,0,0,0,0,0,0,0,0,0,0,0,0,0,0,0,0,0,0,37,0,0,0,0,0,0,34,0,0,0,97,0,0,0,0,0,0,0,0,0,0,0,0,0,0,0,0,0,0,0,0,0,0,0,0,0,0,0,0,0,0,0,0,0,0,0,0,0,0,0,0,0,0,0,0,0,0,0,0,0,0,0,0,0,0,0,0,0,0,0,0,0,0,0,0,0,0,0,0,0,0,0,0,0,0,0,0,0,0,0,0,0,0,0,0,0,0,0,0,0,0,0,0,0,0,0,0,0,0,0
,Bal Qty,0,0,0,0,0,0,16,0,0,0,1,0,5,0,0,0,0,5,0,0,3,2,1,0,0,0,0,0,0,0,0,0,0,0,32,0,0,0,0,0,0,0,0,0,0,0,0,0,0,0,0,0,0,3,0,2,0,0,0,0,2,0,0,0,0,0,0,0,1,0,0,0,205,98,50,5,115,0,16,30,46,6,0,0,4,0,0,0,0,0,0,0,0,0,0,0,0,0,0,0,0,0,0,0,0,0,0,0,101,10,0,0,0,0,0,0,0,0,0,4,0,0,0,0,0,0,0,0,0,82,50,103,29,2,15,7,6,1,0,1,0,0,0,0,0,0,1,0,0,0,0,0,0,0,0,5,2,4,11,24,32,20,7,19,51,31,31,5,27,0,0,0,0,0,0,0,0,0,1,1,0,6,11,0,0,0,0,0,0,0,0,0,0,37,0,13,3,0,0,0,0,0,0,0,4,0,0,0,0,0,10,3,0,15,0,0,0,0,0,0,0,0,0,0,0,0,0,0,0,0,0,24,27,31,3,0,0,6,0,4,0,4,0,0,0,2,0,2,2,0,0,0,0,0,0,0,0,0,0,12,15,12,4,12,0,0,0,0,4,5,2,0,5,0,0,0,38,39,15,27,15,0,1,0,0,0,0,0,2,0,0,0,0,6,7,0,3,0,0,0,0,0,0,0,0,0,0,0,0,0,0,0,0,12,0,0,0,0,0,1,0,4,11,0,0,1,0,0,0,0,0,0,0,0,0,0,2,0,0,0,0,6,0,0,0,0,0,0,0,0,0,0,0,0,0,0,3,0,0,0,0,0,0,0,0,0,0,0,2,0,0,0,0,0,0,0,4,0,0,0,1,0,0,5,4,0,0,5,1,0,0,0,0,0,0,2,3,5,0,0,0,0,0,2,0,2,0,0,0,0,0,0,0,0,0,0,2,0,0,0,0,0,0,0,2,2,2,0,0,1,0,0,0,0,0,2,0,7,0,0,0,46,18,47,0,0,0,0,1,0,3,9,3,4,0,0,0,0,5,3,6,0,0,0,1,0,0,4,16,15,9,24,0,27,6,0,0,26,12,47,0,0,21,74,0,32,0,2,10,9,9,0,2,16,11,2,0,0,1,0,3,4,5,0,0,0,0,0,1,0,0,0,0,0,0,2,11,6,3,3,1,2,0,0,0,0,0,0,0,1,0,0,0,0,0,0,0,0,0,0,0,1,1,2,1,1,0,0,2,0,0,0,0,0,0,5,0,1,0,0,0,0,0,0,6,0,0,0,0,0,1,4,3,1,2,0,0,0,2,4,5,3,0,4,0,0,0,0,5,2,4,14,6,12,0,1,0,0,1,0,0,14,0,0,0,0,0,0,0,4,0,0,0,0,0,0,0,0,0,0,0,5,0,0,0,0,0,0,0,0,0,0,2,1,0,0,0,2,0,0,2,9,0,0,1,3,7,6,0,2,3,1,1,23,9,18,4,36,0,5,1,5,0,0,0,0,0,1,0,0,0,0,0,0,5,0,0,0,0,0,0,0,0,0,2,0,0,0,0,0,0,0,1,0,0,0,0,0,0,0,0,0,6,0,0,0,0,0,3,3,6,5,5,111,0,10,4,3,3,0,8,0,0,2,1,0,23,0,0,0,10,2,0,6,5,12,1,0,0,28,7,12,1,0,2,0,0,10,0,0,0,0,1,0,0,0,0,0,1,1,0,0,0,0,0,6,0,1,0,0,0,1,2,0,2,1,0,0,1,0,0,0,0,0,0,0,0,0,1,0,0,0,0,275,6,0,23,7,89,0,155,12,0,0,627,0,17,0,0,6,0,0,0,0,0,0,0,0,0,0,0,0,0,0,52,13,15,0,0,89,7,0,0,3,0,1,0,0,0,8,0,0,7,3,0,1,0,0,0,12,10,0,0,0,0,18,28,6,0,0,4,8,12,0,0,0,33,18,0,10,0,2,16,0,0,0,0,0,0,12,52,0,1,41,16,0,0,0,0,0,0,0,40,14,0,0,0,0,1,0,0,0,0,0
Nov-24,Pur Qty,0,0,0,0,0,0,0,0,0,0,0,0,0,0,0,0,0,0,0,0,0,0,0,0,0,0,0,0,0,0,0,0,0,0,0,0,0,0,0,0,0,0,0,0,0,0,0,0,0,0,0,0,0,0,0,0,0,0,0,0,0,0,0,0,0,0,0,0,0,0,0,0,0,0,0,0,0,0,0,0,0,0,0,0,0,0,0,0,0,0,0,0,0,0,0,0,0,0,0,0,0,0,0,0,0,0,0,0,0,0,0,0,0,0,0,0,0,0,0,0,0,0,0,0,0,0,0,0,0,0,0,0,0,0,0,0,0,0,0,0,0,0,0,0,0,0,0,0,0,0,0,0,0,0,0,0,0,0,0,0,0,0,0,0,0,0,0,0,0,0,0,0,0,0,0,0,0,0,0,0,0,0,0,0,0,0,0,0,0,0,0,0,0,0,0,0,0,0,0,0,0,0,0,0,0,0,0,0,0,0,0,0,0,0,0,0,0,0,0,0,0,0,0,0,0,0,0,0,0,0,0,0,0,0,0,0,1,0,0,0,0,0,0,0,0,0,0,0,0,0,0,0,0,0,0,0,0,0,0,0,0,0,0,0,0,0,0,0,0,0,0,0,0,0,0,0,0,0,0,0,0,0,0,0,0,0,0,0,0,0,0,0,0,0,0,0,0,0,0,0,0,0,0,0,0,0,0,0,0,0,0,0,0,0,0,0,0,0,0,0,0,0,0,0,0,0,0,0,0,0,0,0,0,0,0,0,0,0,0,0,0,0,0,0,0,0,0,0,0,0,0,0,0,0,0,0,0,0,0,0,0,0,0,0,0,0,0,0,0,0,0,0,0,0,0,0,0,0,0,0,0,0,0,0,0,0,0,0,0,0,0,0,0,0,0,0,0,0,0,0,0,0,0,0,0,0,0,0,0,0,0,0,0,0,0,0,0,0,0,0,0,0,0,0,0,0,0,0,0,0,0,0,0,0,0,0,0,0,0,0,0,0,0,0,0,0,0,0,0,0,0,0,0,0,0,0,0,0,0,0,0,1,0,0,0,0,0,0,0,0,0,0,0,0,0,0,0,0,0,0,0,0,5,0,0,0,0,0,0,0,0,0,0,0,0,0,0,0,0,0,0,0,0,0,0,0,0,0,0,0,0,0,0,0,0,0,0,0,0,0,0,0,0,0,0,0,0,0,0,0,0,0,0,0,0,0,0,0,0,0,0,0,0,0,0,0,0,1,0,0,0,0,0,0,0,0,0,0,0,0,0,0,0,0,0,0,0,0,0,0,0,0,0,0,0,0,0,0,0,0,0,0,0,0,0,0,0,0,0,0,0,0,0,0,0,0,0,0,0,0,0,0,0,0,0,0,0,0,0,0,0,0,0,0,0,0,0,0,0,0,0,0,0,0,0,0,0,0,0,0,0,0,0,0,0,0,0,0,0,0,0,0,0,0,0,0,0,0,0,0,0,0,0,0,0,0,0,0,0,0,0,0,0,0,0,0,0,0,0,0,0,0,0,0,0,0,0,0,0,0,0,0,0,0,0,0,0,0,0,0,0,0,0,0,0,0,0,0,0,0,0,0,0,0,0,0,0,0,0,0,0,0,0,0,0,0,0,0,0,0,0,0,0,0,0,0,0,0,0,0,0,0,0,0,0,0,0,0,0,0,0,0,0,0,0,0,0,0,0,0,0,0,0,0,0,0,0,0,0,0,0,0,0,0,0,0,0,0,0,0,0,0,0,0,0,0,0,0,0,0,0,0,0,0,0,0,0,0,0,0,0,0,0,0,0,0,0,0,0,0,0,0,0,0,0,0,0,0,0,0,0,0,0,0,0,0,0,0,0,0,0,0,0,0,0,0,0,0,0,0,0,0,0,0,0,0,0,0,0,0,0,0,0,0,0,0,0,0,0,0,0,0,0,0,0,0,0,0,0,0,0,0,0,0,0,0,0,0,0,0,0,0,0,0,0,0,0,0,0,0,0,0,0,0,0,0,0,0,0,0,0,0,0,0,0,0,0,0,0,0,0,0,0,0
,Sal Qty,0,0,0,0,0,0,0,0,0,0,0,0,0,0,0,0,0,0,0,0,0,0,0,0,0,0,0,0,0,0,0,0,0,0,0,0,0,0,0,0,0,0,0,0,0,0,0,0,0,0,0,0,0,1,0,0,0,0,0,0,0,0,0,0,0,0,0,0,0,0,0,0,3,3,1,0,15,0,0,0,0,0,0,0,0,0,0,0,0,0,0,0,0,0,0,0,0,0,0,0,0,0,0,0,0,0,0,0,0,1,0,0,0,0,0,0,0,0,0,0,0,0,0,0,0,0,0,0,0,75,36,1,0,0,9,0,0,0,0,0,0,0,0,0,0,0,0,0,0,0,0,0,0,0,0,0,1,0,0,0,5,1,1,4,0,0,0,0,0,0,0,0,0,0,0,0,0,0,0,0,0,0,0,0,0,0,0,0,0,0,0,0,0,0,0,0,0,0,0,0,0,0,0,0,0,0,0,0,0,0,0,0,0,0,0,0,0,0,0,0,0,0,0,0,0,0,0,0,0,0,0,0,0,0,0,0,1,0,0,0,0,0,0,0,0,0,0,0,1,0,0,0,0,0,0,0,0,0,0,0,1,1,3,0,0,0,0,0,0,0,0,0,0,0,0,0,3,28,1,0,3,0,0,0,0,0,0,0,0,0,0,0,0,0,0,0,0,0,0,0,0,0,0,0,0,0,0,0,0,0,0,0,0,0,0,0,0,0,0,0,0,2,0,0,0,0,0,0,0,0,0,0,0,0,0,0,0,0,0,0,0,0,0,0,0,0,0,0,0,0,0,0,0,0,0,0,0,0,0,0,0,0,0,0,0,0,0,0,0,0,0,0,0,0,0,0,0,0,0,0,0,0,0,0,0,0,0,1,0,0,0,0,0,0,0,0,0,0,0,0,0,0,0,0,0,0,0,0,0,0,0,0,0,0,0,0,0,0,0,0,0,0,0,0,0,0,0,0,0,0,0,0,0,0,0,0,0,0,0,0,0,3,1,9,0,0,0,0,0,0,0,0,0,0,0,0,0,0,0,0,0,1,0,0,0,0,0,0,0,0,0,0,0,1,0,0,0,5,0,2,0,0,13,6,0,5,0,0,0,0,0,0,0,0,0,0,0,0,0,0,0,0,0,0,0,0,0,0,0,0,0,0,0,0,0,0,0,0,0,0,0,0,0,0,0,0,0,0,0,0,0,0,0,0,0,0,0,0,0,0,0,0,0,0,0,0,0,1,0,0,0,0,0,0,0,0,0,0,0,0,0,0,0,0,0,0,0,0,0,0,0,0,0,0,0,0,0,0,0,0,0,0,0,0,0,0,0,0,0,0,0,0,0,0,0,0,0,0,0,0,0,0,0,0,0,0,0,0,0,0,0,0,0,0,0,0,0,0,0,0,0,0,0,0,0,0,0,0,0,0,0,0,0,0,0,0,0,0,0,0,0,0,0,0,0,0,0,0,0,0,0,0,0,2,1,0,0,0,0,0,0,0,0,0,0,0,0,0,0,0,0,0,0,0,0,0,0,0,0,0,0,0,0,0,0,0,0,0,0,0,0,0,0,0,0,0,0,0,0,0,0,0,0,0,0,0,0,0,0,0,0,0,0,7,0,0,0,0,0,0,0,0,0,0,0,0,12,0,0,0,0,0,0,0,0,4,0,0,0,1,0,0,0,0,0,0,0,0,0,0,0,0,0,0,0,0,0,0,0,0,0,0,0,0,0,0,0,0,0,0,0,0,0,0,0,0,0,0,0,0,0,0,0,0,0,0,0,0,0,0,0,0,0,34,0,0,0,0,0,0,22,0,0,0,280,0,12,0,0,0,0,0,0,0,0,0,0,0,0,0,0,0,0,0,0,0,0,0,0,40,0,0,0,0,0,0,0,0,0,0,0,0,0,0,0,0,0,0,0,0,0,0,0,0,0,0,0,0,0,0,0,0,0,0,0,0,0,0,0,0,0,0,0,0,0,0,0,0,0,0,1,0,0,0,0,0,0,0,0,0,0,0,0,0,0,0,0,0,0,0,0,0,0,0
,Bal Qty,0,0,0,0,0,0,16,0,0,0,1,0,5,0,0,0,0,5,0,0,3,2,1,0,0,0,0,0,0,0,0,0,0,0,32,0,0,0,0,0,0,0,0,0,0,0,0,0,0,0,0,0,0,2,0,2,0,0,0,0,2,0,0,0,0,0,0,0,1,0,0,0,202,95,49,5,100,0,16,30,46,6,0,0,4,0,0,0,0,0,0,0,0,0,0,0,0,0,0,0,0,0,0,0,0,0,0,0,101,9,0,0,0,0,0,0,0,0,0,4,0,0,0,0,0,0,0,0,0,7,14,102,29,2,6,7,6,1,0,1,0,0,0,0,0,0,1,0,0,0,0,0,0,0,0,5,1,4,11,24,27,19,6,15,51,31,31,5,27,0,0,0,0,0,0,0,0,0,1,1,0,6,11,0,0,0,0,0,0,0,0,0,0,37,0,13,3,0,0,0,0,0,0,0,4,0,0,0,0,0,10,3,0,15,0,0,0,0,0,0,0,0,0,0,0,0,0,0,0,0,0,24,27,31,3,0,0,6,0,4,0,4,0,0,0,2,0,2,1,0,0,0,0,0,0,0,0,0,0,12,14,11,1,12,0,0,0,0,4,5,2,0,5,0,0,0,35,11,14,27,12,0,1,0,0,0,0,0,2,0,0,0,0,6,7,0,3,0,0,0,0,0,0,0,0,0,0,0,0,0,0,0,0,12,0,0,0,0,0,1,0,2,11,0,0,1,0,0,0,0,0,0,0,0,0,0,2,0,0,0,0,6,0,0,0,0,0,0,0,0,0,0,0,0,0,0,3,0,0,0,0,0,0,0,0,0,0,0,2,0,0,0,0,0,0,0,4,0,0,0,1,0,0,5,4,0,0,4,1,0,0,0,0,0,0,2,3,5,0,0,0,0,0,2,0,2,0,0,0,0,0,0,0,0,0,0,2,0,0,0,0,0,0,0,2,2,2,0,0,1,0,0,0,0,0,2,0,7,0,0,0,43,17,38,0,0,0,0,1,0,3,9,3,4,0,0,0,0,5,3,6,0,0,0,1,0,0,4,16,15,9,24,0,28,6,0,0,21,12,45,0,0,13,68,0,27,0,2,10,9,9,0,2,16,11,2,0,0,1,0,3,4,5,0,0,0,0,0,1,0,0,0,0,0,0,2,11,6,3,3,1,2,0,0,0,0,0,0,0,1,0,0,0,0,0,0,0,0,0,0,0,1,1,2,1,1,0,0,2,0,0,0,0,0,0,5,0,1,0,0,0,0,0,0,6,0,0,0,0,0,1,4,3,1,2,0,0,0,2,4,5,3,0,4,0,0,0,0,5,2,4,14,6,12,0,1,0,0,1,0,0,14,0,0,0,0,0,0,0,4,0,0,0,0,0,0,0,0,0,0,0,5,0,0,0,0,0,0,0,0,0,0,2,1,0,0,0,2,0,0,2,9,0,0,1,3,7,6,0,2,3,1,1,21,8,18,4,36,0,5,1,5,0,0,0,0,0,1,0,0,0,0,0,0,5,0,0,0,0,0,0,0,0,0,2,0,0,0,0,0,0,0,1,0,0,0,0,0,0,0,0,0,6,0,0,0,0,0,3,3,6,5,5,104,0,10,4,3,3,0,8,0,0,2,1,0,11,0,0,0,10,2,0,6,5,8,1,0,0,27,7,12,1,0,2,0,0,10,0,0,0,0,1,0,0,0,0,0,1,1,0,0,0,0,0,6,0,1,0,0,0,1,2,0,2,1,0,0,1,0,0,0,0,0,0,0,0,0,1,0,0,0,0,241,6,0,23,7,89,0,133,12,0,0,347,0,5,0,0,6,0,0,0,0,0,0,0,0,0,0,0,0,0,0,52,13,15,0,0,49,7,0,0,3,0,1,0,0,0,8,0,0,7,3,0,1,0,0,0,12,10,0,0,0,0,18,28,6,0,0,4,8,12,0,0,0,33,18,0,10,0,2,16,0,0,0,0,0,0,12,51,0,1,41,16,0,0,0,0,0,0,0,40,14,0,0,0,0,1,0,0,0,0,0
Dec-24,Pur Qty,0,0,0,0,0,0,0,0,0,0,0,0,0,0,0,0,0,0,0,0,0,0,0,0,0,0,0,0,0,0,0,0,0,0,0,0,0,0,0,0,0,0,0,0,0,0,0,0,0,0,0,0,0,0,0,0,0,0,0,0,0,0,0,0,0,0,0,0,0,0,0,0,0,0,0,0,0,0,0,0,0,0,0,0,0,0,0,0,0,0,0,0,0,0,0,0,0,0,0,0,0,0,0,0,0,0,0,0,0,0,0,0,0,0,0,0,0,0,0,0,0,0,0,0,0,0,0,0,0,0,0,0,0,0,0,0,0,0,0,0,0,0,0,0,0,0,0,0,0,0,0,0,0,0,0,0,0,0,0,0,0,0,0,0,0,0,0,0,0,0,0,0,0,0,0,0,0,0,0,0,0,0,0,0,0,0,0,0,0,0,0,0,0,0,0,0,0,0,0,0,0,0,0,0,0,0,0,0,0,0,0,0,0,0,0,0,0,0,0,0,0,0,0,0,0,0,0,0,0,0,0,0,0,0,0,0,0,0,0,0,0,0,0,0,0,0,0,0,0,0,0,0,0,0,0,0,0,0,0,0,0,0,0,0,0,0,0,0,0,0,0,0,0,0,0,0,0,0,0,0,0,0,0,0,0,0,0,0,0,0,0,0,0,0,0,0,0,0,0,0,0,0,0,0,0,0,0,0,0,0,0,0,0,0,0,0,0,0,0,0,0,0,0,0,0,0,0,0,0,0,0,0,0,0,0,0,0,0,0,0,0,0,0,0,8,0,0,0,0,0,0,0,0,0,0,0,0,0,0,0,0,0,0,0,0,0,0,0,0,0,0,0,0,0,0,0,0,0,0,0,0,0,0,0,0,0,0,0,0,0,0,0,0,0,0,0,0,0,0,0,0,0,0,0,0,0,0,0,0,0,0,0,0,0,0,0,0,0,0,0,0,0,0,0,0,0,0,0,0,0,0,0,0,0,0,0,0,0,0,0,0,0,0,0,0,0,0,0,0,0,0,0,0,0,0,0,0,0,0,0,0,0,0,0,0,0,0,0,0,0,0,0,0,0,0,0,0,0,0,0,0,0,0,0,0,0,0,0,0,0,0,0,0,0,0,0,0,0,0,0,0,0,0,0,0,0,0,0,0,0,0,0,0,0,0,0,0,0,0,0,0,0,0,0,0,0,0,0,0,0,0,0,0,0,0,0,0,0,0,0,0,0,0,0,0,0,0,0,0,0,0,0,0,0,0,0,0,0,0,0,0,0,0,0,0,0,0,0,0,0,0,0,0,0,0,0,0,0,0,0,0,0,0,0,0,0,0,0,0,0,0,0,0,0,0,0,0,0,0,0,0,0,0,0,0,0,0,0,0,0,0,0,0,0,0,0,0,0,0,0,0,0,0,0,0,0,0,0,0,0,0,0,0,0,0,0,0,0,0,0,0,0,0,0,0,0,0,0,0,0,0,0,0,0,0,0,0,0,0,0,0,0,0,0,0,0,0,0,0,0,0,0,0,0,0,0,0,0,0,0,0,0,0,0,0,0,0,0,0,0,0,0,0,0,0,0,0,0,0,0,0,0,0,0,0,0,0,0,0,0,0,0,0,0,0,0,0,0,0,0,0,0,0,0,0,0,0,0,0,0,0,0,0,0,0,0,0,0,0,0,0,0,0,0,0,0,0,0,0,0,0,0,0,0,0,0,0,0,0,0,0,0,0,0,0,0,0,0,0,0,0,0,0,0,0,0,0,0,0,0,0,0,0,0,0,0,0,0,0,0,0,0,0,0,0,0,0,0,0,0,0,0,0,0,0,0,0,0,0,0,0,0,0,0,0,0,0,0,0,0,0,0,0,0,0,0,0,0,0,0,0,0,0,0,0,0,0,0,0,0,0,0,0,0,0,0,0,0,0,0,0,0,0,0,0,0,0,0,0,0,0,0,0,0,0,0,0,0,0,0,0,0,0,0,0,0,0,0,0,0,0,0,0,0,0,0,0,0,0,0,0,0,0,0,0,0,0,0,0,0,0,0,0,0
,Sal Qty,0,0,0,0,0,0,0,0,0,0,0,0,0,0,0,0,0,0,0,0,0,0,0,0,0,0,0,0,0,0,0,0,0,0,6,0,0,15,0,0,0,0,0,0,0,0,0,0,0,0,0,0,0,0,0,0,0,0,0,0,0,0,0,0,0,0,0,0,0,0,0,0,10,12,3,0,17,0,0,0,0,0,0,0,0,0,0,0,0,0,0,0,0,0,0,0,0,0,0,0,0,0,0,0,0,0,0,0,0,0,0,0,0,0,0,0,0,0,0,0,0,0,0,0,0,0,0,0,0,5,3,0,10,0,3,0,0,0,0,0,0,0,0,0,0,0,0,0,0,0,0,0,0,0,0,0,0,0,0,5,1,3,1,0,0,0,0,0,25,0,0,0,0,0,0,0,0,0,0,0,0,0,0,0,0,0,0,0,0,0,0,0,0,0,0,0,0,0,0,0,0,0,0,0,0,0,0,0,0,0,0,0,0,0,0,0,0,0,0,0,0,0,0,0,0,0,0,0,0,0,0,0,0,0,3,0,0,0,0,0,0,0,0,0,0,0,0,0,0,0,0,0,0,0,0,0,0,0,0,5,3,0,1,0,0,0,0,0,0,0,0,0,0,0,0,0,0,0,1,10,2,0,0,0,0,0,0,0,0,0,0,0,0,0,0,0,0,0,0,0,0,0,0,0,0,0,0,0,0,0,0,0,0,0,0,0,0,0,0,0,0,2,0,0,0,0,0,0,0,0,0,0,0,0,0,0,0,0,0,0,0,0,0,0,2,0,0,0,0,0,0,0,0,0,0,0,0,0,0,0,0,0,0,0,0,0,0,0,0,0,0,0,0,0,0,0,0,0,0,0,0,0,0,0,0,0,0,0,0,0,0,0,0,0,0,0,0,0,0,0,0,0,0,0,0,0,0,0,0,0,0,0,0,0,0,0,1,0,0,0,0,0,0,0,0,0,0,0,0,0,0,0,0,0,0,0,0,0,0,0,0,9,0,11,0,0,0,0,0,0,1,0,0,0,0,0,0,0,0,0,0,0,0,0,0,0,0,0,0,0,0,2,0,5,0,0,0,5,0,4,0,0,8,4,0,6,0,0,0,0,0,0,0,0,0,0,0,0,0,0,0,0,0,0,0,0,0,0,0,0,0,0,0,0,0,1,0,1,1,0,0,0,0,0,0,0,0,0,0,0,0,0,0,0,0,0,0,0,0,0,0,0,0,0,0,0,0,0,0,0,0,0,0,0,0,0,0,0,0,0,0,0,0,0,0,0,0,0,0,0,0,0,0,0,0,0,0,0,0,0,0,0,0,0,0,0,0,0,0,0,0,0,0,0,0,0,0,0,0,0,0,0,0,0,0,0,0,0,0,0,0,0,0,0,0,0,0,0,0,0,0,0,0,0,0,0,0,0,0,0,0,0,0,0,0,0,0,0,0,0,0,1,0,0,0,1,1,0,0,0,0,0,0,1,0,0,0,0,0,0,0,0,0,0,0,0,0,0,0,0,0,0,0,0,0,0,0,0,0,0,0,0,0,0,0,0,0,0,0,0,0,0,0,0,0,0,0,0,0,0,0,0,0,0,0,0,0,0,0,0,0,0,0,6,0,0,0,0,0,0,0,0,0,0,0,0,6,0,0,0,0,0,0,0,0,8,0,0,0,0,0,0,0,0,0,0,0,0,0,0,0,0,0,0,0,0,0,0,0,0,0,0,0,0,0,0,0,0,0,0,0,0,0,0,1,0,0,0,0,0,0,0,0,0,0,0,0,0,0,0,0,0,0,73,0,0,0,0,34,0,42,0,0,0,80,0,0,0,0,0,0,0,0,0,0,0,0,0,0,0,0,0,0,0,0,0,0,0,0,0,0,0,0,0,0,0,0,0,0,0,0,0,0,0,0,0,0,0,0,0,0,0,0,0,0,0,0,0,0,0,0,0,0,0,0,0,0,0,0,0,0,0,0,0,0,0,0,0,0,0,1,0,0,0,0,0,0,0,0,0,0,0,0,0,0,0,0,0,0,0,0,0,0,0
,Bal Qty,0,0,0,0,0,0,16,0,0,0,1,0,5,0,0,0,0,5,0,0,3,2,1,0,0,0,0,0,0,0,0,0,0,0,26,0,0,-15,0,0,0,0,0,0,0,0,0,0,0,0,0,0,0,2,0,2,0,0,0,0,2,0,0,0,0,0,0,0,1,0,0,0,192,83,46,5,83,0,16,30,46,6,0,0,4,0,0,0,0,0,0,0,0,0,0,0,0,0,0,0,0,0,0,0,0,0,0,0,101,9,0,0,0,0,0,0,0,0,0,4,0,0,0,0,0,0,0,0,0,2,12,102,19,2,3,7,6,1,0,1,0,0,0,0,0,0,1,0,0,0,0,0,0,0,0,5,1,4,11,19,26,16,5,15,51,31,31,5,2,0,0,0,0,0,0,0,0,0,1,1,0,6,11,0,0,0,0,0,0,0,0,0,0,37,0,13,3,0,0,0,0,0,0,0,4,0,0,0,0,0,10,3,0,15,0,0,0,0,0,0,0,0,0,0,0,0,0,0,0,0,0,24,27,31,0,0,0,6,0,4,0,4,0,0,0,2,0,2,1,0,0,0,0,0,0,0,0,0,0,7,11,11,0,12,0,0,0,0,4,5,2,0,5,0,0,0,35,11,13,17,10,0,1,0,0,0,0,0,2,0,0,0,0,6,7,0,3,0,0,0,0,0,0,0,0,0,0,0,0,0,0,0,0,12,0,0,0,0,0,1,0,0,11,0,0,1,0,0,0,0,0,0,0,0,0,0,2,0,0,0,0,6,0,0,6,0,0,0,0,0,0,0,0,0,0,0,3,0,0,0,0,0,0,0,0,0,0,0,2,0,0,0,0,0,0,0,4,0,0,0,1,0,0,5,4,0,0,4,1,0,0,0,0,0,0,2,3,5,0,0,0,0,0,2,0,2,0,0,0,0,0,0,0,0,0,0,1,0,0,0,0,0,0,0,2,2,2,0,0,1,0,0,0,0,0,2,0,7,0,0,0,34,17,27,0,0,0,0,1,0,2,9,3,4,0,0,0,0,5,3,6,0,0,0,1,0,0,4,16,15,9,22,0,23,6,0,0,16,12,41,0,0,5,64,0,21,0,2,10,9,9,0,2,16,11,2,0,0,1,0,3,4,5,0,0,0,0,0,1,0,0,0,0,0,0,1,11,5,2,3,1,2,0,0,0,0,0,0,0,1,0,0,0,0,0,0,0,0,0,0,0,1,1,2,1,1,0,0,2,0,0,0,0,0,0,5,0,1,0,0,0,0,0,0,6,0,0,0,0,0,1,4,3,1,2,0,0,0,2,4,5,3,0,4,0,0,0,0,5,2,4,14,6,12,0,1,0,0,1,0,0,14,0,0,0,0,0,0,0,4,0,0,0,0,0,0,0,0,0,0,0,5,0,0,0,0,0,0,0,0,0,0,2,1,0,0,0,2,0,0,2,8,0,0,1,2,6,6,0,2,3,1,1,20,8,18,4,36,0,5,1,5,0,0,0,0,0,1,0,0,0,0,0,0,5,0,0,0,0,0,0,0,0,0,2,0,0,0,0,0,0,0,1,0,0,0,0,0,0,0,0,0,6,0,0,0,0,0,3,3,6,5,5,98,0,10,4,3,3,0,8,0,0,2,1,0,5,0,0,0,10,2,0,6,5,0,1,0,0,27,7,12,1,0,2,0,0,10,0,0,0,0,1,0,0,0,0,0,1,1,0,0,0,0,0,6,0,1,0,0,0,1,2,0,1,1,0,0,1,0,0,0,0,0,0,0,0,0,1,0,0,0,0,168,6,0,23,7,55,0,91,12,0,0,267,0,5,0,0,6,0,0,0,0,0,0,0,0,0,0,0,0,0,0,52,13,15,0,0,49,7,0,0,3,0,1,0,0,0,8,0,0,7,3,0,1,0,0,0,12,10,0,0,0,0,18,28,6,0,0,4,8,12,0,0,0,33,18,0,10,0,2,16,0,0,0,0,0,0,12,52,0,1,41,16,0,0,0,0,0,0,0,40,14,0,0,0,0,1,0,0,0,0,0
Jan-25,Pur Qty,0,0,0,0,0,0,0,0,0,0,0,0,0,0,0,0,0,0,0,0,0,0,0,0,0,0,0,0,0,0,0,0,0,0,0,0,0,0,0,0,0,0,0,0,0,0,0,0,0,0,0,0,0,0,0,0,0,0,0,0,0,0,0,0,0,0,0,0,0,0,0,0,0,0,0,0,0,0,0,0,0,0,0,0,0,0,0,0,0,0,0,0,0,0,0,0,0,0,0,0,0,0,0,0,0,0,0,0,0,0,0,0,0,0,0,0,0,0,0,0,0,0,0,0,0,0,0,0,0,0,0,0,0,0,0,0,0,0,0,0,0,0,0,0,0,0,0,0,0,0,0,0,0,0,0,0,0,0,0,0,0,0,0,0,0,0,0,0,0,0,0,0,0,0,0,0,0,0,0,0,0,0,0,0,0,0,0,0,0,0,0,0,0,0,0,0,0,0,0,0,0,0,0,0,0,0,0,0,0,0,0,0,0,0,0,0,0,0,0,0,0,0,0,0,0,0,0,0,0,0,0,0,0,0,0,0,0,0,0,0,0,0,0,0,0,0,0,0,0,0,0,0,0,0,0,0,0,0,0,0,0,0,0,0,0,0,0,0,0,0,0,0,0,0,0,0,0,0,0,0,0,0,0,0,0,0,0,0,0,0,0,0,0,0,0,0,0,0,0,0,0,0,0,0,0,0,0,0,0,0,0,0,0,0,0,0,0,0,0,0,0,0,0,0,0,0,0,0,0,0,0,0,0,0,0,0,0,0,0,0,0,0,0,0,0,0,0,0,0,0,0,0,0,0,0,0,0,0,0,0,0,0,0,0,0,0,0,0,0,0,0,0,0,0,0,0,0,0,0,0,0,0,0,0,0,0,0,0,0,0,0,0,0,0,0,0,0,0,0,0,0,0,0,0,0,0,0,0,0,0,0,0,0,0,0,0,0,0,0,0,0,0,0,0,0,0,0,0,0,0,0,0,0,0,0,0,0,0,0,0,0,0,0,0,0,0,0,0,0,0,0,0,0,0,0,0,0,0,0,0,0,0,0,0,0,0,0,0,0,0,0,0,0,0,0,0,0,0,0,0,0,0,10,0,0,0,0,0,0,0,0,0,0,0,0,0,0,0,0,0,0,0,0,0,0,0,0,0,0,0,0,0,0,0,0,0,0,0,0,0,0,0,0,0,0,0,0,0,0,0,0,0,0,0,0,0,0,0,0,0,0,0,0,0,0,0,0,0,0,0,0,0,0,0,0,0,0,0,0,0,0,0,0,0,0,0,0,0,0,0,0,0,0,0,0,0,0,0,0,0,0,0,0,0,0,0,0,0,0,0,0,0,0,0,0,0,0,0,0,0,0,0,0,0,0,0,0,0,0,0,0,0,0,0,0,0,0,0,0,0,0,0,0,0,0,0,0,0,0,0,0,0,0,0,0,0,0,0,0,0,0,0,0,0,0,0,0,0,0,0,0,0,0,0,0,0,0,0,0,0,0,0,0,0,0,0,0,0,0,0,0,0,0,0,0,0,0,0,0,0,0,0,0,0,0,0,0,0,0,0,0,0,0,0,0,0,0,0,0,0,0,0,0,0,0,0,0,0,0,0,0,0,0,0,0,0,0,0,0,0,0,0,0,0,0,0,0,0,0,0,0,0,0,0,0,0,0,0,0,0,0,0,0,0,0,0,0,0,0,0,0,0,0,0,0,0,0,0,0,0,0,0,0,0,0,0,0,0,0,0,0,0,0,0,0,0,0,0,0,0,0,0,0,0,0,0,0,0,0,0,0,0,0,0,0,0,0,0,0,0,0,0,0,0,0,0,0,0,0,0,0,0,0,0,0,0,0,0,0,0,0,0,0,0,0,0,0,0,0,0,0,0,0,0,0,0,0,0,0,0,0,0,0,0,0,0,0,0,0,0,0,0,0,0,0,0,0,0,0,0,0,0,0,0,0,0,0,0,0,0,0,0,0,0,0,0,0,0,0,0,0,0,0,0,0,0,0,0,0,0,0,0,0,0,0,0,0,0,0,0,0,0,0,0
,Sal Qty,0,0,0,0,0,0,0,0,0,0,0,0,0,0,0,0,0,0,0,0,0,0,0,0,0,0,0,0,0,0,0,0,0,0,4,0,0,0,0,0,0,0,0,0,0,0,0,0,0,0,0,0,0,0,0,0,0,0,0,0,0,0,0,0,0,0,0,0,0,0,0,0,11,11,1,1,11,0,0,0,0,0,0,0,0,0,0,0,0,0,0,0,0,0,0,0,0,0,0,0,0,0,0,0,0,0,0,0,0,0,0,0,0,0,0,0,0,0,0,0,0,0,0,0,0,0,0,0,0,5,3,1,1,0,2,0,0,0,0,0,0,0,0,0,0,0,0,0,0,0,0,0,0,0,0,0,0,0,1,4,1,0,0,0,0,0,0,0,0,0,0,0,0,0,0,0,0,0,0,0,0,0,0,0,0,0,0,0,0,0,0,0,0,0,0,0,0,0,0,0,0,0,0,0,0,0,0,0,0,0,0,0,0,0,0,0,0,0,0,0,0,0,0,0,0,0,0,0,0,0,0,20,20,0,0,0,0,0,0,0,0,0,0,0,0,0,0,0,0,0,0,0,0,0,0,0,0,0,0,1,1,1,0,0,0,0,0,0,1,0,1,0,0,0,0,0,4,4,1,1,1,0,0,0,0,0,0,0,0,0,0,0,0,0,0,0,0,0,0,0,0,0,0,0,0,0,0,0,0,0,0,0,0,0,0,0,0,0,0,0,0,0,0,0,0,0,0,0,0,0,0,0,0,0,0,0,0,0,0,0,0,0,0,0,0,0,0,0,0,0,0,0,0,0,0,0,0,0,0,0,0,0,0,0,0,0,0,0,0,0,0,0,0,0,0,0,0,0,0,0,0,0,0,0,0,0,0,0,0,0,0,0,0,0,0,0,0,0,0,0,0,0,0,0,0,0,0,0,0,0,0,0,0,0,0,0,1,0,0,0,0,0,0,0,0,0,0,0,0,0,0,0,0,0,0,0,0,0,0,0,0,6,0,6,0,0,0,0,0,0,0,0,0,0,0,0,0,0,0,0,0,0,0,0,0,0,0,0,0,0,0,1,0,2,0,0,0,3,0,3,0,0,6,3,0,4,0,0,0,0,0,0,0,2,0,0,0,0,1,0,0,0,0,0,0,0,0,0,1,0,0,0,0,0,0,0,0,0,1,0,0,0,0,0,0,0,0,0,0,0,0,0,0,0,0,0,0,0,0,0,0,0,0,0,0,0,0,0,0,0,0,0,0,0,0,0,0,0,0,0,0,0,0,0,0,0,0,0,0,0,0,0,0,0,0,0,0,0,0,0,0,0,0,0,0,0,0,0,0,0,0,0,0,0,0,0,0,0,0,0,0,0,0,0,0,0,0,0,0,0,0,0,0,0,0,0,0,0,0,0,0,0,0,0,0,0,0,0,0,0,0,0,0,0,0,0,0,0,0,0,0,7,0,0,0,0,0,0,0,0,0,0,0,2,1,0,0,0,0,0,0,0,0,0,0,0,0,0,0,0,0,0,0,0,0,0,0,0,0,0,0,0,0,0,0,0,0,0,0,0,0,0,0,0,0,0,0,0,0,0,0,0,0,0,0,0,0,0,0,0,0,0,0,9,0,0,0,0,0,0,0,0,0,1,0,0,2,0,0,0,1,0,0,0,0,0,0,0,0,1,0,0,1,0,0,0,0,0,0,0,0,0,0,0,0,0,0,0,0,0,0,0,0,0,0,0,0,0,0,0,0,0,0,0,0,0,0,0,0,0,0,0,0,0,0,0,0,0,0,0,0,0,0,98,0,0,0,0,32,0,48,0,0,0,16,0,0,0,0,0,0,0,0,0,0,0,0,0,0,0,0,0,0,0,0,0,0,0,0,0,0,0,0,0,0,0,0,0,0,0,0,0,0,0,0,0,0,0,0,0,0,0,0,0,0,0,0,0,0,0,0,0,0,0,0,0,0,0,0,0,0,0,0,0,0,0,0,0,0,0,0,0,0,0,0,0,0,0,0,0,0,0,0,0,0,0,0,0,0,0,0,0,0,0
,Bal Qty,0,0,0,0,0,0,16,0,0,0,1,0,5,0,0,0,0,5,0,0,3,2,1,0,0,0,0,0,0,0,0,0,0,0,22,0,0,-15,0,0,0,0,0,0,0,0,0,0,0,0,0,0,0,2,0,2,0,0,0,0,2,0,0,0,0,0,0,0,1,0,0,0,181,72,45,4,72,0,16,30,46,6,0,0,4,0,0,0,0,0,0,0,0,0,0,0,0,0,0,0,0,0,0,0,0,0,0,0,101,9,0,0,0,0,0,0,0,0,0,4,0,0,0,0,0,0,0,0,0,-3,9,101,18,2,1,7,6,1,0,1,0,0,0,0,0,0,1,0,0,0,0,0,0,0,0,5,1,4,10,15,25,16,5,15,51,31,31,5,2,0,0,0,0,0,0,0,0,0,1,1,0,6,11,0,0,0,0,0,0,0,0,0,0,37,0,13,3,0,0,0,0,0,0,0,4,0,0,0,0,0,10,3,0,15,0,0,0,0,0,0,0,0,0,0,0,0,0,0,0,0,0,4,7,31,0,0,0,6,0,4,0,4,0,0,0,2,0,2,1,0,0,0,0,0,0,0,0,0,0,6,10,10,0,12,0,0,0,0,3,5,1,0,5,0,0,0,31,7,12,16,9,0,1,0,0,0,0,0,2,0,0,0,0,6,7,0,3,0,0,0,0,0,0,0,0,0,0,0,0,0,0,0,0,12,0,0,0,0,0,1,0,0,11,0,0,1,0,0,0,0,0,0,0,0,0,0,2,0,0,0,0,6,0,0,6,0,0,0,0,0,0,0,0,0,0,0,3,0,0,0,0,0,0,0,0,0,0,0,2,0,0,0,0,0,0,0,4,0,0,0,1,0,0,5,4,0,0,4,1,0,0,0,0,0,0,2,3,5,0,0,0,0,0,2,0,2,0,0,0,0,0,0,0,0,0,0,0,0,0,0,0,0,0,0,2,2,2,0,0,1,0,0,0,0,0,2,0,7,0,0,0,28,17,21,0,0,0,0,1,0,2,9,3,4,0,0,0,0,5,3,6,0,0,0,1,0,0,4,16,15,9,21,0,21,6,0,0,13,12,38,0,0,9,61,0,17,0,2,10,9,9,0,2,14,11,2,0,0,0,0,3,4,5,0,0,0,0,0,0,0,0,0,0,0,0,1,11,5,1,3,1,2,0,0,0,0,0,0,0,1,0,0,0,0,0,0,0,0,0,0,0,1,1,2,1,1,0,0,2,0,0,0,0,0,0,5,0,1,0,0,0,0,0,0,6,0,0,0,0,0,1,4,3,1,2,0,0,0,2,4,5,3,0,4,0,0,0,0,5,2,4,14,6,12,0,1,0,0,1,0,0,14,0,0,0,0,0,0,0,4,0,0,0,0,0,0,0,0,0,0,0,5,0,0,0,0,0,0,0,0,0,0,2,1,0,0,0,2,0,0,2,1,0,0,1,2,6,6,0,2,3,1,1,18,7,18,4,36,0,5,1,5,0,0,0,0,0,1,0,0,0,0,0,0,5,0,0,0,0,0,0,0,0,0,2,0,0,0,0,0,0,0,1,0,0,0,0,0,0,0,0,0,6,0,0,0,0,0,3,3,6,5,5,89,0,10,4,3,3,0,8,0,0,1,1,0,3,0,0,0,9,2,0,6,5,0,1,0,0,26,7,12,0,0,2,0,0,10,0,0,0,0,1,0,0,0,0,0,1,1,0,0,0,0,0,6,0,1,0,0,0,1,2,0,1,1,0,0,1,0,0,0,0,0,0,0,0,0,1,0,0,0,0,70,6,0,23,7,23,0,43,12,0,0,251,0,5,0,0,6,0,0,0,0,0,0,0,0,0,0,0,0,0,0,52,13,15,0,0,49,7,0,0,3,0,1,0,0,0,8,0,0,7,3,0,1,0,0,0,12,10,0,0,0,0,18,28,6,0,0,4,8,12,0,0,0,33,18,0,10,0,2,16,0,0,0,0,0,0,12,52,0,1,41,16,0,0,0,0,0,0,0,40,14,0,0,0,0,1,0,0,0,0,0
Feb-25,Pur Qty,0,0,0,15,0,0,0,0,0,0,0,0,0,0,0,0,0,0,0,0,0,0,0,0,0,0,0,0,0,0,50,0,0,0,0,0,0,15,0,0,0,0,0,0,0,0,0,0,0,0,0,0,0,0,0,0,0,0,0,0,0,0,0,0,0,0,0,0,0,0,0,0,100,0,0,0,0,0,0,0,0,0,0,15,0,0,0,0,0,0,0,0,0,0,0,0,0,0,0,0,0,0,0,0,0,0,0,0,0,0,0,0,0,0,0,0,0,1,0,0,0,0,0,0,0,0,0,0,0,140,24,0,0,0,150,0,0,0,0,2,0,0,0,0,0,0,0,0,0,0,0,0,0,0,0,0,2,0,0,0,0,0,10,0,0,0,0,0,0,0,0,0,0,0,0,0,0,0,0,0,0,0,0,0,0,0,0,0,0,0,0,0,0,0,0,0,0,0,0,0,0,0,0,0,0,0,0,0,0,0,0,0,0,0,0,0,0,0,0,0,0,0,0,0,0,0,0,0,0,0,0,0,0,0,0,0,15,0,3,0,0,0,0,0,0,0,0,0,0,0,0,0,0,0,0,0,0,0,0,0,0,0,10,15,0,0,0,0,0,0,0,0,0,0,0,0,0,0,0,0,15,0,0,0,0,0,0,0,0,0,0,0,0,0,0,0,0,0,0,0,0,0,0,0,0,0,0,0,0,0,0,0,0,0,0,0,0,0,0,0,0,0,0,0,0,0,0,0,0,0,0,0,0,0,0,0,0,0,0,0,0,0,0,0,0,0,0,0,0,0,0,0,0,0,0,0,0,0,0,0,0,0,0,0,0,0,0,0,0,0,0,0,0,0,0,0,0,0,0,0,0,0,0,0,0,0,0,0,0,0,0,0,0,0,0,0,0,0,0,0,0,0,0,0,0,0,0,0,0,0,0,0,0,2,2,2,0,0,0,0,0,0,0,0,0,0,0,0,0,0,0,0,0,0,0,0,0,0,0,0,0,0,0,0,0,0,0,0,0,0,0,0,0,0,0,0,0,0,0,0,0,0,0,0,0,0,0,0,0,0,0,0,0,0,0,0,0,0,0,0,0,0,100,0,0,75,0,0,0,0,0,0,0,0,0,0,0,0,10,0,0,0,0,0,0,0,0,12,10,0,0,0,0,0,0,0,0,0,0,0,0,0,0,0,0,0,0,0,0,0,0,0,0,0,0,0,0,0,0,0,0,0,0,0,0,0,0,2,0,0,0,0,0,0,0,0,0,0,0,0,0,5,3,1,0,0,0,0,0,0,0,0,0,0,0,0,0,0,0,0,0,0,0,0,0,0,0,0,0,0,0,0,0,0,0,0,0,0,0,0,0,0,0,0,0,0,0,0,0,0,0,0,0,0,0,0,0,0,0,0,0,0,0,0,0,0,0,0,0,0,0,3,0,0,0,0,0,0,25,0,0,0,0,0,0,2,6,8,4,0,0,0,0,0,5,0,0,0,0,0,0,0,0,0,0,0,0,0,0,0,0,0,0,0,0,0,0,0,0,0,0,0,0,0,0,0,0,0,0,0,0,0,0,0,0,0,0,0,0,0,0,0,0,0,0,0,0,0,0,0,0,0,0,0,0,0,0,0,0,0,0,0,0,6,4,0,0,0,0,0,0,0,0,0,0,50,0,0,0,0,0,0,5,0,0,0,0,0,0,0,0,0,0,0,0,2,0,0,0,0,0,0,0,0,0,0,0,1,0,0,0,0,0,0,0,0,0,0,0,0,0,2,0,0,0,0,0,0,24,0,0,0,0,0,0,0,0,0,0,0,0,48,0,160,480,0,0,0,16,0,0,0,0,0,0,0,0,0,0,0,0,0,0,0,0,0,0,0,0,0,0,0,0,0,0,0,0,0,0,0,0,0,0,0,0,0,0,0,0,0,0,0,0,0,0,0,0,0,0,0,0,0,0,0,0,0,0,0,0,0,0,0,0,0,0,0,0,0,0,0,0,0,0,0,0,0,0,0,0,0,0,0,0,0,0,0,0,0,0,0,0,0,0,0
,Sal Qty,0,0,0,1,0,0,0,0,0,0,0,0,0,0,0,0,0,0,0,0,0,0,0,0,0,0,0,0,0,0,0,0,0,0,0,0,0,0,0,0,0,0,0,0,0,0,0,0,0,0,0,0,0,0,0,0,0,0,0,0,0,0,0,0,0,0,0,0,0,0,0,0,123,3,0,0,13,0,0,0,0,0,0,0,0,0,0,0,0,0,0,0,0,0,0,0,0,0,0,0,0,0,0,0,0,0,0,0,0,0,0,0,0,0,0,0,0,0,0,0,0,0,0,0,0,0,0,0,0,62,14,0,0,0,43,0,0,0,0,0,0,0,0,0,0,0,0,0,0,0,0,0,0,0,0,0,0,0,0,0,1,0,0,5,0,0,0,0,0,0,0,0,0,0,0,0,0,0,0,0,0,2,2,0,0,0,0,0,0,0,0,0,0,0,0,0,0,0,0,0,0,0,0,0,0,0,0,0,0,0,0,0,0,0,0,0,0,0,0,0,0,0,0,0,0,0,0,0,0,0,0,0,0,4,0,0,4,0,0,0,0,0,0,0,0,1,0,0,0,0,0,0,0,0,0,0,0,0,0,0,1,0,0,5,0,0,0,0,0,0,0,0,0,0,0,0,2,0,1,0,0,0,0,0,0,0,0,0,0,0,0,0,0,1,0,0,0,0,0,0,0,0,0,0,0,0,0,0,0,0,0,0,0,0,0,0,0,0,0,0,0,0,0,0,0,0,0,0,0,0,0,0,0,0,0,0,0,0,0,0,0,0,0,0,2,0,0,0,0,0,0,0,0,0,0,0,0,0,0,0,0,0,0,0,0,0,0,0,0,0,0,0,0,0,0,0,0,0,0,0,0,0,0,0,0,0,0,0,0,0,0,0,0,0,0,0,0,0,0,0,0,0,0,0,0,0,0,0,0,0,0,0,0,0,0,0,0,0,0,0,0,0,0,0,0,0,0,0,0,0,0,0,0,0,0,0,0,0,0,0,0,1,0,8,0,0,0,0,0,0,0,0,0,0,0,0,0,0,0,0,0,0,0,0,0,0,0,0,0,0,0,0,0,0,0,0,0,4,1,14,0,0,10,4,0,6,0,0,0,0,0,0,0,0,0,0,0,0,0,0,0,0,0,0,0,0,0,5,4,0,0,0,0,0,0,0,0,0,0,0,0,0,0,0,0,0,0,0,0,0,0,0,0,0,0,0,0,0,0,0,0,0,0,0,0,0,0,0,0,0,0,0,0,0,0,0,0,0,0,0,0,0,0,0,0,0,0,0,0,0,0,0,0,0,0,0,0,0,0,0,0,0,0,0,0,0,0,0,0,0,0,0,0,0,0,0,0,0,0,0,0,0,0,0,0,0,0,0,0,0,0,0,0,0,0,0,0,0,0,0,0,0,0,0,0,0,0,0,0,0,0,0,0,0,0,0,0,0,13,0,0,1,0,0,0,0,0,0,0,0,0,0,0,0,1,1,0,0,0,0,0,0,0,0,0,0,0,0,0,0,0,0,0,0,1,0,0,0,0,0,0,0,0,0,0,0,0,0,0,0,0,0,0,0,0,0,0,0,0,0,0,0,0,0,0,0,0,0,0,0,0,0,0,3,0,0,0,0,0,0,0,0,0,0,0,0,3,0,0,0,0,0,0,0,0,4,0,0,0,3,0,0,1,0,0,0,0,0,0,0,0,0,0,0,0,0,0,0,0,0,0,0,0,0,0,0,0,2,0,0,0,0,0,0,1,0,0,0,0,0,0,0,0,0,0,0,0,0,0,0,0,0,0,24,0,0,0,0,16,0,33,0,0,0,0,0,0,0,0,0,0,0,0,0,0,0,0,0,0,0,0,0,0,0,0,0,0,0,0,0,0,0,0,0,0,0,0,0,0,0,0,0,0,0,0,0,0,0,0,0,0,0,0,0,0,0,0,0,0,0,0,0,0,0,0,0,0,0,0,0,0,0,0,0,0,0,0,0,0,0,0,0,0,0,0,0,0,0,0,0,0,0,0,0,0,0,0,0,0,0,0,0,0,0
,Bal Qty,0,0,0,14,0,0,16,0,0,0,1,0,5,0,0,0,0,5,0,0,3,2,1,0,0,0,0,0,0,0,50,0,0,0,22,0,0,0,0,0,0,0,0,0,0,0,0,0,0,0,0,0,0,2,0,2,0,0,0,0,2,0,0,0,0,0,0,0,1,0,0,0,158,69,45,4,59,0,16,30,46,6,0,15,4,0,0,0,0,0,0,0,0,0,0,0,0,0,0,0,0,0,0,0,0,0,0,0,101,9,0,0,0,0,0,0,0,1,0,4,0,0,0,0,0,0,0,0,0,75,19,101,18,2,108,7,6,1,0,3,0,0,0,0,0,0,1,0,0,0,0,0,0,0,0,5,3,4,10,15,24,16,15,10,51,31,31,5,2,0,0,0,0,0,0,0,0,0,1,1,0,4,9,0,0,0,0,0,0,0,0,0,0,37,0,13,3,0,0,0,0,0,0,0,4,0,0,0,0,0,10,3,0,15,0,0,0,0,0,0,0,0,0,0,0,0,0,0,0,0,0,4,7,27,0,0,11,6,3,4,0,4,0,0,0,1,0,2,1,0,0,0,0,0,0,0,0,0,0,6,9,10,10,22,0,0,0,0,3,5,1,0,5,0,0,0,29,7,11,16,24,0,1,0,0,0,0,0,2,0,0,0,0,5,7,0,3,0,0,0,0,0,0,0,0,0,0,0,0,0,0,0,0,12,0,0,0,0,0,1,0,0,11,0,0,1,0,0,0,0,0,0,0,0,0,0,2,0,0,0,0,6,0,0,4,0,0,0,0,0,0,0,0,0,0,0,3,0,0,0,0,0,0,0,0,0,0,0,2,0,0,0,0,0,0,0,4,0,0,0,1,0,0,5,4,0,0,4,1,0,0,0,0,0,0,2,3,5,0,0,0,0,0,2,0,2,0,0,0,0,0,0,0,2,2,2,0,0,0,0,0,0,0,0,2,2,2,0,0,1,0,0,0,0,0,2,0,7,0,0,0,27,17,13,0,0,0,0,1,0,2,9,3,4,0,0,0,0,5,3,6,0,0,0,1,0,0,4,16,15,9,21,0,21,6,0,0,9,11,24,0,0,99,57,0,86,0,2,10,9,9,0,2,14,11,2,0,0,10,0,3,4,5,0,0,0,0,7,6,0,0,0,0,0,0,1,11,5,1,3,1,2,0,0,0,0,0,0,0,1,0,0,0,0,0,0,0,0,0,0,0,1,1,2,1,1,0,2,2,0,0,0,0,0,0,5,0,1,0,0,0,5,3,3,6,0,0,0,0,0,1,4,3,1,2,0,0,0,2,4,5,3,0,4,0,0,0,0,5,2,4,14,6,12,0,1,0,0,1,0,0,14,0,0,0,0,0,0,0,4,0,0,0,0,0,0,0,0,0,0,0,5,0,0,0,0,0,0,0,0,0,3,2,1,0,0,0,2,12,0,2,0,0,0,1,4,12,14,4,2,3,1,1,18,11,17,4,36,0,5,1,5,0,0,0,0,0,1,0,0,0,0,0,0,4,0,0,0,0,0,0,0,0,0,2,0,0,0,0,0,0,0,1,0,0,0,0,0,0,0,0,0,6,0,0,0,0,0,3,3,6,5,5,86,0,10,4,3,3,0,8,0,0,7,5,0,0,0,0,0,9,2,0,6,5,46,1,0,0,23,7,12,4,0,2,0,0,10,0,0,0,0,1,0,0,2,0,0,1,1,0,0,0,0,0,6,0,0,0,0,0,1,2,0,0,1,0,0,1,0,0,2,0,0,0,0,0,0,25,0,0,0,0,46,6,0,23,7,7,0,10,60,0,160,731,0,5,0,16,6,0,0,0,0,0,0,0,0,0,0,0,0,0,0,52,13,15,0,0,49,7,0,0,3,0,1,0,0,0,8,0,0,7,3,0,1,0,0,0,12,10,0,0,0,0,18,28,6,0,0,4,8,12,0,0,0,33,18,0,10,0,2,16,0,0,0,0,0,0,12,52,0,1,41,16,0,0,0,0,0,0,0,40,14,0,0,0,0,1,0,0,0,0,0
Mar-25,Pur Qty,0,0,0,0,0,0,0,0,0,0,0,0,0,0,0,0,0,0,0,0,0,0,0,0,0,0,0,0,0,0,0,0,0,0,0,0,0,0,0,0,0,0,0,0,0,0,0,0,0,0,0,0,0,0,0,0,0,0,0,0,0,0,0,0,0,0,0,0,0,0,0,0,0,0,0,0,0,0,0,0,0,0,0,0,0,0,0,0,0,0,0,0,0,0,0,0,0,0,0,0,0,0,0,0,0,0,0,0,0,0,0,0,0,0,0,0,0,0,0,0,0,0,0,0,0,0,0,0,0,0,0,0,0,0,0,0,0,0,0,0,0,0,0,0,0,0,0,0,0,0,0,0,0,0,0,0,0,0,0,0,0,0,0,0,0,0,0,0,0,0,0,0,0,0,0,0,0,0,0,0,0,0,0,0,0,0,0,0,0,0,0,0,0,0,0,0,0,0,0,0,0,0,0,0,0,0,0,0,0,0,0,0,0,0,0,0,0,0,0,0,0,0,0,0,0,0,0,0,0,0,0,0,0,0,0,0,0,0,0,0,0,0,0,0,0,0,0,0,0,0,0,0,0,0,0,0,0,0,0,0,0,0,0,0,0,0,0,0,0,0,0,0,0,0,0,0,0,0,0,0,0,0,0,0,0,0,0,0,0,0,0,0,0,0,0,0,0,0,0,0,0,0,0,0,0,0,0,0,0,0,0,0,0,0,0,0,0,0,0,0,0,0,0,0,0,0,0,0,0,0,0,0,0,0,0,0,0,0,0,0,0,0,0,0,0,0,0,0,0,0,0,0,0,0,0,0,0,0,0,0,0,0,0,0,0,0,0,0,0,0,0,0,0,0,0,0,0,0,0,0,0,0,0,0,0,0,0,0,0,0,0,0,0,0,0,0,0,0,0,0,0,0,0,0,0,0,0,0,0,0,0,0,0,0,0,0,0,0,0,0,0,0,0,0,0,0,0,0,0,0,0,0,0,0,0,0,0,0,0,0,0,0,0,0,0,0,0,0,0,0,0,0,0,0,0,0,0,0,0,0,0,0,0,0,0,0,0,0,0,0,0,0,0,0,0,0,0,0,0,0,0,0,0,0,0,0,0,0,0,0,0,0,0,0,0,0,0,0,0,0,0,0,0,0,0,0,0,0,0,0,0,0,0,0,0,0,0,0,0,0,0,0,0,0,0,0,0,0,0,0,0,0,0,0,0,0,0,0,0,0,0,0,0,0,0,0,0,0,0,0,0,0,0,0,0,0,0,0,0,0,0,0,0,0,0,0,0,0,0,0,0,0,0,0,0,0,0,0,0,0,0,0,0,0,0,0,0,0,0,0,0,0,0,0,0,0,0,0,0,0,0,0,0,0,0,0,0,0,0,0,0,0,0,0,0,0,0,0,0,0,0,0,0,0,0,0,0,0,0,0,0,0,0,0,0,0,0,0,0,0,0,0,0,0,0,0,0,0,0,0,0,0,0,0,0,0,0,0,0,0,0,0,0,0,0,0,0,0,0,0,0,0,0,0,0,0,0,0,0,0,0,0,0,0,0,0,0,0,0,0,0,0,0,0,0,0,0,0,0,0,0,0,0,0,0,0,0,0,0,0,0,0,0,0,0,0,0,0,0,0,0,0,0,0,0,0,1,0,0,0,0,0,0,0,0,0,0,0,0,0,0,0,0,0,0,0,0,0,0,0,0,0,0,0,0,0,0,0,0,0,0,0,0,0,0,0,0,0,0,0,0,0,0,0,0,0,0,0,0,0,0,0,0,0,0,0,0,0,0,0,0,0,0,16,0,0,0,0,0,0,0,0,0,0,0,0,0,0,0,0,0,0,0,0,0,0,0,0,0,0,0,0,0,0,0,0,0,0,0,0,0,0,0,0,0,0,0,0,0,0,0,0,0,0,0,0,0,0,0,0,0,0,0,0,0,0,0,0,0,0,0,0,0,0,0,0,0,0,0,0,0,0,0,0,0,0,0,0,0,0,0,0,0,0,0,0,0,0,0,0,0,0,0,0,0,0,0,0,0,0,0,0,0,0
,Sal Qty,0,0,0,0,0,0,0,0,0,0,0,0,0,0,0,0,0,0,0,0,0,0,0,0,0,0,0,0,0,0,0,0,0,0,0,0,0,0,0,0,0,0,0,0,0,0,0,0,0,0,0,0,0,0,0,0,0,0,0,0,0,0,0,0,0,0,0,0,0,0,0,0,49,10,0,0,12,0,0,5,0,0,0,5,0,0,0,0,0,0,0,0,0,0,0,0,0,0,0,0,0,0,0,0,0,0,0,0,0,0,0,0,0,0,0,0,0,0,0,0,0,0,0,0,0,0,0,0,0,39,13,18,0,0,68,0,0,0,0,0,0,0,0,0,0,0,0,0,0,0,0,0,0,0,0,0,0,0,0,1,1,0,1,2,0,0,0,0,0,0,0,0,0,0,0,0,0,0,0,0,0,0,1,0,0,0,0,0,0,0,0,0,0,0,0,0,0,0,0,0,0,0,0,0,0,0,0,0,0,0,0,0,0,0,0,0,0,0,0,0,0,0,0,0,0,0,0,0,0,0,0,4,0,0,0,0,0,0,1,0,0,0,0,0,0,0,0,0,0,0,0,0,0,0,0,0,0,0,0,0,1,0,1,1,0,0,0,0,0,0,0,0,0,0,0,0,12,1,0,0,17,0,0,0,0,0,0,0,0,0,0,0,0,0,0,0,0,0,0,0,0,0,0,0,0,0,0,0,0,0,0,0,0,0,0,0,0,0,0,0,0,0,0,0,0,0,0,0,0,0,0,0,0,0,0,0,0,0,0,0,0,0,0,0,0,0,0,0,0,0,0,0,0,0,0,0,0,0,0,0,0,0,0,0,0,0,0,0,0,0,0,0,0,0,0,0,0,0,0,0,0,0,0,0,0,0,0,0,0,0,0,0,0,0,0,0,0,0,0,0,0,0,0,0,0,0,0,0,0,0,0,1,0,0,0,0,0,0,0,0,0,0,0,1,0,0,0,0,0,0,0,0,0,0,0,0,0,0,0,0,0,7,0,2,0,0,0,0,0,0,0,0,0,0,0,0,0,0,0,0,0,0,0,0,0,0,0,0,0,0,0,0,0,0,0,0,0,5,0,6,0,0,14,8,0,6,0,0,0,0,0,0,0,0,0,0,0,0,0,0,0,0,0,0,0,0,0,1,1,0,0,0,0,0,0,0,0,2,1,0,0,0,0,0,0,0,0,0,0,0,0,0,0,0,0,0,0,0,0,0,0,0,0,0,0,0,0,0,0,0,0,0,0,0,0,0,0,0,0,0,0,0,0,0,0,0,0,0,0,0,0,0,0,0,0,0,0,0,0,0,0,0,0,0,0,0,0,0,0,0,0,0,0,0,0,0,0,0,0,0,0,0,0,0,0,0,0,0,0,0,0,0,0,0,0,0,0,0,0,0,0,0,0,0,0,0,0,0,0,0,0,0,0,0,0,0,0,0,2,0,0,0,0,0,0,0,0,0,1,0,0,0,0,2,2,4,0,0,0,1,0,0,0,0,0,0,0,0,0,0,0,0,0,0,1,0,0,0,0,0,0,0,0,0,0,0,0,1,0,0,0,0,0,0,0,0,0,0,0,0,0,0,0,0,0,0,0,0,0,0,0,0,0,5,0,0,0,0,0,0,0,0,0,1,0,0,0,0,0,0,0,0,0,0,0,3,0,0,0,0,0,0,0,0,0,0,0,0,0,0,0,0,0,0,0,0,0,0,0,0,0,0,0,0,0,0,0,0,0,0,0,0,0,0,0,0,0,0,0,0,0,0,0,0,0,0,0,0,0,0,0,0,0,1,0,0,0,0,0,0,2,0,0,20,24,0,0,0,0,0,0,0,0,0,0,0,0,0,0,0,0,0,0,0,0,0,0,0,0,0,0,0,0,0,0,0,0,0,0,0,0,0,0,0,0,0,0,0,0,0,0,0,0,0,0,0,0,0,0,0,0,0,0,0,0,0,0,0,0,9,0,0,0,0,0,0,0,0,0,0,0,0,0,0,0,0,0,0,0,0,0,0,1,0,0,0,0,0,0,0,0,0,0,0
,Bal Qty,0,0,0,14,0,0,16,0,0,0,1,0,5,0,0,0,0,5,0,0,3,2,1,0,0,0,0,0,0,0,50,0,0,0,22,0,0,0,0,0,0,0,0,0,0,0,0,0,0,0,0,0,0,2,0,2,0,0,0,0,2,0,0,0,0,0,0,0,1,0,0,0,109,59,45,4,47,0,16,25,46,6,0,10,4,0,0,0,0,0,0,0,0,0,0,0,0,0,0,0,0,0,0,0,0,0,0,0,101,9,0,0,0,0,0,0,0,1,0,4,0,0,0,0,0,0,0,0,0,36,6,83,18,2,40,7,6,1,0,3,0,0,0,0,0,0,1,0,0,0,0,0,0,0,0,5,3,4,10,14,23,16,14,8,51,31,31,5,2,0,0,0,0,0,0,0,0,0,1,1,0,4,8,0,0,0,0,0,0,0,0,0,0,37,0,13,3,0,0,0,0,0,0,0,4,0,0,0,0,0,10,3,0,15,0,0,0,0,0,0,0,0,0,0,0,0,0,0,0,0,0,0,7,27,0,0,11,6,2,4,0,4,0,0,0,1,0,2,1,0,0,0,0,0,0,0,0,0,0,6,8,10,9,21,0,0,0,0,3,5,1,0,5,0,0,0,17,6,11,16,7,0,1,0,0,0,0,0,2,0,0,0,0,5,7,0,3,0,0,0,0,0,0,0,0,0,0,0,0,0,0,0,0,12,0,0,0,0,0,1,0,0,11,0,0,1,0,0,0,0,0,0,0,0,0,0,2,0,0,0,0,6,0,0,4,0,0,0,0,0,0,0,0,0,0,0,3,0,0,0,0,0,0,0,0,0,0,0,2,0,0,0,0,0,0,0,4,0,0,0,1,0,0,5,4,0,0,4,1,0,0,0,0,0,0,2,3,5,0,0,0,0,0,2,0,2,0,0,0,0,0,0,0,2,2,2,0,0,0,0,0,0,0,0,2,2,2,0,0,1,0,0,0,0,0,2,0,7,0,0,0,20,17,11,0,0,0,0,1,0,2,9,3,4,0,0,0,0,5,3,6,0,0,0,1,0,0,4,16,15,9,21,0,21,6,0,0,4,11,18,0,0,85,49,0,80,0,2,10,9,9,0,2,14,11,2,0,0,10,0,3,4,5,0,0,0,0,6,5,0,0,0,0,0,0,1,11,3,0,3,1,2,0,0,0,0,0,0,0,1,0,0,0,0,0,0,0,0,0,0,0,1,1,2,1,1,0,2,2,0,0,0,0,0,0,5,0,1,0,0,0,5,3,3,6,0,0,0,0,0,1,4,3,1,2,0,0,0,2,4,5,3,0,4,0,0,0,0,5,2,4,14,6,12,0,1,0,0,1,0,0,14,0,0,0,0,0,0,0,4,0,0,0,0,0,0,0,0,0,0,0,5,0,0,0,0,0,0,0,0,0,3,2,1,0,0,0,2,10,0,2,0,0,0,1,4,12,14,3,2,3,1,1,16,9,13,4,36,0,4,1,5,0,0,0,0,0,1,0,0,0,0,0,0,3,0,0,0,0,0,0,0,0,0,2,0,0,0,0,0,0,0,1,0,0,0,0,0,0,0,0,0,6,0,0,0,0,0,3,3,6,5,5,81,0,10,4,3,3,0,8,0,0,6,5,0,1,0,0,0,9,2,0,6,5,43,1,0,0,23,7,12,4,0,2,0,0,10,0,0,0,0,1,0,0,2,0,0,1,1,0,0,0,0,0,6,0,0,0,0,0,1,2,0,0,1,0,0,1,0,0,2,0,0,0,0,0,0,25,0,0,0,0,61,6,0,23,7,7,0,8,60,0,140,707,0,5,0,16,6,0,0,0,0,0,0,0,0,0,0,0,0,0,0,52,13,15,0,0,49,7,0,0,3,0,1,0,0,0,8,0,0,7,3,0,1,0,0,0,12,10,0,0,0,0,18,28,6,0,0,4,8,12,0,0,0,33,18,0,1,0,2,16,0,0,0,0,0,0,12,52,0,1,41,16,0,0,0,0,0,0,0,39,14,0,0,0,0,1,0,0,0,0,0
Apr-25,Pur Qty,0,0,0,0,0,0,0,0,0,0,0,0,0,0,0,0,0,0,0,0,0,0,0,0,0,0,0,0,0,0,0,0,0,0,0,0,0,0,0,0,0,0,0,0,0,0,0,0,0,0,0,0,0,0,0,0,0,0,0,0,0,0,0,0,0,0,0,0,0,0,0,0,0,0,0,0,0,0,0,0,0,0,0,0,0,0,0,0,0,0,0,0,0,0,0,0,0,0,0,0,0,0,0,0,0,0,0,0,0,0,0,0,0,0,0,0,0,0,0,0,0,0,0,0,0,0,0,0,0,0,0,0,0,0,0,0,0,0,0,0,0,0,0,0,0,0,0,0,0,0,0,0,0,0,0,0,0,0,0,0,0,0,0,0,0,0,0,0,0,0,0,0,0,0,0,0,0,0,0,0,0,0,0,0,0,0,0,0,0,0,0,0,0,0,0,0,0,0,0,0,0,0,0,0,0,0,0,0,0,0,0,0,0,0,0,0,0,0,0,0,0,0,0,0,0,0,0,0,0,0,0,0,0,0,0,0,0,0,0,0,0,0,0,0,0,0,0,0,0,0,0,0,0,0,0,0,0,0,0,0,0,0,0,0,0,0,0,0,0,0,0,0,0,0,0,0,0,0,0,0,0,0,0,0,0,0,0,0,0,0,0,0,0,0,0,0,0,0,0,0,0,0,0,0,0,0,0,0,0,0,0,0,0,0,0,0,0,0,0,0,0,0,0,0,0,0,0,0,0,0,0,0,0,0,0,0,0,0,0,0,0,0,0,0,0,0,0,0,0,0,0,0,0,0,0,0,0,0,0,0,0,0,0,0,0,0,0,0,0,0,0,0,0,0,0,0,0,0,0,0,0,0,0,0,0,0,0,0,0,0,0,0,0,0,0,0,0,0,0,0,0,0,0,0,0,0,0,0,0,0,0,0,0,0,0,0,0,0,0,0,0,0,0,0,0,0,0,0,0,0,0,0,0,0,0,0,0,0,0,0,0,0,0,0,0,0,0,0,0,0,0,0,0,0,0,0,0,0,0,0,0,0,0,0,0,0,0,0,0,0,0,0,0,0,0,0,0,0,0,0,0,0,0,0,0,0,0,0,0,0,0,0,0,0,0,0,0,0,0,0,0,0,0,0,0,0,0,0,0,0,0,0,0,0,0,0,0,0,0,0,0,0,0,0,0,0,0,0,0,0,0,0,0,0,0,0,0,0,0,0,0,0,0,0,0,0,0,0,0,0,0,0,0,0,0,0,0,0,0,0,0,0,0,0,0,0,0,0,0,0,0,0,0,0,0,0,0,0,0,0,0,0,0,0,0,0,0,0,0,0,0,0,0,0,0,0,0,0,0,0,0,0,0,0,0,0,0,0,0,0,0,0,0,0,0,0,0,0,0,0,0,0,0,0,0,0,0,0,0,0,0,0,0,0,0,0,0,0,0,0,0,0,0,0,0,0,0,0,0,0,0,0,0,0,0,0,0,0,0,0,0,0,0,0,0,0,0,0,0,0,0,0,0,0,0,0,0,0,0,0,0,0,0,0,0,0,0,0,0,0,0,0,0,0,0,0,0,0,0,0,0,0,0,0,0,0,0,0,0,0,0,0,0,0,0,0,0,0,0,0,0,0,0,0,0,0,0,0,0,0,0,0,0,0,0,0,0,0,0,0,0,0,0,0,0,0,0,0,0,0,0,0,0,0,0,0,0,0,0,0,0,0,0,0,0,0,0,0,0,0,0,0,0,0,0,0,0,0,0,0,0,0,0,0,0,0,0,0,0,0,0,0,0,0,0,0,0,0,0,0,0,0,0,0,0,0,0,0,0,0,0,0,0,0,0,0,0,0,0,0,0,0,0,0,0,0,0,0,0,0,0,0,0,0,0,0,0,0,8,0,0,0,0,0,0,0,0,0,0,0,0,0,0,0,0,0,0,0,0,0,0,0,0,0,0,0,0,0,0,0,0,0,0,0,0,0,0,0,0,0,0,0,0,0,0,0,0,0,0,0,0,0,0,0,0,0,0,0,0,0,0,0,0,0
,Sal Qty,0,0,0,0,0,0,0,0,0,0,0,0,0,0,0,0,0,0,0,0,0,0,0,0,0,0,0,0,0,0,0,0,0,0,0,0,0,0,0,0,0,0,0,0,0,0,0,0,0,0,0,0,0,0,0,0,0,0,0,0,0,0,0,0,0,0,0,0,0,0,0,0,47,3,2,0,5,0,16,0,0,0,0,0,0,0,0,0,0,0,0,0,0,0,0,0,0,0,0,0,0,0,0,0,0,0,0,0,0,0,0,0,0,0,0,0,0,0,0,0,0,0,0,0,0,0,0,0,0,28,2,7,0,0,31,0,0,0,0,0,0,0,0,0,0,0,0,0,0,0,0,0,0,0,0,0,0,0,0,1,0,0,0,1,0,0,0,0,0,0,0,0,0,0,0,0,0,0,0,0,0,0,3,0,0,0,0,0,0,0,0,0,0,0,0,0,0,0,0,0,0,0,0,0,0,0,0,0,0,0,0,0,0,0,0,0,0,0,0,0,0,0,0,0,0,0,0,0,0,0,0,0,12,0,0,0,0,0,0,0,0,0,0,0,0,0,0,0,0,0,0,0,0,0,0,0,0,0,0,1,0,0,0,0,0,0,0,0,0,0,0,0,0,0,0,0,0,1,5,0,0,0,0,0,0,0,0,0,0,0,0,0,0,1,0,0,0,0,0,0,0,0,0,0,0,0,0,0,0,0,0,0,0,0,0,0,0,0,0,0,0,0,0,0,0,0,0,0,0,0,0,0,0,0,0,0,0,0,0,0,0,0,0,0,0,0,0,0,0,0,0,0,0,0,0,0,0,0,0,0,0,0,0,0,0,0,0,0,0,0,0,0,0,0,0,0,0,0,0,0,0,0,0,0,0,0,0,0,0,0,0,0,0,0,0,0,0,0,0,0,0,0,0,0,0,0,0,0,0,0,0,0,0,1,0,0,0,0,0,0,0,0,0,0,0,0,0,0,0,0,0,0,0,0,0,0,0,0,0,0,0,4,0,1,0,0,0,0,0,0,0,0,0,0,0,0,0,0,0,0,0,0,0,0,0,0,0,0,0,0,0,0,0,0,0,0,0,2,0,0,0,0,23,3,0,6,0,0,0,0,0,0,0,0,0,0,0,0,1,0,0,0,0,0,0,0,0,0,0,0,0,0,0,0,0,0,0,0,0,0,0,0,0,0,0,0,0,0,0,0,0,0,0,0,0,0,0,0,0,0,0,0,0,0,0,0,0,0,0,0,0,0,0,0,0,0,0,0,0,0,0,0,0,0,0,0,0,0,0,0,1,0,0,0,0,0,0,0,0,0,0,0,0,0,0,0,0,0,0,0,0,0,0,0,0,0,0,0,0,0,0,0,0,0,0,0,0,0,0,0,0,0,0,0,0,0,0,0,0,0,0,0,0,0,0,0,0,0,0,0,0,0,0,0,0,0,0,0,0,0,0,0,0,0,0,4,2,1,0,0,0,0,0,0,0,3,0,0,0,0,0,0,0,0,0,0,0,0,0,0,0,0,0,0,0,0,0,0,0,0,0,0,0,0,0,0,0,0,0,0,0,0,0,0,0,0,0,0,0,0,0,0,0,0,0,0,0,0,0,0,0,1,0,4,0,0,0,0,0,0,0,0,0,0,0,0,1,0,0,0,0,0,0,0,0,1,0,0,0,0,0,0,0,0,0,0,0,0,0,0,0,0,0,0,0,0,0,0,0,0,0,0,0,0,0,0,0,0,0,0,0,0,0,0,0,0,0,0,0,0,0,0,0,0,0,0,0,0,0,0,0,0,0,8,0,0,0,0,0,0,0,0,0,28,0,0,0,0,0,0,0,0,0,0,0,0,0,0,0,0,0,0,0,0,0,0,0,0,0,0,0,0,0,0,0,0,0,0,8,0,0,0,0,0,0,0,0,0,0,0,0,0,0,0,0,0,0,0,0,0,0,0,0,0,0,0,0,0,0,0,0,0,0,0,0,0,0,0,0,0,0,0,0,0,0,0,0,0,0,0,0,0,0,0,0,0,0,0,0,0,0,0,0,0
,Bal Qty,0,0,0,14,0,0,16,0,0,0,1,0,5,0,0,0,0,5,0,0,3,2,1,0,0,0,0,0,0,0,50,0,0,0,22,0,0,0,0,0,0,0,0,0,0,0,0,0,0,0,0,0,0,2,0,2,0,0,0,0,2,0,0,0,0,0,0,0,1,0,0,0,62,56,43,4,42,0,0,25,46,6,0,10,4,0,0,0,0,0,0,0,0,0,0,0,0,0,0,0,0,0,0,0,0,0,0,0,101,9,0,0,0,0,0,0,0,1,0,4,0,0,0,0,0,0,0,0,0,8,4,76,18,2,9,7,6,1,0,3,0,0,0,0,0,0,1,0,0,0,0,0,0,0,0,5,3,4,10,13,23,16,14,7,51,31,31,5,2,0,0,0,0,0,0,0,0,0,1,1,0,4,5,0,0,0,0,0,0,0,0,0,0,37,0,13,3,0,0,0,0,0,0,0,4,0,0,0,0,0,10,3,0,15,0,0,0,0,0,0,0,0,0,0,0,0,0,0,0,0,0,0,-5,27,0,0,11,6,2,4,0,4,0,0,0,1,0,2,1,0,0,0,0,0,0,0,0,0,0,5,8,10,9,21,0,0,0,0,3,5,1,0,5,0,0,0,17,5,6,16,7,0,1,0,0,0,0,0,2,0,0,0,0,4,7,0,3,0,0,0,0,0,0,0,0,0,0,0,0,0,0,0,0,12,0,0,0,0,0,1,0,0,11,0,0,1,0,0,0,0,0,0,0,0,0,0,2,0,0,0,0,6,0,0,4,0,0,0,0,0,0,0,0,0,0,0,3,0,0,0,0,0,0,0,0,0,0,0,2,0,0,0,0,0,0,0,4,0,0,0,1,0,0,5,4,0,0,4,1,0,0,0,0,0,0,2,3,5,0,0,0,0,0,2,0,2,0,0,0,0,0,0,0,1,2,2,0,0,0,0,0,0,0,0,2,2,2,0,0,1,0,0,0,0,0,2,0,7,0,0,0,16,17,10,0,0,0,0,1,0,2,9,3,4,0,0,0,0,5,3,6,0,0,0,1,0,0,4,16,15,9,21,0,21,6,0,0,2,11,18,0,0,62,46,0,74,0,2,10,9,9,0,2,14,11,2,0,0,9,0,3,4,5,0,0,0,0,6,5,0,0,0,0,0,0,1,11,3,0,3,1,2,0,0,0,0,0,0,0,1,0,0,0,0,0,0,0,0,0,0,0,1,1,2,1,1,0,2,2,0,0,0,0,0,0,5,0,1,0,0,0,5,3,3,6,0,0,0,0,0,0,4,3,1,2,0,0,0,2,4,5,3,0,4,0,0,0,0,5,2,4,14,6,12,0,1,0,0,1,0,0,14,0,0,0,0,0,0,0,4,0,0,0,0,0,0,0,0,0,0,0,5,0,0,0,0,0,0,0,0,0,3,2,1,0,0,0,2,10,0,2,0,0,0,1,0,10,13,3,2,3,1,1,16,9,10,4,36,0,4,1,5,0,0,0,0,0,1,0,0,0,0,0,0,3,0,0,0,0,0,0,0,0,0,2,0,0,0,0,0,0,0,1,0,0,0,0,0,0,0,0,0,6,0,0,0,0,0,3,3,6,4,5,77,0,10,4,3,3,0,8,0,0,6,5,0,0,0,0,0,9,2,0,6,5,42,1,0,0,23,7,12,4,0,2,0,0,10,0,0,0,0,1,0,0,2,0,0,1,1,0,0,0,0,0,6,0,0,0,0,0,1,2,0,0,1,0,0,1,0,0,2,0,0,0,0,0,0,25,0,0,0,0,53,6,0,23,7,7,0,8,60,0,112,707,0,5,0,16,6,0,0,0,0,0,0,0,0,0,0,0,0,0,0,52,13,15,0,0,49,7,0,0,3,0,1,0,0,0,8,0,0,7,3,0,1,0,0,0,12,10,0,0,0,0,18,28,6,0,0,4,8,12,0,0,0,33,18,0,1,0,2,16,0,0,0,0,0,0,12,52,0,1,41,16,0,0,0,0,0,0,0,39,14,0,0,0,0,1,0,0,0,0,0
May-25,Pur Qty,0,0,0,0,0,0,0,0,0,0,0,0,0,0,0,0,0,0,0,0,0,0,0,0,0,0,0,0,0,0,0,0,0,0,0,0,0,0,0,0,0,0,0,0,0,0,0,0,0,0,0,0,0,0,0,0,0,0,0,0,0,0,0,0,0,0,0,0,0,0,0,0,0,25,0,0,100,0,0,0,0,10,0,15,0,0,0,0,0,0,0,0,0,0,0,0,0,0,0,0,0,0,0,0,0,0,0,0,0,0,0,0,0,0,0,0,0,0,0,0,0,0,0,0,0,0,0,0,0,160,220,0,15,0,1,0,0,0,0,0,0,0,0,0,0,0,0,0,0,0,0,0,0,0,0,0,0,0,0,0,0,0,0,20,0,0,0,0,25,0,0,0,0,0,0,0,0,0,0,0,0,0,0,0,0,0,0,0,0,0,0,0,0,0,0,0,0,0,0,0,0,0,0,0,0,0,0,0,0,0,0,0,0,0,0,0,0,0,0,0,0,0,0,0,0,0,0,0,0,0,0,0,25,0,25,0,0,0,0,0,0,0,0,0,0,0,0,0,0,0,0,0,0,0,0,0,0,0,0,10,0,0,0,0,0,0,0,0,0,0,0,0,0,0,0,0,25,50,20,0,40,0,0,0,0,0,0,0,0,0,0,0,0,0,0,0,0,0,0,0,0,0,0,0,0,0,0,0,0,0,0,0,0,0,0,0,0,0,0,0,0,12,0,0,0,0,0,0,0,0,0,0,0,0,0,0,0,0,0,0,0,0,0,0,0,0,0,0,0,0,0,0,0,0,0,0,0,0,0,0,0,0,0,0,0,0,0,0,0,0,0,0,0,0,0,0,0,0,0,0,0,0,0,0,0,0,0,0,0,0,0,0,0,0,0,0,0,0,0,0,0,0,0,0,0,0,0,0,0,0,0,0,0,4,0,0,4,0,0,0,0,0,0,0,0,0,0,0,0,0,0,0,0,0,0,0,0,0,0,0,0,0,0,0,0,0,0,0,0,0,0,0,0,0,0,0,0,0,0,0,0,2,0,0,0,0,0,0,0,0,0,0,0,0,0,0,0,25,0,20,0,0,80,25,0,30,0,0,0,0,0,0,0,0,0,0,0,0,0,0,0,0,0,0,0,0,0,0,0,0,0,0,0,0,0,0,0,0,0,0,0,0,0,0,0,0,0,0,0,0,0,0,0,0,0,0,0,0,0,0,0,0,0,0,0,0,0,0,0,0,0,0,0,0,0,0,0,0,0,0,0,0,0,0,0,0,0,0,0,0,0,0,0,0,0,0,0,0,0,0,0,0,0,0,0,0,0,0,0,0,0,0,0,0,0,0,0,0,0,0,0,0,0,0,0,0,0,0,0,0,0,0,0,0,0,0,0,0,0,0,0,0,0,0,0,0,0,0,0,0,0,0,0,0,0,0,0,0,0,0,0,0,0,0,0,10,0,0,0,0,0,0,0,0,0,0,0,0,0,0,0,0,0,0,0,0,0,0,0,0,0,0,0,0,0,0,0,0,0,0,0,0,0,0,0,0,0,0,0,0,0,0,0,0,0,0,0,0,0,0,0,0,0,0,0,0,0,0,0,0,0,0,0,0,0,0,0,0,0,0,0,0,0,0,0,0,60,0,0,0,0,0,0,0,0,0,0,0,0,0,0,0,0,0,0,0,0,0,0,0,0,1,0,0,0,0,0,0,0,0,0,0,1,0,0,0,0,0,0,0,0,0,0,0,2,0,0,0,0,0,0,0,0,0,0,0,0,0,0,0,0,0,0,0,0,0,0,0,128,0,0,0,0,0,912,0,0,0,0,0,0,0,0,0,0,0,0,0,0,0,0,0,0,0,0,0,0,0,0,0,0,0,0,0,0,0,0,0,0,0,0,0,0,0,0,0,0,0,0,0,0,0,0,0,0,0,0,0,0,0,0,0,0,0,0,0,0,0,0,0,0,0,0,0,0,0,0,0,0,0,0,0,0,0,0,0,0,0,0,0,0,0,0,0,0,0,0,0,0,0,0,0,0,0
,Sal Qty,0,0,0,0,0,0,0,0,0,0,0,0,0,0,0,0,0,2,0,0,0,0,0,0,0,0,0,0,0,0,0,0,0,0,0,0,0,0,0,0,0,0,0,0,0,0,0,0,0,0,0,0,0,0,0,0,0,0,0,0,0,0,0,0,0,0,0,0,0,0,0,0,22,2,4,0,9,0,0,0,0,0,0,0,0,0,0,0,0,0,0,0,0,0,0,0,0,0,0,0,0,0,0,0,0,0,0,0,0,0,0,0,0,0,0,0,0,0,0,0,0,0,0,0,0,0,0,0,0,29,14,9,11,0,10,0,0,0,0,0,0,0,0,0,0,0,0,0,0,0,0,0,0,0,0,0,0,0,0,1,0,0,0,1,0,0,0,0,0,0,0,0,0,0,0,0,0,0,0,0,0,0,0,0,0,0,0,0,0,0,0,0,0,0,0,0,0,0,0,0,0,0,0,0,0,0,0,0,0,0,0,0,0,0,0,0,0,0,0,0,0,0,0,0,0,0,0,0,0,0,0,0,0,8,8,0,8,0,0,0,0,0,0,0,0,0,0,0,0,0,0,0,0,0,0,0,0,0,0,0,0,0,0,1,0,0,0,0,0,0,0,0,0,0,0,0,9,9,9,11,9,0,0,0,0,0,0,0,0,0,0,0,0,0,0,0,0,0,0,0,0,0,0,0,0,0,0,0,0,0,0,0,0,0,0,0,0,0,0,0,0,4,0,0,0,0,0,0,0,0,0,0,0,0,0,0,0,0,0,0,0,0,0,0,0,0,0,0,0,0,0,0,0,0,0,0,0,0,0,0,0,0,0,0,0,0,0,0,0,0,0,0,0,0,0,0,0,0,0,0,0,0,0,0,0,0,0,0,0,0,0,0,0,0,0,0,0,0,0,0,0,0,0,0,0,0,0,0,0,0,0,0,0,0,0,0,2,0,0,0,0,0,0,0,0,0,0,0,0,0,0,0,0,0,0,0,0,0,0,0,0,3,2,6,0,0,0,0,0,0,0,0,0,0,0,0,0,0,0,0,0,0,0,0,0,0,0,0,0,0,0,0,0,3,0,0,0,1,1,1,0,0,7,0,0,7,0,0,0,0,0,0,0,1,0,0,0,0,2,0,0,0,0,0,0,0,0,2,2,0,0,0,0,0,0,0,0,0,0,0,0,0,0,0,0,0,0,0,0,0,0,0,0,0,0,0,0,0,0,0,0,0,0,0,0,0,0,0,0,0,0,0,0,0,0,0,0,0,0,0,0,0,0,0,0,0,0,0,0,0,0,0,0,0,0,0,0,0,0,0,0,0,0,0,0,0,0,0,0,0,0,0,0,0,0,0,0,0,0,0,0,0,0,0,0,0,0,0,0,0,0,0,0,0,0,0,0,0,0,0,0,0,0,0,0,0,0,0,0,0,0,0,0,0,0,0,0,0,1,0,0,0,0,0,0,0,0,0,0,0,0,0,0,2,7,1,2,1,0,0,0,0,0,0,0,0,0,0,0,0,0,0,0,0,0,0,0,0,0,0,0,0,0,0,0,0,0,0,0,0,0,0,0,0,0,0,0,0,0,0,0,0,0,0,0,0,0,0,0,0,0,0,0,5,0,0,0,0,0,0,0,0,0,0,0,0,1,0,0,0,0,0,0,0,0,3,0,0,0,0,1,1,0,0,0,0,0,0,0,0,0,1,0,0,0,0,0,0,0,0,0,0,1,0,0,0,0,0,0,0,0,0,0,0,0,0,0,0,0,0,0,0,0,0,0,0,0,0,0,0,0,0,0,8,0,0,0,0,16,0,1,0,0,25,112,0,0,0,0,0,0,0,0,0,0,0,0,0,0,0,0,0,0,0,0,0,0,0,0,0,0,0,0,0,0,0,0,0,0,0,0,0,0,0,0,0,0,0,0,0,0,0,0,0,0,0,0,0,0,0,0,0,0,0,0,0,0,0,0,0,0,0,0,0,0,0,0,0,0,0,0,0,0,0,0,0,0,0,0,0,0,0,0,0,0,0,0,0,0,0,0,0,0,0
,Bal Qty,0,0,0,14,0,0,16,0,0,0,1,0,5,0,0,0,0,3,0,0,3,2,1,0,0,0,0,0,0,0,50,0,0,0,22,0,0,0,0,0,0,0,0,0,0,0,0,0,0,0,0,0,0,2,0,2,0,0,0,0,2,0,0,0,0,0,0,0,1,0,0,0,40,79,39,4,133,0,0,25,46,16,0,25,4,0,0,0,0,0,0,0,0,0,0,0,0,0,0,0,0,0,0,0,0,0,0,0,101,9,0,0,0,0,0,0,0,1,0,4,0,0,0,0,0,0,0,0,0,139,210,67,22,2,0,7,6,1,0,3,0,0,0,0,0,0,1,0,0,0,0,0,0,0,0,5,3,4,10,12,23,16,14,26,51,31,31,5,27,0,0,0,0,0,0,0,0,0,1,1,0,4,5,0,0,0,0,0,0,0,0,0,0,37,0,13,3,0,0,0,0,0,0,0,4,0,0,0,0,0,10,3,0,15,0,0,0,0,0,0,0,0,0,0,0,0,0,0,0,0,0,0,20,19,17,0,3,6,2,4,0,4,0,0,0,1,0,2,1,0,0,0,0,0,0,0,0,0,0,15,8,10,9,20,0,0,0,0,3,5,1,0,5,0,0,0,33,46,17,5,38,0,1,0,0,0,0,0,2,0,0,0,0,4,7,0,3,0,0,0,0,0,0,0,0,0,0,0,0,0,0,0,0,12,0,0,0,0,0,1,0,8,11,0,0,1,0,0,0,0,0,0,0,0,0,0,2,0,0,0,0,6,0,0,4,0,0,0,0,0,0,0,0,0,0,0,3,0,0,0,0,0,0,0,0,0,0,0,2,0,0,0,0,0,0,0,4,0,0,0,1,0,0,5,4,0,0,4,1,0,0,0,0,0,0,2,3,5,0,0,0,0,0,2,0,2,0,0,0,0,0,0,0,5,2,2,2,0,0,0,0,0,0,0,2,2,2,0,0,1,0,0,0,0,0,2,0,7,0,0,0,13,15,4,0,0,0,0,1,0,2,9,3,4,0,0,0,0,5,3,6,2,0,0,1,0,0,4,16,15,9,21,0,18,6,0,0,26,10,37,0,0,135,71,0,97,0,2,10,9,9,0,2,13,11,2,0,0,7,0,3,4,5,0,0,0,0,4,3,0,0,0,0,0,0,1,11,3,0,3,1,2,0,0,0,0,0,0,0,1,0,0,0,0,0,0,0,0,0,0,0,1,1,2,1,1,0,2,2,0,0,0,0,0,0,5,0,1,0,0,0,5,3,3,6,0,0,0,0,0,0,4,3,1,2,0,0,0,2,4,5,3,0,4,0,0,0,0,5,2,4,14,6,12,0,1,0,0,1,0,0,14,0,0,0,0,0,0,0,4,0,0,0,0,0,0,0,0,0,0,0,5,0,0,0,0,0,0,0,0,0,3,2,1,0,0,0,2,9,0,2,0,0,0,1,10,10,13,3,2,3,1,1,14,2,9,2,35,0,4,1,5,0,0,0,0,0,1,0,0,0,0,0,0,3,0,0,0,0,0,0,0,0,0,2,0,0,0,0,0,0,0,1,0,0,0,0,0,0,0,0,0,6,0,0,0,0,0,3,3,6,4,5,72,0,10,4,3,3,0,8,0,0,6,5,0,59,0,0,0,9,2,0,6,5,39,1,0,0,23,6,11,4,0,2,0,0,10,0,0,0,0,1,0,0,2,0,0,1,1,0,0,0,0,0,6,0,0,0,0,0,1,2,0,2,1,0,0,1,0,0,2,0,0,0,0,0,0,25,0,0,0,0,45,6,0,23,7,135,0,8,60,0,87,1507,0,5,0,16,6,0,0,0,0,0,0,0,0,0,0,0,0,0,0,52,13,15,0,0,49,7,0,0,3,0,1,0,0,0,8,0,0,7,3,0,1,0,0,0,12,10,0,0,0,0,18,28,6,0,0,4,8,12,0,0,0,33,18,0,1,0,2,16,0,0,0,0,0,0,12,52,0,1,41,16,0,0,0,0,0,0,0,39,14,0,0,0,0,1,0,0,0,0,0
Jun-25,Pur Qty,0,0,0,0,0,0,0,0,0,0,0,0,0,0,0,0,0,0,0,0,0,0,0,0,0,0,0,0,0,0,0,0,0,0,0,0,0,0,0,0,0,0,0,0,0,0,0,0,0,0,0,0,0,0,0,0,0,0,0,0,0,0,0,0,0,0,0,0,0,0,0,0,0,0,0,0,0,0,0,0,0,0,0,0,0,0,0,0,0,0,0,0,0,0,0,0,0,0,0,0,0,0,0,0,0,0,0,0,0,0,0,0,0,0,0,0,0,0,0,0,0,0,0,0,0,0,0,0,0,0,0,0,0,0,2,0,0,0,0,0,0,0,0,0,0,0,0,0,0,0,0,0,0,0,0,0,0,0,0,0,0,0,0,0,0,0,0,0,0,0,0,0,0,0,0,0,0,0,0,0,0,0,0,0,0,0,0,0,0,0,0,0,0,0,0,0,0,0,0,0,0,0,0,0,0,0,0,0,0,0,0,0,0,0,0,0,0,0,0,0,0,0,0,0,0,0,0,0,0,0,0,0,0,0,0,0,0,0,0,0,0,0,0,0,0,0,0,0,0,0,0,0,0,0,0,0,0,0,0,0,0,0,0,0,0,0,0,0,0,0,0,0,0,0,0,0,0,0,0,0,0,0,0,0,0,0,0,0,0,0,0,0,0,0,0,0,0,0,0,0,0,0,0,0,0,0,0,0,0,0,0,0,0,0,0,0,0,0,0,0,0,0,0,0,0,0,0,0,0,0,0,0,0,0,0,0,0,0,0,0,0,0,0,0,0,0,0,0,0,0,0,0,0,0,0,0,0,0,0,0,0,0,0,0,0,0,0,0,0,0,0,0,0,0,0,0,0,0,0,0,0,0,0,0,0,0,0,0,0,0,0,0,0,0,0,0,0,0,0,0,0,0,0,0,0,0,0,0,0,0,0,0,0,0,0,0,0,0,0,0,0,0,0,0,0,0,0,0,0,0,0,0,0,0,0,0,0,0,0,0,0,0,0,1,0,0,0,0,0,0,0,0,0,0,0,0,0,0,0,0,0,0,0,0,0,0,0,0,0,0,0,0,0,0,0,0,0,0,0,0,0,0,0,0,0,0,0,0,0,0,0,0,0,0,0,0,0,0,0,0,0,0,0,0,0,0,0,0,0,0,0,0,0,0,0,0,0,0,0,0,0,0,0,0,0,0,0,0,0,0,0,0,0,0,0,0,0,0,0,0,0,0,0,0,0,0,0,0,0,0,0,0,0,0,0,0,0,0,0,0,0,0,0,0,0,0,0,0,0,0,0,0,0,0,0,0,0,0,0,0,0,0,0,0,0,0,0,0,0,0,0,0,0,0,0,0,0,0,0,0,0,0,0,0,0,0,0,0,0,0,0,0,0,0,0,0,0,0,0,0,0,0,0,0,0,0,0,0,0,0,0,0,0,0,0,0,0,0,0,0,0,0,0,0,0,0,0,0,0,0,0,0,0,0,0,0,0,0,0,0,0,0,0,0,0,0,0,0,0,0,0,0,0,0,0,0,0,0,0,0,0,0,0,0,0,0,0,0,0,0,0,0,0,0,0,0,0,0,0,0,0,0,0,0,0,0,0,0,0,0,0,0,0,0,0,0,0,0,0,0,0,0,0,0,0,0,0,0,0,0,0,0,0,0,0,0,0,0,0,0,0,0,0,0,0,0,0,0,0,0,0,0,0,0,0,0,0,0,0,0,0,0,0,0,0,0,0,0,0,0,0,0,0,0,0,0,0,0,0,0,0,0,0,0,0,0,0,0,0,0,0,0,0,0,0,0,0,0,0,0,0,0,0,0,0,0,0,0,0,0,0,0,0,0,0,0,0,0,0,0,0,0,0,0,0,0,0,0,0,0,0,0,0,0,0,0,0,0,0,0,0,0,0,0,0,0,0,0,0,0,0,0,0,0,0,0,0,0,0,0,0,0,0,0,0,0,0,0,0,0,0,0,0,0,0,0,0,0,0,0,0,0,0,0,0,0,0,0,0,0,0,0,0,0,0,0,0,0,0,0,0,0,0,0
,Sal Qty,0,0,0,0,0,0,0,0,0,0,0,0,0,0,0,0,0,0,0,0,0,0,0,0,0,0,0,0,0,0,0,0,0,0,0,0,0,0,0,0,0,0,0,0,0,0,0,0,0,0,0,0,0,0,0,0,0,0,0,0,0,0,0,0,0,0,0,0,0,0,0,0,15,0,3,0,7,0,0,0,0,0,0,0,0,0,0,0,0,0,0,0,0,0,0,0,0,0,0,0,0,0,0,0,0,0,0,0,0,0,0,0,0,0,0,0,0,0,0,0,0,0,0,0,0,0,0,0,0,17,1,0,0,0,1,0,0,0,0,0,0,0,0,0,0,0,0,0,0,0,0,0,0,0,0,0,0,0,1,1,0,0,0,1,0,0,0,0,2,0,0,0,0,0,0,0,0,0,0,0,0,0,0,0,0,0,0,0,0,0,0,0,0,0,0,0,0,0,0,0,0,0,0,0,0,0,0,0,0,0,0,0,0,0,0,0,0,0,0,0,0,0,0,0,0,0,0,0,0,0,0,0,0,0,0,0,0,0,0,0,0,0,0,0,0,0,0,0,0,0,0,0,0,0,0,0,0,0,0,0,0,0,0,0,0,0,0,0,0,0,1,0,0,0,0,0,1,0,0,0,3,0,0,0,0,0,0,0,0,0,0,0,0,0,0,0,0,0,0,0,0,0,0,0,0,0,0,0,0,0,0,0,0,0,0,0,0,0,0,0,0,2,0,0,0,0,0,0,0,0,0,0,0,0,0,0,0,0,0,0,0,0,0,0,0,0,0,0,0,0,0,0,0,0,0,0,0,0,0,0,0,0,0,0,0,0,0,0,0,0,0,0,0,0,0,0,0,0,0,0,0,0,0,0,0,0,0,0,0,0,0,0,0,0,0,0,0,0,0,0,0,0,0,0,0,0,0,0,0,0,0,0,0,0,0,0,0,0,0,0,0,0,0,0,0,0,0,0,0,0,0,0,0,0,0,0,0,0,0,0,0,1,0,3,0,0,0,0,0,0,0,0,0,0,0,0,0,0,0,0,0,0,0,0,0,0,0,0,0,0,0,0,0,0,0,0,0,0,0,0,0,0,5,0,0,1,0,0,0,0,0,0,0,0,1,0,0,0,1,0,0,0,0,0,0,0,0,1,2,0,0,0,0,0,0,0,0,0,0,0,0,0,0,0,0,0,0,0,0,0,0,0,0,0,0,0,0,0,0,0,0,0,0,0,0,0,0,0,0,0,0,0,0,0,0,0,0,0,0,0,0,0,0,0,0,0,0,0,0,0,0,0,0,0,0,0,0,0,0,0,0,0,0,0,0,0,0,0,0,0,0,0,0,0,0,0,0,0,0,0,0,0,0,0,0,0,0,0,0,0,0,0,0,0,0,0,0,0,0,0,0,0,0,0,0,0,0,0,0,0,0,0,0,0,0,0,0,0,0,0,2,0,0,0,0,0,0,0,0,0,0,0,0,1,0,0,0,0,0,0,0,0,0,0,0,0,0,0,0,0,0,0,0,0,0,0,0,0,0,0,0,0,0,0,1,0,0,0,0,0,0,0,0,0,0,0,0,0,0,0,0,0,0,0,0,0,0,0,0,0,0,0,0,3,0,0,0,0,0,0,0,0,0,0,0,0,0,0,0,0,0,0,0,0,0,3,0,0,0,0,0,1,0,0,0,0,0,0,0,0,0,0,0,0,0,0,0,0,0,1,0,0,0,0,0,0,0,0,0,0,0,0,0,0,0,0,0,0,1,0,0,0,0,0,0,0,0,0,0,0,0,0,0,6,0,0,0,0,0,0,0,0,0,2,0,0,0,0,0,0,0,0,0,0,0,0,0,0,0,0,0,0,0,0,0,0,0,0,0,0,0,0,0,0,0,0,0,0,0,0,0,0,0,0,0,0,0,0,0,0,0,0,0,0,0,0,0,0,0,0,0,0,0,0,0,0,0,0,0,0,0,0,0,0,0,0,0,0,0,0,0,0,0,0,0,0,0,0,0,0,0,0,0,0,0,0,0,0,0,0,0,0,0,0
,Bal Qty,0,0,0,14,0,0,16,0,0,0,1,0,5,0,0,0,0,3,0,0,3,2,1,0,0,0,0,0,0,0,50,0,0,0,22,0,0,0,0,0,0,0,0,0,0,0,0,0,0,0,0,0,0,2,0,2,0,0,0,0,2,0,0,0,0,0,0,0,1,0,0,0,25,79,36,4,126,0,0,25,46,16,0,25,4,0,0,0,0,0,0,0,0,0,0,0,0,0,0,0,0,0,0,0,0,0,0,0,101,9,0,0,0,0,0,0,0,1,0,4,0,0,0,0,0,0,0,0,0,122,209,67,22,2,1,7,6,1,0,3,0,0,0,0,0,0,1,0,0,0,0,0,0,0,0,5,3,4,9,11,23,16,14,25,51,31,31,5,25,0,0,0,0,0,0,0,0,0,1,1,0,4,5,0,0,0,0,0,0,0,0,0,0,37,0,13,3,0,0,0,0,0,0,0,4,0,0,0,0,0,10,3,0,15,0,0,0,0,0,0,0,0,0,0,0,0,0,0,0,0,0,0,20,19,17,0,3,6,2,4,0,4,0,0,0,1,0,2,1,0,0,0,0,0,0,0,0,0,0,15,8,10,9,20,0,0,0,0,3,5,0,0,5,0,0,0,32,46,17,5,35,0,1,0,0,0,0,0,2,0,0,0,0,4,7,0,3,0,0,0,0,0,0,0,0,0,0,0,0,0,0,0,0,12,0,0,0,0,0,1,0,6,11,0,0,1,0,0,0,0,0,0,0,0,0,0,2,0,0,0,0,6,0,0,4,0,0,0,0,0,0,0,0,0,0,0,3,0,0,0,0,0,0,0,0,0,0,0,2,0,0,0,0,0,0,0,4,0,0,0,1,0,0,5,4,0,0,4,1,0,0,0,0,0,0,2,3,5,0,0,0,0,0,2,0,2,0,0,0,0,0,0,0,5,2,2,2,0,0,0,0,0,0,0,2,2,2,0,0,1,0,0,0,0,0,2,0,7,0,0,0,12,15,2,0,0,0,0,1,0,2,9,3,4,0,0,0,0,5,3,6,2,0,0,1,1,0,4,16,15,9,21,0,18,6,0,0,26,10,37,0,0,130,71,0,96,0,2,10,9,9,0,2,13,10,2,0,0,6,0,3,4,5,0,0,0,0,3,1,0,0,0,0,0,0,1,11,3,0,3,1,2,0,0,0,0,0,0,0,1,0,0,0,0,0,0,0,0,0,0,0,1,1,2,1,1,0,2,2,0,0,0,0,0,0,5,0,1,0,0,0,5,3,3,6,0,0,0,0,0,0,4,3,1,2,0,0,0,2,4,5,3,0,4,0,0,0,0,5,2,4,14,6,12,0,1,0,0,1,0,0,14,0,0,0,0,0,0,0,4,0,0,0,0,0,0,0,0,0,0,0,5,0,0,0,0,0,0,0,0,0,3,2,1,0,0,0,2,9,0,0,0,0,0,1,10,10,13,3,2,3,1,1,13,2,9,2,35,0,4,1,5,0,0,0,0,0,1,0,0,0,0,0,0,3,0,0,0,0,0,0,0,0,0,1,0,0,0,0,0,0,0,1,0,0,0,0,0,0,0,0,0,6,0,0,0,0,0,3,3,6,4,5,69,0,10,4,3,3,0,8,0,0,6,5,0,59,0,0,0,9,2,0,6,5,36,1,0,0,23,6,10,4,0,2,0,0,10,0,0,0,0,1,0,0,2,0,0,1,0,0,0,0,0,0,6,0,0,0,0,0,1,2,0,2,1,0,0,0,0,0,2,0,0,0,0,0,0,25,0,0,0,0,39,6,0,23,7,135,0,8,60,0,85,1507,0,5,0,16,6,0,0,0,0,0,0,0,0,0,0,0,0,0,0,52,13,15,0,0,49,7,0,0,3,0,1,0,0,0,8,0,0,7,3,0,1,0,0,0,12,10,0,0,0,0,18,28,6,0,0,4,8,12,0,0,0,33,18,0,1,0,2,16,0,0,0,0,0,0,12,52,0,1,41,16,0,0,0,0,0,0,0,39,14,0,0,0,0,1,0,0,0,0,0